LC,OWNER,Delivery Date,Fuel's Type,Qty Fuel,Jalur,BBM IDR
#REF!,#REF!,#REF!,#REF!,#REF!,#REF!,145000
,,,,,,107000
,,,,,,110000
,,,,,,110000
,,,,,,60000
,,,,,,127000
,,,,,,150000
,,,,,,115000
,,,,,,100000
,,,,,,100000
,,,,,,100000
,,,,,,80000
,,,,,,115000
,,,,,,110000
,,,,,,143000
,,,,,,195000
,,,,,,220000
,,,,,,292500
,,,,,,240000
,,,,,,345000
,,,,,,200000
,,,,,,238000
,,,,,,90000
,,,,,,389000
,,,,,,62000
,,,,,,75000
,,,,,,50000
,,,,,,100000
,,,,,,107000
,,,,,,126000
,,,,,,120000
,,,,,,184000
,,,,,,221000
,,,,,,215000
,,,,,,280000
,,,,,,200000
,,,,,,142000
,,,,,,270000
,,,,,,255000
,,,,,,190000
,,,,,,100000
,,,,,,122000
,,,,,,137000
,,,,,,160000
,,,,,,180000
,,,,,,175000
,,,,,,140000
,,,,,,170000
,,,,,,152000
,,,,,,130000
,,,,,,100000
,,,,,,132000
,,,,,,80000
,,,,,,132000
,,,,,,69000
,,,,,,116000
,,,,,,102000
,,,,,,120000
,,,,,,95000
,,,,,,125000
,,,,,,50000
,,,,,,325000
,,,,,,90000
,,,,,,213000
,,,,,,88000
,,,,,,130000
,,,,,,100000
,,,,,,122000
,,,,,,112000
,,,,,,140000
,,,,,,75000
,,,,,,82000
,,,,,,160000
,,,,,,118000
,,,,,,104000
,,,,,,80000
,,,,,,125000
,,,,,,50000
,,,,,,56000
,,,,,,92000
,,,,,,108000
,,,,,,85000
,,,,,,108000
,,,,,,65000
,,,,,,72000
,,,,,,67000
,,,,,,135000
,,,,,,92000
,,,,,,73000
,,,,,,159000
,,,,,,105000
,,,,,,113000
,,,,,,79000
,,,,,,90000
,,,,,,175000
,,,,,,171000
,,,,,,120000
,,,,,,150000
,,,,,,74000
,,,,,,127500
,,,,,,100000
,,,,,,120000
,,,,,,130000
,,,,,,85000
,,,,,,64000
,,,,,,85000
,,,,,,80000
,,,,,,173000
,,,,,,160000
,,,,,,200000
,,,,,,90000
,,,,,,110000
,,,,,,130000
,,,,,,120000
,,,,,,107000
,,,,,,130000
,,,,,,150000
,,,,,,122000
,,,,,,113000
,,,,,,140000
,,,,,,98000
,,,,,,98000
,,,,,,90000
,,,,,,157000
,,,,,,200000
,,,,,,80000
,,,,,,80000
,,,,,,86000
,,,,,,78000
,,,,,,90000
,,,,,,125000
,,,,,,80000
,,,,,,110000
,,,,,,66000
,,,,,,75000
,,,,,,42000
,,,,,,75000
,,,,,,480000
,,,,,,288000
,,,,,,215000
,,,,,,100000
,,,,,,295000
,,,,,,266000
,,,,,,260000
,,,,,,172000
,,,,,,98000
,,,,,,160000
,,,,,,170000
,,,,,,137000
,,,,,,90000
,,,,,,163000
,,,,,,122000
,,,,,,139000
,,,,,,115000
,,,,,,100000
,,,,,,100000
,,,,,,150000
,,,,,,160000
,,,,,,75000
,,,,,,110000
,,,,,,390000
,,,,,,65000
,,,,,,80000
,,,,,,180000
,,,,,,110000
,,,,,,267000
,,,,,,285000
,,,,,,118000
,,,,,,95000
,,,,,,151000
,,,,,,95000
,,,,,,80000
,,,,,,75000
,,,,,,80000
,,,,,,110000
,,,,,,59000
,,,,,,160000
,,,,,,250000
,,,,,,109000
,,,,,,240000
,,,,,,213000
,,,,,,161500
,,,,,,82000
,,,,,,70000
,,,,,,50000
,,,,,,150000
,,,,,,120000
,,,,,,160000
,,,,,,152000
,,,,,,110000
,,,,,,98000
,,,,,,145000
,,,,,,131000
,,,,,,100000
,,,,,,150000
,,,,,,75000
,,,,,,236000
,,,,,,105000
,,,,,,135000
,,,,,,115000
,,,,,,130000
,,,,,,170000
,,,,,,141000
,,,,,,90000
,,,,,,145000
,,,,,,100000
,,,,,,145000
,,,,,,88000
,,,,,,90000
,,,,,,97000
,,,,,,95000
,,,,,,130000
,,,,,,110000
,,,,,,105000
,,,,,,85000
,,,,,,135000
,,,,,,100000
,,,,,,255000
,,,,,,250000
,,,,,,124000
,,,,,,185000
,,,,,,139000
,,,,,,150000
,,,,,,78000
,,,,,,106000
,,,,,,110000
,,,,,,85000
,,,,,,126000
,,,,,,80000
,,,,,,87000
,,,,,,120000
,,,,,,170000
,,,,,,330000
,,,,,,128000
,,,,,,456000
,,,,,,110000
,,,,,,160000
,,,,,,110000
,,,,,,129000
,,,,,,125000
,,,,,,90000
,,,,,,180000
,,,,,,197000
,,,,,,153000
,,,,,,188500
,,,,,,116000
,,,,,,120000
,,,,,,98000
,,,,,,88000
,,,,,,105000
,,,,,,230000
,,,,,,243000
,,,,,,174000
,,,,,,233000
,,,,,,150000
,,,,,,163000
,,,,,,130000
,,,,,,160000
,,,,,,130000
,,,,,,100000
,,,,,,124000
,,,,,,105000
,,,,,,165000
,,,,,,130000
,,,,,,140000
,,,,,,130000
,,,,,,120000
,,,,,,182000
,,,,,,110000
,,,,,,100000
,,,,,,133000
,,,,,,90000
,,,,,,143000
,,,,,,100000
,,,,,,103500
,,,,,,64000
,,,,,,80000
,,,,,,77000
,,,,,,80000
,,,,,,205000
,,,,,,75000
,,,,,,94500
,,,,,,75000
,,,,,,65000
,,,,,,99000
,,,,,,426000
,,,,,,225000
,,,,,,212000
,,,,,,130000
,,,,,,120500
,,,,,,140000
,,,,,,116000
,,,,,,110000
,,,,,,76000
,,,,,,150000
,,,,,,130000
,,,,,,130000
,,,,,,93000
,,,,,,140000
,,,,,,140000
,,,,,,120000
,,,,,,70000
,,,,,,134000
,,,,,,95000
,,,,,,100000
,,,,,,95000
,,,,,,110000
,,,,,,140000
,,,,,,335000
,,,,,,145500
,,,,,,220000
,,,,,,140000
,,,,,,150000
,,,,,,146000
,,,,,,87000
,,,,,,99000
,,,,,,94000
,,,,,,100000
,,,,,,64000
,,,,,,126000
,,,,,,108000
,,,,,,62000
,,,,,,95000
,,,,,,137500
,,,,,,95000
,,,,,,77000
,,,,,,75000
,,,,,,136000
,,,,,,60000
,,,,,,80000
,,,,,,140000
,,,,,,92000
,,,,,,135000
,,,,,,173000
,,,,,,381500
,,,,,,135000
,,,,,,93000
,,,,,,100000
,,,,,,135000
,,,,,,95000
,,,,,,38000
,,,,,,165000
,,,,,,90000
,,,,,,105000
,,,,,,95000
,,,,,,125000
,,,,,,100000
,,,,,,300000
,,,,,,131000
,,,,,,102000
,,,,,,80000
,,,,,,196000
,,,,,,218000
,,,,,,115000
,,,,,,390000
,,,,,,267000
,,,,,,410000
,,,,,,250000
,,,,,,136000
,,,,,,95000
,,,,,,200000
,,,,,,179000
,,,,,,100000
,,,,,,96500
,,,,,,112000
,,,,,,139000
,,,,,,202000
,,,,,,357000
,,,,,,144000
,,,,,,78000
,,,,,,100000
,,,,,,60000
,,,,,,120000
,,,,,,60000
,,,,,,95000
,,,,,,60000
,,,,,,114000
,,,,,,81000
,,,,,,97000
,,,,,,78000
,,,,,,120000
,,,,,,88000
,,,,,,70000
,,,,,,100000
,,,,,,115000
,,,,,,195000
,,,,,,267000
,,,,,,287000
,,,,,,242000
,,,,,,126000
,,,,,,120000
,,,,,,85000
,,,,,,89000
,,,,,,140000
,,,,,,114500
,,,,,,125000
,,,,,,112000
,,,,,,90000
,,,,,,109000
,,,,,,215000
,,,,,,130000
,,,,,,151000
,,,,,,140000
,,,,,,88000
,,,,,,198000
,,,,,,161000
,,,,,,105000
,,,,,,76000
,,,,,,150000
,,,,,,145000
,,,,,,115000
,,,,,,103000
,,,,,,55000
,,,,,,50000
,,,,,,105000
,,,,,,107000
,,,,,,115000
,,,,,,250000
,,,,,,194000
,,,,,,62000
,,,,,,83000
,,,,,,137000
,,,,,,200000
,,,,,,94000
,,,,,,60000
,,,,,,80000
,,,,,,80000
,,,,,,98000
,,,,,,102000
,,,,,,70000
,,,,,,116000
,,,,,,1199000
,,,,,,239000
,,,,,,207000
,,,,,,408000
,,,,,,325000
,,,,,,135000
,,,,,,140000
,,,,,,700000
,,,,,,130000
,,,,,,112000
,,,,,,148000
,,,,,,120000
,,,,,,140000
,,,,,,75000
,,,,,,100000
,,,,,,133000
,,,,,,225000
,,,,,,272000
,,,,,,170000
,,,,,,160000
,,,,,,83000
,,,,,,68000
,,,,,,125000
,,,,,,110000
,,,,,,100000
,,,,,,140000
,,,,,,115000
,,,,,,115000
,,,,,,120000
,,,,,,80000
,,,,,,70000
,,,,,,95000
,,,,,,75000
,,,,,,103000
,,,,,,85000
,,,,,,119000
,,,,,,67000
,,,,,,69000
,,,,,,54000
,,,,,,92500
,,,,,,97000
,,,,,,65000
,,,,,,100000
,,,,,,86000
,,,,,,85000
,,,,,,120000
,,,,,,100000
,,,,,,150000
,,,,,,450000
,,,,,,499000
,,,,,,184000
,,,,,,247000
,,,,,,145000
,,,,,,210000
,,,,,,195000
,,,,,,110000
,,,,,,150000
,,,,,,100000
,,,,,,108000
,,,,,,133000
,,,,,,215000
,,,,,,215000
,,,,,,170000
,,,,,,220000
,,,,,,139000
,,,,,,126000
,,,,,,118000
,,,,,,160000
,,,,,,309000
,,,,,,80000
,,,,,,190000
,,,,,,100000
,,,,,,110000
,,,,,,139000
,,,,,,110000
,,,,,,120000
,,,,,,80000
,,,,,,112500
,,,,,,75000
,,,,,,70000
,,,,,,97000
,,,,,,80000
,,,,,,45800
,,,,,,217000
,,,,,,297000
,,,,,,215000
,,,,,,112000
,,,,,,150000
,,,,,,130000
,,,,,,128000
,,,,,,120000
,,,,,,105000
,,,,,,110000
,,,,,,101000
,,,,,,141000
,,,,,,156000
,,,,,,123000
,,,,,,133000
,,,,,,100000
,,,,,,150000
,,,,,,100500
,,,,,,125000
,,,,,,140000
,,,,,,99000
,,,,,,145000
,,,,,,99500
,,,,,,70000
,,,,,,83000
,,,,,,160000
,,,,,,125000
,,,,,,140000
,,,,,,100000
,,,,,,130000
,,,,,,159000
,,,,,,200000
,,,,,,90000
,,,,,,115000
,,,,,,115000
,,,,,,108000
,,,,,,85000
,,,,,,101000
,,,,,,220000
,,,,,,75000
,,,,,,131000
,,,,,,78000
,,,,,,75000
,,,,,,160000
,,,,,,85000
,,,,,,100000
,,,,,,62000
,,,,,,133000
,,,,,,101500
,,,,,,50000
,,,,,,355000
,,,,,,200000
,,,,,,170000
,,,,,,208000
,,,,,,356500
,,,,,,98000
,,,,,,170000
,,,,,,100000
,,,,,,80000
,,,,,,60000
,,,,,,150000
,,,,,,237000
,,,,,,122000
,,,,,,183000
,,,,,,124000
,,,,,,105000
,,,,,,124000
,,,,,,220000
,,,,,,208500
,,,,,,170000
,,,,,,152000
,,,,,,200000
,,,,,,155000
,,,,,,168000
,,,,,,126000
,,,,,,130000
,,,,,,196000
,,,,,,135000
,,,,,,139000
,,,,,,100000
,,,,,,94000
,,,,,,50000
,,,,,,90000
,,,,,,275000
,,,,,,165000
,,,,,,128000
,,,,,,132000
,,,,,,98000
,,,,,,100000
,,,,,,145000
,,,,,,160000
,,,,,,83000
,,,,,,100000
,,,,,,75000
,,,,,,86000
,,,,,,102000
,,,,,,70000
,,,,,,86000
,,,,,,140000
,,,,,,79000
,,,,,,83000
,,,,,,73000
,,,,,,92000
,,,,,,100000
,,,,,,570000
,,,,,,466000
,,,,,,400000
,,,,,,195000
,,,,,,120000
,,,,,,190000
,,,,,,112500
,,,,,,60000
,,,,,,220000
,,,,,,133000
,,,,,,154000
,,,,,,170000
,,,,,,135000
,,,,,,80000
,,,,,,20000
,,,,,,65000
,,,,,,131000
,,,,,,102000
,,,,,,95000
,,,,,,140000
,,,,,,100000
,,,,,,115000
,,,,,,75000
,,,,,,90000
,,,,,,80000
,,,,,,80000
,,,,,,172000
,,,,,,100000
,,,,,,107000
,,,,,,130000
,,,,,,220000
,,,,,,105000
,,,,,,75000
,,,,,,65000
,,,,,,91000
,,,,,,105000
,,,,,,100000
,,,,,,81000
,,,,,,68000
,,,,,,212000
,,,,,,109000
,,,,,,153000
,,,,,,90000
,,,,,,65000
,,,,,,65000
,,,,,,65000
,,,,,,295000
,,,,,,216000
,,,,,,470000
,,,,,,132000
,,,,,,225000
,,,,,,127000
,,,,,,113000
,,,,,,255000
,,,,,,115000
,,,,,,145000
,,,,,,124000
,,,,,,125000
,,,,,,162000
,,,,,,115000
,,,,,,86500
,,,,,,195000
,,,,,,120000
,,,,,,290000
,,,,,,295000
,,,,,,310000
,,,,,,70000
,,,,,,214000
,,,,,,140000
,,,,,,220000
,,,,,,102000
,,,,,,119000
,,,,,,120000
,,,,,,110000
,,,,,,100000
,,,,,,100000
,,,,,,110000
,,,,,,100000
,,,,,,123000
,,,,,,70000
,,,,,,85000
,,,,,,127000
,,,,,,110000
,,,,,,110000
,,,,,,125000
,,,,,,100000
,,,,,,80500
,,,,,,88000
,,,,,,115000
,,,,,,135000
,,,,,,115000
,,,,,,90000
,,,,,,83000
,,,,,,65000
,,,,,,90000
,,,,,,120000
,,,,,,70000
,,,,,,75000
,,,,,,80000
,,,,,,70000
,,,,,,98000
,,,,,,76000
,,,,,,1169000
,,,,,,445000
,,,,,,205000
,,,,,,65000
,,,,,,68000
,,,,,,95000
,,,,,,88000
,,,,,,120000
,,,,,,125000
,,,,,,112000
,,,,,,74000
,,,,,,220000
,,,,,,100000
,,,,,,140000
,,,,,,138000
,,,,,,72000
,,,,,,88000
,,,,,,125000
,,,,,,105000
,,,,,,75000
,,,,,,90000
,,,,,,60000
,,,,,,70000
,,,,,,120000
,,,,,,75000
,,,,,,62000
,,,,,,80000
,,,,,,107000
,,,,,,80000
,,,,,,48000
,,,,,,60000
,,,,,,49000
,,,,,,112000
,,,,,,86000
,,,,,,476000
,,,,,,185000
,,,,,,298000
,,,,,,295000
,,,,,,159000
,,,,,,55000
,,,,,,110000
,,,,,,148000
,,,,,,123000
,,,,,,50000
,,,,,,65000
,,,,,,154000
,,,,,,115000
,,,,,,119500
,,,,,,118000
,,,,,,85000
,,,,,,85000
,,,,,,105500
,,,,,,125000
,,,,,,65000
,,,,,,95000
,,,,,,146000
,,,,,,142000
,,,,,,80000
,,,,,,95000
,,,,,,200000
,,,,,,176000
,,,,,,163000
,,,,,,80000
,,,,,,75000
,,,,,,50000
,,,,,,77000
,,,,,,60000
,,,,,,36000
,,,,,,105000
,,,,,,52000
,,,,,,80000
,,,,,,180000
,,,,,,500000
,,,,,,474000
,,,,,,162000
,,,,,,150000
,,,,,,160000
,,,,,,128000
,,,,,,130000
,,,,,,210000
,,,,,,180000
,,,,,,115000
,,,,,,99000
,,,,,,135000
,,,,,,75000
,,,,,,138000
,,,,,,150000
,,,,,,111000
,,,,,,102000
,,,,,,385000
,,,,,,240000
,,,,,,320000
,,,,,,292000
,,,,,,145000
,,,,,,135000
,,,,,,92000
,,,,,,173000
,,,,,,133000
,,,,,,185000
,,,,,,97000
,,,,,,140000
,,,,,,130000
,,,,,,130000
,,,,,,85000
,,,,,,90000
,,,,,,160000
,,,,,,80000
,,,,,,110000
,,,,,,132000
,,,,,,73000
,,,,,,100000
,,,,,,77000
,,,,,,200000
,,,,,,210000
,,,,,,110000
,,,,,,97000
,,,,,,162000
,,,,,,54000
,,,,,,111000
,,,,,,123000
,,,,,,145000
,,,,,,120000
,,,,,,105000
,,,,,,196000
,,,,,,89000
,,,,,,134000
,,,,,,148000
,,,,,,112000
,,,,,,110020
,,,,,,81000
,,,,,,90000
,,,,,,50000
,,,,,,115000
,,,,,,115000
,,,,,,120000
,,,,,,155000
,,,,,,95000
,,,,,,66000
,,,,,,114500
,,,,,,90000
,,,,,,160000
,,,,,,105000
,,,,,,115000
,,,,,,65000
,,,,,,90000
,,,,,,101000
,,,,,,67000
,,,,,,165000
,,,,,,96000
,,,,,,105000
,,,,,,100000
,,,,,,88000
,,,,,,160000
,,,,,,160000
,,,,,,125000
,,,,,,100000
,,,,,,50000
,,,,,,97000
,,,,,,51000
,,,,,,54000
,,,,,,250000
,,,,,,70000
,,,,,,81000
,,,,,,80000
,,,,,,90000
,,,,,,80000
,,,,,,212500
,,,,,,355000
,,,,,,94000
,,,,,,87000
,,,,,,100000
,,,,,,90000
,,,,,,108500
,,,,,,118000
,,,,,,101000
,,,,,,176000
,,,,,,126000
,,,,,,95000
,,,,,,86000
,,,,,,265500
,,,,,,150000
,,,,,,86000
,,,,,,104000
,,,,,,125000
,,,,,,143000
,,,,,,170000
,,,,,,90000
,,,,,,135000
,,,,,,122000
,,,,,,145000
,,,,,,116000
,,,,,,90000
,,,,,,114500
,,,,,,90000
,,,,,,75000
,,,,,,167000
,,,,,,200000
,,,,,,105000
,,,,,,130000
,,,,,,140000
,,,,,,115000
,,,,,,115000
,,,,,,73000
,,,,,,73000
,,,,,,90000
,,,,,,72000
,,,,,,147000
,,,,,,100000
,,,,,,99000
,,,,,,54000
,,,,,,127000
,,,,,,85000
,,,,,,111000
,,,,,,90000
,,,,,,1180000
,,,,,,351000
,,,,,,125000
,,,,,,184000
,,,,,,130000
,,,,,,120000
,,,,,,345000
,,,,,,142000
,,,,,,90000
,,,,,,100000
,,,,,,100500
,,,,,,141000
,,,,,,95000
,,,,,,100000
,,,,,,125000
,,,,,,105000
,,,,,,77000
,,,,,,297000
,,,,,,223000
,,,,,,115000
,,,,,,220000
,,,,,,107000
,,,,,,106000
,,,,,,81000
,,,,,,120000
,,,,,,100000
,,,,,,90000
,,,,,,100000
,,,,,,150000
,,,,,,80000
,,,,,,80000
,,,,,,96000
,,,,,,130000
,,,,,,100000
,,,,,,110000
,,,,,,120000
,,,,,,88000
,,,,,,130000
,,,,,,80000
,,,,,,55000
,,,,,,75000
,,,,,,141000
,,,,,,104000
,,,,,,112000
,,,,,,40000
,,,,,,135000
,,,,,,90000
,,,,,,69000
,,,,,,70000
,,,,,,390000
,,,,,,125000
,,,,,,105000
,,,,,,190000
,,,,,,135000
,,,,,,120000
,,,,,,109000
,,,,,,115000
,,,,,,130000
,,,,,,110000
,,,,,,70000
,,,,,,90000
,,,,,,155000
,,,,,,265000
,,,,,,250000
,,,,,,310000
,,,,,,90000
,,,,,,160000
,,,,,,110000
,,,,,,88000
,,,,,,170000
,,,,,,80000
,,,,,,75000
,,,,,,110000
,,,,,,110000
,,,,,,95000
,,,,,,85000
,,,,,,110000
,,,,,,55000
,,,,,,60000
,,,,,,70000
,,,,,,123000
,,,,,,85000
,,,,,,110000
,,,,,,120000
,,,,,,92000
,,,,,,160000
,,,,,,80000
,,,,,,109000
,,,,,,107000
,,,,,,100000
,,,,,,70000
,,,,,,118000
,,,,,,90000
,,,,,,94000
,,,,,,95000
,,,,,,110000
,,,,,,73000
,,,,,,65000
,,,,,,138000
,,,,,,91000
,,,,,,90000
,,,,,,112000
,,,,,,70000
,,,,,,322000
,,,,,,426000
,,,,,,150000
,,,,,,122000
,,,,,,134000
,,,,,,100000
,,,,,,155000
,,,,,,150000
,,,,,,186500
,,,,,,110000
,,,,,,179000
,,,,,,88000
,,,,,,240000
,,,,,,110000
,,,,,,153000
,,,,,,105000
,,,,,,125000
,,,,,,155000
,,,,,,91000
,,,,,,110000
,,,,,,110000
,,,,,,135000
,,,,,,120000
,,,,,,95000
,,,,,,100000
,,,,,,160000
,,,,,,120000
,,,,,,129000
,,,,,,90000
,,,,,,120000
,,,,,,110000
,,,,,,85000
,,,,,,40000
,,,,,,120000
,,,,,,60000
,,,,,,99500
,,,,,,70000
,,,,,,60000
,,,,,,159000
,,,,,,100000
,,,,,,61000
,,,,,,85000
,,,,,,158000
,,,,,,115000
,,,,,,148000
,,,,,,92000
,,,,,,90000
,,,,,,100000
,,,,,,335000
,,,,,,310000
,,,,,,240000
,,,,,,328000
,,,,,,240000
,,,,,,135000
,,,,,,150000
,,,,,,405000
,,,,,,100000
,,,,,,110000
,,,,,,123000
,,,,,,70000
,,,,,,99000
,,,,,,180000
,,,,,,105000
,,,,,,152000
,,,,,,95000
,,,,,,80000
,,,,,,50000
,,,,,,130000
,,,,,,100000
,,,,,,88000
,,,,,,103000
,,,,,,63000
,,,,,,130000
,,,,,,95000
,,,,,,92000
,,,,,,100000
,,,,,,147000
,,,,,,200000
,,,,,,143000
,,,,,,105000
,,,,,,87000
,,,,,,35000
,,,,,,53000
,,,,,,69000
,,,,,,80000
,,,,,,93000
,,,,,,70000
,,,,,,150000
,,,,,,75000
,,,,,,80000
,,,,,,91000
,,,,,,483000
,,,,,,400000
,,,,,,185000
,,,,,,230000
,,,,,,155000
,,,,,,268000
,,,,,,68000
,,,,,,130000
,,,,,,80000
,,,,,,130000
,,,,,,196000
,,,,,,115000
,,,,,,145000
,,,,,,140000
,,,,,,72000
,,,,,,121000
,,,,,,70000
,,,,,,120000
,,,,,,95000
,,,,,,120000
,,,,,,102000
,,,,,,220000
,,,,,,232000
,,,,,,381000
,,,,,,261000
,,,,,,92000
,,,,,,95000
,,,,,,60000
,,,,,,70000
,,,,,,324000
,,,,,,112000
,,,,,,109000
,,,,,,243000
,,,,,,108000
,,,,,,117000
,,,,,,95000
,,,,,,134000
,,,,,,175000
,,,,,,110000
,,,,,,185000
,,,,,,191000
,,,,,,65000
,,,,,,85000
,,,,,,105000
,,,,,,108000
,,,,,,150000
,,,,,,115000
,,,,,,124000
,,,,,,92000
,,,,,,125000
,,,,,,110000
,,,,,,140000
,,,,,,90000
,,,,,,205000
,,,,,,129000
,,,,,,45000
,,,,,,111500
,,,,,,110000
,,,,,,99000
,,,,,,140000
,,,,,,72000
,,,,,,100000
,,,,,,88000
,,,,,,100000
,,,,,,106000
,,,,,,129500
,,,,,,130000
,,,,,,85000
,,,,,,50000
,,,,,,85000
,,,,,,60000
,,,,,,130000
,,,,,,110000
,,,,,,85000
,,,,,,147000
,,,,,,60000
,,,,,,47000
,,,,,,102000
,,,,,,106000
,,,,,,80000
,,,,,,80000
,,,,,,60000
,,,,,,60000
,,,,,,70000
,,,,,,70000
,,,,,,76000
,,,,,,315000
,,,,,,225000
,,,,,,475000
,,,,,,190000
,,,,,,210000
,,,,,,500000
,,,,,,320000
,,,,,,222000
,,,,,,150000
,,,,,,222000
,,,,,,155000
,,,,,,80000
,,,,,,142000
,,,,,,100000
,,,,,,90000
,,,,,,110000
,,,,,,80000
,,,,,,201000
,,,,,,185000
,,,,,,144000
,,,,,,170000
,,,,,,90000
,,,,,,152000
,,,,,,70000
,,,,,,100000
,,,,,,56000
,,,,,,150000
,,,,,,118000
,,,,,,100000
,,,,,,135000
,,,,,,95000
,,,,,,67000
,,,,,,90000
,,,,,,90500
,,,,,,180000
,,,,,,125000
,,,,,,110000
,,,,,,120000
,,,,,,69000
,,,,,,114000
,,,,,,130000
,,,,,,100000
,,,,,,115000
,,,,,,135000
,,,,,,75000
,,,,,,67000
,,,,,,125000
,,,,,,76000
,,,,,,95000
,,,,,,90000
,,,,,,86000
,,,,,,90000
,,,,,,70000
,,,,,,63000
,,,,,,325000
,,,,,,443000
,,,,,,145000
,,,,,,495000
,,,,,,98000
,,,,,,50000
,,,,,,150000
,,,,,,64000
,,,,,,75000
,,,,,,135000
,,,,,,147000
,,,,,,109000
,,,,,,150000
,,,,,,230000
,,,,,,100000
,,,,,,123000
,,,,,,160000
,,,,,,140000
,,,,,,60000
,,,,,,63000
,,,,,,130000
,,,,,,120000
,,,,,,115000
,,,,,,100000
,,,,,,70000
,,,,,,70000
,,,,,,105000
,,,,,,60000
,,,,,,145000
,,,,,,13000
,,,,,,61000
,,,,,,92000
,,,,,,91000
,,,,,,100000
,,,,,,97000
,,,,,,88000
,,,,,,72000
,,,,,,59000
,,,,,,80000
,,,,,,75000
,,,,,,55000
,,,,,,100000
,,,,,,75000
,,,,,,212000
,,,,,,78000
,,,,,,150000
,,,,,,80000
,,,,,,100000
,,,,,,75000
,,,,,,100000
,,,,,,315000
,,,,,,190000
,,,,,,123000
,,,,,,85000
,,,,,,110000
,,,,,,97000
,,,,,,265000
,,,,,,360000
,,,,,,115000
,,,,,,87000
,,,,,,80000
,,,,,,150000
,,,,,,100000
,,,,,,84000
,,,,,,111000
,,,,,,80000
,,,,,,80000
,,,,,,109000
,,,,,,62000
,,,,,,75000
,,,,,,116000
,,,,,,125000
,,,,,,100000
,,,,,,62500
,,,,,,127000
,,,,,,123000
,,,,,,112000
,,,,,,110000
,,,,,,93000
,,,,,,113000
,,,,,,103000
,,,,,,64000
,,,,,,81000
,,,,,,82000
,,,,,,75000
,,,,,,80000
,,,,,,140000
,,,,,,130000
,,,,,,78000
,,,,,,60000
,,,,,,68000
,,,,,,95000
,,,,,,22000
,,,,,,102000
,,,,,,64000
,,,,,,60000
,,,,,,530000
,,,,,,227000
,,,,,,192000
,,,,,,280000
,,,,,,189000
,,,,,,147000
,,,,,,105000
,,,,,,107000
,,,,,,70000
,,,,,,130000
,,,,,,90000
,,,,,,74000
,,,,,,220000
,,,,,,120000
,,,,,,180000
,,,,,,225000
,,,,,,70000
,,,,,,158000
,,,,,,115000
,,,,,,119000
,,,,,,60000
,,,,,,172000
,,,,,,90000
,,,,,,70000
,,,,,,130000
,,,,,,125000
,,,,,,156000
,,,,,,135000
,,,,,,112000
,,,,,,97000
,,,,,,55000
,,,,,,66000
,,,,,,80000
,,,,,,35000
,,,,,,150000
,,,,,,97000
,,,,,,135000
,,,,,,120000
,,,,,,120000
,,,,,,90000
,,,,,,203000
,,,,,,93000
,,,,,,70000
,,,,,,92000
,,,,,,92000
,,,,,,117000
,,,,,,100000
,,,,,,78000
,,,,,,160000
,,,,,,111000
,,,,,,55000
,,,,,,85000
,,,,,,125000
,,,,,,453000
,,,,,,220000
,,,,,,125000
,,,,,,150000
,,,,,,100000
,,,,,,110000
,,,,,,90000
,,,,,,105000
,,,,,,88000
,,,,,,130000
,,,,,,102000
,,,,,,120000
,,,,,,110000
,,,,,,100000
,,,,,,190000
,,,,,,85000
,,,,,,180000
,,,,,,150000
,,,,,,125000
,,,,,,70000
,,,,,,100000
,,,,,,70000
,,,,,,80000
,,,,,,80000
,,,,,,80000
,,,,,,111000
,,,,,,75000
,,,,,,100000
,,,,,,100000
,,,,,,95000
,,,,,,125000
,,,,,,95000
,,,,,,100000
,,,,,,105000
,,,,,,100000
,,,,,,76000
,,,,,,115000
,,,,,,110000
,,,,,,80000
,,,,,,83000
,,,,,,95000
,,,,,,148000
,,,,,,145000
,,,,,,57000
,,,,,,67000
,,,,,,19000
,,,,,,489000
,,,,,,455000
,,,,,,317000
,,,,,,224000
,,,,,,320000
,,,,,,384000
,,,,,,97000
,,,,,,100000
,,,,,,295000
,,,,,,226000
,,,,,,215000
,,,,,,256000
,,,,,,110000
,,,,,,160000
,,,,,,98000
,,,,,,200000
,,,,,,95000
,,,,,,270000
,,,,,,150000
,,,,,,140000
,,,,,,155000
,,,,,,90000
,,,,,,65000
,,,,,,102000
,,,,,,123000
,,,,,,300000
,,,,,,161000
,,,,,,100000
,,,,,,85000
,,,,,,100000
,,,,,,58500
,,,,,,118000
,,,,,,100000
,,,,,,327000
,,,,,,234000
,,,,,,100000
,,,,,,73000
,,,,,,75000
,,,,,,73000
,,,,,,175000
,,,,,,110000
,,,,,,90000
,,,,,,81000
,,,,,,83000
,,,,,,240000
,,,,,,144000
,,,,,,140000
,,,,,,108000
,,,,,,195000
,,,,,,105000
,,,,,,130000
,,,,,,144000
,,,,,,135000
,,,,,,170000
,,,,,,90000
,,,,,,85000
,,,,,,135000
,,,,,,96000
,,,,,,130000
,,,,,,125000
,,,,,,110000
,,,,,,116000
,,,,,,85000
,,,,,,100000
,,,,,,111000
,,,,,,110000
,,,,,,116000
,,,,,,80000
,,,,,,120000
,,,,,,115000
,,,,,,125000
,,,,,,98000
,,,,,,165000
,,,,,,151000
,,,,,,75000
,,,,,,72000
,,,,,,79000
,,,,,,80000
,,,,,,43000
,,,,,,103000
,,,,,,90000
,,,,,,86000
,,,,,,95000
,,,,,,85000
,,,,,,80000
,,,,,,80000
,,,,,,93000
,,,,,,50000
,,,,,,270000
,,,,,,245000
,,,,,,90000
,,,,,,270000
,,,,,,112000
,,,,,,105000
,,,,,,70000
,,,,,,105000
,,,,,,94000
,,,,,,120000
,,,,,,112000
,,,,,,112000
,,,,,,289000
,,,,,,240000
,,,,,,100000
,,,,,,135000
,,,,,,98000
,,,,,,137000
,,,,,,122000
,,,,,,112000
,,,,,,50000
,,,,,,73000
,,,,,,245000
,,,,,,200000
,,,,,,103500
,,,,,,265000
,,,,,,90000
,,,,,,80000
,,,,,,120000
,,,,,,110000
,,,,,,128000
,,,,,,120000
,,,,,,100000
,,,,,,117000
,,,,,,157000
,,,,,,100000
,,,,,,115000
,,,,,,188000
,,,,,,100000
,,,,,,116500
,,,,,,170000
,,,,,,130000
,,,,,,73000
,,,,,,112000
,,,,,,108000
,,,,,,66000
,,,,,,57000
,,,,,,61000
,,,,,,92000
,,,,,,211000
,,,,,,92000
,,,,,,77000
,,,,,,85000
,,,,,,50000
,,,,,,467000
,,,,,,1173500
,,,,,,300000
,,,,,,189000
,,,,,,118000
,,,,,,112000
,,,,,,80000
,,,,,,65000
,,,,,,100000
,,,,,,101000
,,,,,,173000
,,,,,,186000
,,,,,,132000
,,,,,,220000
,,,,,,112000
,,,,,,277000
,,,,,,67000
,,,,,,80000
,,,,,,110000
,,,,,,150000
,,,,,,205000
,,,,,,75000
,,,,,,80000
,,,,,,70000
,,,,,,116000
,,,,,,55000
,,,,,,85000
,,,,,,115000
,,,,,,111000
,,,,,,90000
,,,,,,65000
,,,,,,92000
,,,,,,186000
,,,,,,81000
,,,,,,110000
,,,,,,149000
,,,,,,73000
,,,,,,106000
,,,,,,58000
,,,,,,87000
,,,,,,80000
,,,,,,80000
,,,,,,200000
,,,,,,80000
,,,,,,74000
,,,,,,131000
,,,,,,110000
,,,,,,80000
,,,,,,345000
,,,,,,209000
,,,,,,415000
,,,,,,170000
,,,,,,156000
,,,,,,156000
,,,,,,107500
,,,,,,117000
,,,,,,100000
,,,,,,78000
,,,,,,136000
,,,,,,100000
,,,,,,144000
,,,,,,220500
,,,,,,94000
,,,,,,150000
,,,,,,140000
,,,,,,85000
,,,,,,130000
,,,,,,80000
,,,,,,110000
,,,,,,80000
,,,,,,95500
,,,,,,155000
,,,,,,110000
,,,,,,190000
,,,,,,285000
,,,,,,215000
,,,,,,255000
,,,,,,280000
,,,,,,250000
,,,,,,113000
,,,,,,71000
,,,,,,55000
,,,,,,73000
,,,,,,87000
,,,,,,101000
,,,,,,80000
,,,,,,65000
,,,,,,70000
,,,,,,90000
,,,,,,125000
,,,,,,101000
,,,,,,65000
,,,,,,85000
,,,,,,125000
,,,,,,120000
,,,,,,104000
,,,,,,75000
,,,,,,78000
,,,,,,77000
,,,,,,234000
,,,,,,243000
,,,,,,218000
,,,,,,210000
,,,,,,230000
,,,,,,100000
,,,,,,10000
,,,,,,120000
,,,,,,160000
,,,,,,95000
,,,,,,85000
,,,,,,70000
,,,,,,125000
,,,,,,101000
,,,,,,100000
,,,,,,196000
,,,,,,150000
,,,,,,226000
,,,,,,84000
,,,,,,60000
,,,,,,91000
,,,,,,194500
,,,,,,100000
,,,,,,112000
,,,,,,96000
,,,,,,100000
,,,,,,130000
,,,,,,80000
,,,,,,124000
,,,,,,100000
,,,,,,145000
,,,,,,170000
,,,,,,85000
,,,,,,132000
,,,,,,514000
,,,,,,107000
,,,,,,70000
,,,,,,69000
,,,,,,50000
,,,,,,102000
,,,,,,55000
,,,,,,81000
,,,,,,125000
,,,,,,75000
,,,,,,120000
,,,,,,56000
,,,,,,75000
,,,,,,103000
,,,,,,97000
,,,,,,100000
,,,,,,75000
,,,,,,100000
,,,,,,120000
,,,,,,450000
,,,,,,290000
,,,,,,210000
,,,,,,120000
,,,,,,140000
,,,,,,113000
,,,,,,145000
,,,,,,111000
,,,,,,92000
,,,,,,94000
,,,,,,148000
,,,,,,116000
,,,,,,90000
,,,,,,149000
,,,,,,60000
,,,,,,70000
,,,,,,100000
,,,,,,120000
,,,,,,100000
,,,,,,110000
,,,,,,107000
,,,,,,140000
,,,,,,160000
,,,,,,145000
,,,,,,220000
,,,,,,130000
,,,,,,82000
,,,,,,85000
,,,,,,65000
,,,,,,62000
,,,,,,85000
,,,,,,95000
,,,,,,97000
,,,,,,81000
,,,,,,78000
,,,,,,157000
,,,,,,70000
,,,,,,71000
,,,,,,64500
,,,,,,79000
,,,,,,61500
,,,,,,95000
,,,,,,525000
,,,,,,170000
,,,,,,199000
,,,,,,178500
,,,,,,408000
,,,,,,300000
,,,,,,110000
,,,,,,64000
,,,,,,105000
,,,,,,168000
,,,,,,134000
,,,,,,122000
,,,,,,110000
,,,,,,120000
,,,,,,400000
,,,,,,248000
,,,,,,220000
,,,,,,140000
,,,,,,110000
,,,,,,70000
,,,,,,109000
,,,,,,98000
,,,,,,110000
,,,,,,110000
,,,,,,114000
,,,,,,115000
,,,,,,53500
,,,,,,78000
,,,,,,130000
,,,,,,76000
,,,,,,60000
,,,,,,81000
,,,,,,82000
,,,,,,105000
,,,,,,55000
,,,,,,277000
,,,,,,209000
,,,,,,83000
,,,,,,70000
,,,,,,166000
,,,,,,110000
,,,,,,80000
,,,,,,122000
,,,,,,107000
,,,,,,93000
,,,,,,110000
,,,,,,125000
,,,,,,145000
,,,,,,100000
,,,,,,130000
,,,,,,100000
,,,,,,120000
,,,,,,98000
,,,,,,80000
,,,,,,100000
,,,,,,160000
,,,,,,105000
,,,,,,137000
,,,,,,120000
,,,,,,63000
,,,,,,75000
,,,,,,130000
,,,,,,86000
,,,,,,146000
,,,,,,120000
,,,,,,96500
,,,,,,80000
,,,,,,106000
,,,,,,110000
,,,,,,79000
,,,,,,80000
,,,,,,160000
,,,,,,122000
,,,,,,310000
,,,,,,235000
,,,,,,110000
,,,,,,95000
,,,,,,174000
,,,,,,158000
,,,,,,101000
,,,,,,130000
,,,,,,144000
,,,,,,81000
,,,,,,85000
,,,,,,88000
,,,,,,75000
,,,,,,70500
,,,,,,83000
,,,,,,75000
,,,,,,200000
,,,,,,370000
,,,,,,90000
,,,,,,165500
,,,,,,101000
,,,,,,85000
,,,,,,150000
,,,,,,80000
,,,,,,93000
,,,,,,102500
,,,,,,110000
,,,,,,95000
,,,,,,145000
,,,,,,125000
,,,,,,133000
,,,,,,125000
,,,,,,290000
,,,,,,250000
,,,,,,130000
,,,,,,130000
,,,,,,230000
,,,,,,132000
,,,,,,100000
,,,,,,83500
,,,,,,95000
,,,,,,140000
,,,,,,152000
,,,,,,139000
,,,,,,98000
,,,,,,125000
,,,,,,110000
,,,,,,100000
,,,,,,127000
,,,,,,123000
,,,,,,79000
,,,,,,135000
,,,,,,100000
,,,,,,110000
,,,,,,75000
,,,,,,82000
,,,,,,149000
,,,,,,80000
,,,,,,81500
,,,,,,169000
,,,,,,125000
,,,,,,65000
,,,,,,80000
,,,,,,70500
,,,,,,105000
,,,,,,150000
,,,,,,62000
,,,,,,98000
,,,,,,80000
,,,,,,1202000
,,,,,,360000
,,,,,,194000
,,,,,,300000
,,,,,,181000
,,,,,,180000
,,,,,,120000
,,,,,,340000
,,,,,,140000
,,,,,,75000
,,,,,,60000
,,,,,,140000
,,,,,,108000
,,,,,,170000
,,,,,,99000
,,,,,,90000
,,,,,,96000
,,,,,,94000
,,,,,,72000
,,,,,,105000
,,,,,,157000
,,,,,,130000
,,,,,,150000
,,,,,,100000
,,,,,,100000
,,,,,,100000
,,,,,,130000
,,,,,,92000
,,,,,,80000
,,,,,,110000
,,,,,,125000
,,,,,,72000
,,,,,,104000
,,,,,,95000
,,,,,,175000
,,,,,,130000
,,,,,,125000
,,,,,,112000
,,,,,,100000
,,,,,,50000
,,,,,,120000
,,,,,,100000
,,,,,,50000
,,,,,,71000
,,,,,,80000
,,,,,,76000
,,,,,,70000
,,,,,,190000
,,,,,,70000
,,,,,,91000
,,,,,,100000
,,,,,,145000
,,,,,,390000
,,,,,,344500
,,,,,,215000
,,,,,,390000
,,,,,,207000
,,,,,,166000
,,,,,,124000
,,,,,,115000
,,,,,,94000
,,,,,,112000
,,,,,,90000
,,,,,,140000
,,,,,,75000
,,,,,,118000
,,,,,,265000
,,,,,,280000
,,,,,,215000
,,,,,,150000
,,,,,,100000
,,,,,,133000
,,,,,,124000
,,,,,,133000
,,,,,,120000
,,,,,,161000
,,,,,,345000
,,,,,,88000
,,,,,,136000
,,,,,,100000
,,,,,,100000
,,,,,,211000
,,,,,,83000
,,,,,,161000
,,,,,,105000
,,,,,,70000
,,,,,,90000
,,,,,,100000
,,,,,,100000
,,,,,,104000
,,,,,,86000
,,,,,,76000
,,,,,,86000
,,,,,,75000
,,,,,,50000
,,,,,,75000
,,,,,,70500
,,,,,,107000
,,,,,,63000
,,,,,,100000
,,,,,,95000
,,,,,,87000
,,,,,,68000
,,,,,,23000
,,,,,,92000
,,,,,,440000
,,,,,,320000
,,,,,,220000
,,,,,,240000
,,,,,,260000
,,,,,,690000
,,,,,,248500
,,,,,,112500
,,,,,,110000
,,,,,,115000
,,,,,,100000
,,,,,,158000
,,,,,,150000
,,,,,,80000
,,,,,,84500
,,,,,,75000
,,,,,,90000
,,,,,,110000
,,,,,,95000
,,,,,,120000
,,,,,,90000
,,,,,,100000
,,,,,,85000
,,,,,,100000
,,,,,,225000
,,,,,,140000
,,,,,,199000
,,,,,,80000
,,,,,,160000
,,,,,,120000
,,,,,,127000
,,,,,,110000
,,,,,,110000
,,,,,,145000
,,,,,,86000
,,,,,,170000
,,,,,,99000
,,,,,,105000
,,,,,,90000
,,,,,,88000
,,,,,,70000
,,,,,,68000
,,,,,,91000
,,,,,,100000
,,,,,,196000
,,,,,,65000
,,,,,,134000
,,,,,,153000
,,,,,,145000
,,,,,,424000
,,,,,,365000
,,,,,,300000
,,,,,,122000
,,,,,,125000
,,,,,,241000
,,,,,,110000
,,,,,,135000
,,,,,,67000
,,,,,,115000
,,,,,,156000
,,,,,,94000
,,,,,,120000
,,,,,,112000
,,,,,,90000
,,,,,,105000
,,,,,,75000
,,,,,,120000
,,,,,,117000
,,,,,,60000
,,,,,,123000
,,,,,,80000
,,,,,,100000
,,,,,,127000
,,,,,,130000
,,,,,,147000
,,,,,,108500
,,,,,,89500
,,,,,,57000
,,,,,,100000
,,,,,,60000
,,,,,,145000
,,,,,,115000
,,,,,,68000
,,,,,,110000
,,,,,,85000
,,,,,,50000
,,,,,,60000
,,,,,,57500
,,,,,,171000
,,,,,,50000
,,,,,,68000
,,,,,,132500
,,,,,,80000
,,,,,,77000
,,,,,,74000
,,,,,,484000
,,,,,,360000
,,,,,,202000
,,,,,,105000
,,,,,,400000
,,,,,,275000
,,,,,,110000
,,,,,,110000
,,,,,,136000
,,,,,,95000
,,,,,,112000
,,,,,,96000
,,,,,,170000
,,,,,,200000
,,,,,,85000
,,,,,,50000
,,,,,,88000
,,,,,,102000
,,,,,,125000
,,,,,,140000
,,,,,,100000
,,,,,,127000
,,,,,,114000
,,,,,,140000
,,,,,,240000
,,,,,,300000
,,,,,,100000
,,,,,,184000
,,,,,,125000
,,,,,,155000
,,,,,,32000
,,,,,,85000
,,,,,,80000
,,,,,,85000
,,,,,,53000
,,,,,,20000
,,,,,,70000
,,,,,,480000
,,,,,,294000
,,,,,,225000
,,,,,,360000
,,,,,,175000
,,,,,,123000
,,,,,,92000
,,,,,,70000
,,,,,,81000
,,,,,,136000
,,,,,,100000
,,,,,,100000
,,,,,,203000
,,,,,,192500
,,,,,,141000
,,,,,,105000
,,,,,,125000
,,,,,,150000
,,,,,,68000
,,,,,,114000
,,,,,,90000
,,,,,,50000
,,,,,,110000
,,,,,,100000
,,,,,,90000
,,,,,,120000
,,,,,,120000
,,,,,,112500
,,,,,,90000
,,,,,,60000
,,,,,,80000
,,,,,,150000
,,,,,,150000
,,,,,,150000
,,,,,,95000
,,,,,,104000
,,,,,,92000
,,,,,,66000
,,,,,,150000
,,,,,,83000
,,,,,,75000
,,,,,,56000
,,,,,,70000
,,,,,,90000
,,,,,,150000
,,,,,,75000
,,,,,,122000
,,,,,,78000
,,,,,,140000
,,,,,,74000
,,,,,,63000
,,,,,,55000
,,,,,,75000
,,,,,,95000
,,,,,,108000
,,,,,,408000
,,,,,,310500
,,,,,,237000
,,,,,,364000
,,,,,,107000
,,,,,,365000
,,,,,,99000
,,,,,,105000
,,,,,,90000
,,,,,,100000
,,,,,,116000
,,,,,,96500
,,,,,,121000
,,,,,,87000
,,,,,,259000
,,,,,,300000
,,,,,,190000
,,,,,,108000
,,,,,,95000
,,,,,,150000
,,,,,,135000
,,,,,,85000
,,,,,,110000
,,,,,,100000
,,,,,,130000
,,,,,,80000
,,,,,,70000
,,,,,,87500
,,,,,,90000
,,,,,,90000
,,,,,,78000
,,,,,,185000
,,,,,,95000
,,,,,,118000
,,,,,,132000
,,,,,,105000
,,,,,,120000
,,,,,,50000
,,,,,,82000
,,,,,,70000
,,,,,,94000
,,,,,,100000
,,,,,,460000
,,,,,,316000
,,,,,,256000
,,,,,,1104000
,,,,,,100000
,,,,,,290000
,,,,,,235000
,,,,,,352500
,,,,,,128000
,,,,,,142000
,,,,,,290000
,,,,,,91000
,,,,,,108000
,,,,,,75000
,,,,,,120000
,,,,,,153000
,,,,,,112000
,,,,,,130000
,,,,,,118000
,,,,,,118000
,,,,,,108000
,,,,,,123000
,,,,,,200000
,,,,,,325000
,,,,,,280000
,,,,,,90000
,,,,,,125000
,,,,,,200000
,,,,,,100000
,,,,,,85000
,,,,,,64000
,,,,,,110000
,,,,,,110000
,,,,,,88000
,,,,,,115000
,,,,,,90000
,,,,,,100000
,,,,,,100000
,,,,,,100000
,,,,,,40000
,,,,,,110000
,,,,,,133000
,,,,,,110000
,,,,,,65000
,,,,,,116000
,,,,,,100000
,,,,,,280000
,,,,,,133000
,,,,,,102000
,,,,,,225000
,,,,,,160000
,,,,,,85000
,,,,,,127000
,,,,,,38000
,,,,,,100000
,,,,,,150000
,,,,,,70000
,,,,,,90000
,,,,,,158000
,,,,,,97000
,,,,,,340000
,,,,,,210000
,,,,,,385000
,,,,,,98000
,,,,,,100000
,,,,,,130000
,,,,,,113000
,,,,,,100000
,,,,,,87000
,,,,,,107000
,,,,,,100000
,,,,,,190000
,,,,,,125000
,,,,,,184000
,,,,,,96000
,,,,,,200000
,,,,,,260000
,,,,,,205000
,,,,,,200000
,,,,,,340000
,,,,,,208000
,,,,,,240000
,,,,,,50000
,,,,,,120000
,,,,,,240000
,,,,,,130000
,,,,,,139000
,,,,,,110000
,,,,,,100000
,,,,,,100000
,,,,,,130000
,,,,,,95000
,,,,,,70000
,,,,,,89000
,,,,,,130000
,,,,,,85000
,,,,,,150000
,,,,,,175000
,,,,,,95000
,,,,,,123000
,,,,,,145000
,,,,,,100000
,,,,,,35000
,,,,,,81000
,,,,,,76000
,,,,,,70000
,,,,,,125000
,,,,,,140000
,,,,,,102000
,,,,,,75000
,,,,,,120000
,,,,,,55000
,,,,,,355000
,,,,,,421000
,,,,,,115000
,,,,,,137000
,,,,,,178000
,,,,,,66000
,,,,,,125000
,,,,,,100000
,,,,,,90000
,,,,,,120000
,,,,,,75000
,,,,,,130000
,,,,,,170000
,,,,,,148000
,,,,,,90000
,,,,,,200000
,,,,,,78000
,,,,,,125000
,,,,,,130000
,,,,,,70000
,,,,,,153000
,,,,,,287000
,,,,,,48000
,,,,,,105000
,,,,,,78000
,,,,,,100000
,,,,,,90000
,,,,,,119000
,,,,,,130000
,,,,,,98000
,,,,,,118000
,,,,,,80000
,,,,,,160000
,,,,,,150000
,,,,,,120000
,,,,,,200000
,,,,,,105000
,,,,,,295000
,,,,,,251000
,,,,,,80000
,,,,,,88000
,,,,,,110000
,,,,,,73000
,,,,,,85000
,,,,,,90000
,,,,,,70000
,,,,,,82000
,,,,,,163000
,,,,,,78000
,,,,,,92000
,,,,,,30000
,,,,,,195000
,,,,,,408000
,,,,,,335000
,,,,,,96000
,,,,,,140000
,,,,,,357000
,,,,,,157000
,,,,,,110000
,,,,,,115000
,,,,,,145000
,,,,,,100000
,,,,,,142000
,,,,,,120000
,,,,,,180000
,,,,,,117000
,,,,,,136000
,,,,,,102000
,,,,,,152000
,,,,,,115000
,,,,,,90000
,,,,,,100000
,,,,,,110000
,,,,,,140000
,,,,,,80000
,,,,,,84000
,,,,,,80000
,,,,,,120000
,,,,,,100000
,,,,,,150000
,,,,,,130000
,,,,,,220000
,,,,,,132000
,,,,,,96000
,,,,,,103000
,,,,,,100000
,,,,,,17000
,,,,,,75000
,,,,,,130000
,,,,,,69000
,,,,,,60000
,,,,,,86000
,,,,,,50000
,,,,,,80000
,,,,,,106000
,,,,,,66500
,,,,,,154000
,,,,,,52000
,,,,,,67000
,,,,,,80000
,,,,,,85000
,,,,,,130000
,,,,,,77000
,,,,,,80000
,,,,,,75000
,,,,,,558000
,,,,,,274000
,,,,,,200000
,,,,,,470000
,,,,,,115000
,,,,,,520000
,,,,,,393000
,,,,,,145000
,,,,,,99000
,,,,,,86000
,,,,,,50000
,,,,,,185000
,,,,,,90000
,,,,,,190000
,,,,,,94000
,,,,,,185000
,,,,,,21000
,,,,,,65000
,,,,,,86000
,,,,,,98000
,,,,,,115000
,,,,,,83000
,,,,,,140000
,,,,,,385000
,,,,,,200000
,,,,,,220000
,,,,,,314000
,,,,,,400000
,,,,,,205000
,,,,,,97000
,,,,,,67000
,,,,,,71000
,,,,,,180000
,,,,,,139000
,,,,,,70000
,,,,,,485000
,,,,,,238000
,,,,,,110000
,,,,,,195000
,,,,,,64000
,,,,,,79000
,,,,,,45000
,,,,,,62000
,,,,,,97000
,,,,,,103000
,,,,,,88000
,,,,,,68000
,,,,,,200000
,,,,,,150000
,,,,,,125000
,,,,,,110000
,,,,,,86000
,,,,,,80000
,,,,,,160000
,,,,,,115000
,,,,,,100000
,,,,,,70000
,,,,,,90000
,,,,,,130000
,,,,,,84000
,,,,,,36000
,,,,,,130000
,,,,,,30000
,,,,,,120000
,,,,,,105000
,,,,,,117000
,,,,,,210000
,,,,,,104000
,,,,,,92000
,,,,,,88000
,,,,,,162000
,,,,,,89000
,,,,,,70000
,,,,,,135000
,,,,,,75000
,,,,,,150000
,,,,,,98000
,,,,,,170000
,,,,,,182000
,,,,,,77000
,,,,,,78000
,,,,,,71000
,,,,,,74000
,,,,,,103000
,,,,,,135000
,,,,,,78000
,,,,,,93000
,,,,,,71500
,,,,,,105000
,,,,,,115000
,,,,,,60000
,,,,,,83000
,,,,,,65000
,,,,,,470000
,,,,,,215000
,,,,,,134000
,,,,,,305000
,,,,,,2140000
,,,,,,206000
,,,,,,320000
,,,,,,381000
,,,,,,100000
,,,,,,115000
,,,,,,112000
,,,,,,100000
,,,,,,170000
,,,,,,115000
,,,,,,115000
,,,,,,120000
,,,,,,114000
,,,,,,115000
,,,,,,121000
,,,,,,100000
,,,,,,95000
,,,,,,108000
,,,,,,100000
,,,,,,130000
,,,,,,90000
,,,,,,119000
,,,,,,321000
,,,,,,210000
,,,,,,240000
,,,,,,185000
,,,,,,120000
,,,,,,140000
,,,,,,145000
,,,,,,100000
,,,,,,132000
,,,,,,130000
,,,,,,94000
,,,,,,147000
,,,,,,97000
,,,,,,100000
,,,,,,71000
,,,,,,68000
,,,,,,86000
,,,,,,90000
,,,,,,62000
,,,,,,120000
,,,,,,80000
,,,,,,110000
,,,,,,80000
,,,,,,90000
,,,,,,80000
,,,,,,59500
,,,,,,88000
,,,,,,65000
,,,,,,1155000
,,,,,,316000
,,,,,,270000
,,,,,,142000
,,,,,,110000
,,,,,,206000
,,,,,,107000
,,,,,,72500
,,,,,,90000
,,,,,,100000
,,,,,,120000
,,,,,,95000
,,,,,,180000
,,,,,,90000
,,,,,,118000
,,,,,,100000
,,,,,,65000
,,,,,,95000
,,,,,,93000
,,,,,,120000
,,,,,,370000
,,,,,,80000
,,,,,,66000
,,,,,,75000
,,,,,,140000
,,,,,,145000
,,,,,,146000
,,,,,,261000
,,,,,,125000
,,,,,,106000
,,,,,,105000
,,,,,,120000
,,,,,,83000
,,,,,,67000
,,,,,,95000
,,,,,,94000
,,,,,,94000
,,,,,,60000
,,,,,,65000
,,,,,,108000
,,,,,,121000
,,,,,,90000
,,,,,,96000
,,,,,,80000
,,,,,,65000
,,,,,,155000
,,,,,,141000
,,,,,,215000
,,,,,,116000
,,,,,,420000
,,,,,,233000
,,,,,,249000
,,,,,,1185000
,,,,,,45000
,,,,,,90000
,,,,,,83000
,,,,,,75000
,,,,,,80000
,,,,,,110000
,,,,,,110000
,,,,,,97000
,,,,,,190000
,,,,,,240000
,,,,,,254000
,,,,,,270000
,,,,,,90000
,,,,,,280000
,,,,,,240000
,,,,,,168000
,,,,,,85000
,,,,,,110000
,,,,,,109000
,,,,,,140000
,,,,,,80000
,,,,,,65000
,,,,,,100000
,,,,,,155000
,,,,,,135000
,,,,,,70000
,,,,,,110000
,,,,,,115000
,,,,,,120000
,,,,,,120000
,,,,,,67000
,,,,,,93000
,,,,,,127000
,,,,,,70000
,,,,,,30000
,,,,,,112000
,,,,,,100000
,,,,,,67000
,,,,,,95000
,,,,,,80000
,,,,,,76500
,,,,,,90000
,,,,,,70000
,,,,,,85000
,,,,,,100000
,,,,,,82000
,,,,,,507000
,,,,,,270000
,,,,,,180000
,,,,,,139500
,,,,,,15000
,,,,,,170000
,,,,,,83000
,,,,,,105000
,,,,,,80000
,,,,,,40000
,,,,,,127000
,,,,,,100000
,,,,,,96000
,,,,,,115000
,,,,,,142000
,,,,,,270000
,,,,,,170000
,,,,,,243000
,,,,,,160000
,,,,,,180000
,,,,,,80000
,,,,,,85000
,,,,,,108000
,,,,,,90000
,,,,,,125000
,,,,,,96000
,,,,,,100000
,,,,,,106000
,,,,,,111000
,,,,,,105000
,,,,,,30000
,,,,,,60000
,,,,,,70000
,,,,,,70000
,,,,,,139000
,,,,,,105000
,,,,,,117000
,,,,,,85000
,,,,,,95000
,,,,,,113000
,,,,,,70000
,,,,,,117000
,,,,,,70000
,,,,,,110000
,,,,,,95000
,,,,,,102000
,,,,,,145000
,,,,,,115000
,,,,,,65000
,,,,,,120000
,,,,,,75000
,,,,,,110000
,,,,,,88000
,,,,,,220000
,,,,,,305000
,,,,,,129000
,,,,,,105000
,,,,,,130000
,,,,,,175000
,,,,,,105000
,,,,,,108000
,,,,,,147000
,,,,,,128000
,,,,,,90000
,,,,,,141000
,,,,,,538000
,,,,,,100000
,,,,,,105000
,,,,,,250000
,,,,,,98000
,,,,,,100000
,,,,,,100000
,,,,,,100000
,,,,,,100000
,,,,,,125000
,,,,,,126000
,,,,,,110000
,,,,,,130000
,,,,,,137000
,,,,,,50000
,,,,,,90000
,,,,,,98000
,,,,,,60000
,,,,,,125000
,,,,,,115000
,,,,,,90000
,,,,,,75000
,,,,,,60000
,,,,,,80000
,,,,,,121000
,,,,,,72000
,,,,,,76000
,,,,,,1000
,,,,,,40000
,,,,,,84000
,,,,,,101000
,,,,,,142000
,,,,,,120000
,,,,,,120000
,,,,,,69000
,,,,,,350000
,,,,,,205000
,,,,,,485000
,,,,,,128000
,,,,,,432000
,,,,,,265500
,,,,,,110000
,,,,,,123000
,,,,,,120000
,,,,,,95000
,,,,,,89000
,,,,,,150000
,,,,,,107000
,,,,,,155000
,,,,,,260000
,,,,,,220000
,,,,,,312000
,,,,,,302000
,,,,,,215000
,,,,,,110000
,,,,,,287000
,,,,,,128000
,,,,,,146000
,,,,,,106000
,,,,,,112000
,,,,,,80000
,,,,,,60000
,,,,,,70000
,,,,,,70000
,,,,,,136000
,,,,,,155000
,,,,,,130000
,,,,,,66000
,,,,,,85000
,,,,,,112000
,,,,,,118000
,,,,,,95000
,,,,,,308000
,,,,,,210000
,,,,,,210000
,,,,,,110000
,,,,,,90000
,,,,,,94500
,,,,,,96000
,,,,,,80000
,,,,,,72000
,,,,,,125000
,,,,,,180000
,,,,,,160000
,,,,,,195000
,,,,,,280000
,,,,,,108000
,,,,,,140000
,,,,,,125000
,,,,,,190000
,,,,,,100000
,,,,,,60000
,,,,,,150000
,,,,,,110000
,,,,,,143000
,,,,,,120000
,,,,,,132000
,,,,,,150000
,,,,,,100000
,,,,,,111000
,,,,,,130000
,,,,,,90000
,,,,,,150000
,,,,,,150000
,,,,,,107000
,,,,,,120000
,,,,,,110000
,,,,,,77000
,,,,,,80000
,,,,,,115000
,,,,,,315000
,,,,,,105000
,,,,,,142000
,,,,,,162000
,,,,,,45000
,,,,,,125000
,,,,,,90000
,,,,,,216000
,,,,,,139000
,,,,,,165000
,,,,,,73000
,,,,,,100000
,,,,,,115000
,,,,,,62000
,,,,,,87000
,,,,,,87000
,,,,,,240000
,,,,,,340000
,,,,,,372000
,,,,,,317000
,,,,,,294000
,,,,,,137000
,,,,,,122000
,,,,,,85000
,,,,,,120000
,,,,,,100000
,,,,,,130000
,,,,,,115000
,,,,,,120000
,,,,,,110000
,,,,,,90000
,,,,,,150000
,,,,,,147000
,,,,,,125500
,,,,,,355000
,,,,,,320000
,,,,,,270000
,,,,,,75000
,,,,,,150000
,,,,,,140000
,,,,,,104000
,,,,,,90000
,,,,,,130000
,,,,,,120000
,,,,,,123000
,,,,,,100000
,,,,,,125000
,,,,,,150000
,,,,,,100000
,,,,,,125000
,,,,,,121000
,,,,,,90000
,,,,,,120000
,,,,,,165000
,,,,,,354000
,,,,,,148000
,,,,,,160000
,,,,,,97000
,,,,,,145000
,,,,,,125000
,,,,,,68000
,,,,,,44000
,,,,,,85000
,,,,,,100000
,,,,,,65000
,,,,,,170000
,,,,,,86000
,,,,,,95000
,,,,,,1199000
,,,,,,100000
,,,,,,934500
,,,,,,240000
,,,,,,140000
,,,,,,2386000
,,,,,,270000
,,,,,,250000
,,,,,,180000
,,,,,,147000
,,,,,,87500
,,,,,,107000
,,,,,,124000
,,,,,,111000
,,,,,,115000
,,,,,,125000
,,,,,,123000
,,,,,,260000
,,,,,,128000
,,,,,,210000
,,,,,,90000
,,,,,,79000
,,,,,,140000
,,,,,,130000
,,,,,,127000
,,,,,,113000
,,,,,,80000
,,,,,,78000
,,,,,,80000
,,,,,,65000
,,,,,,125000
,,,,,,82000
,,,,,,150000
,,,,,,107000
,,,,,,150000
,,,,,,73000
,,,,,,79000
,,,,,,70000
,,,,,,74000
,,,,,,75000
,,,,,,72000
,,,,,,130000
,,,,,,85000
,,,,,,115000
,,,,,,89000
,,,,,,165000
,,,,,,95000
,,,,,,190000
,,,,,,93000
,,,,,,105000
,,,,,,83000
,,,,,,387000
,,,,,,539000
,,,,,,220000
,,,,,,394000
,,,,,,125000
,,,,,,100000
,,,,,,130000
,,,,,,101000
,,,,,,57000
,,,,,,140000
,,,,,,115000
,,,,,,200000
,,,,,,62000
,,,,,,115000
,,,,,,130000
,,,,,,28000
,,,,,,148000
,,,,,,75000
,,,,,,80000
,,,,,,160000
,,,,,,100000
,,,,,,80000
,,,,,,100000
,,,,,,100000
,,,,,,85000
,,,,,,100000
,,,,,,150000
,,,,,,97000
,,,,,,115000
,,,,,,120000
,,,,,,239000
,,,,,,330000
,,,,,,279000
,,,,,,260000
,,,,,,91000
,,,,,,121000
,,,,,,94000
,,,,,,110000
,,,,,,113000
,,,,,,90000
,,,,,,55000
,,,,,,80000
,,,,,,80000
,,,,,,145000
,,,,,,102000
,,,,,,147000
,,,,,,87000
,,,,,,96000
,,,,,,20000
,,,,,,110000
,,,,,,82500
,,,,,,93000
,,,,,,1336000
,,,,,,351000
,,,,,,130000
,,,,,,165000
,,,,,,240000
,,,,,,275000
,,,,,,122000
,,,,,,146000
,,,,,,80000
,,,,,,160000
,,,,,,115000
,,,,,,110000
,,,,,,90000
,,,,,,110000
,,,,,,125000
,,,,,,145000
,,,,,,118000
,,,,,,165000
,,,,,,75000
,,,,,,155000
,,,,,,130000
,,,,,,190000
,,,,,,300000
,,,,,,70000
,,,,,,110000
,,,,,,95000
,,,,,,105000
,,,,,,100000
,,,,,,145000
,,,,,,100000
,,,,,,126000
,,,,,,200000
,,,,,,150000
,,,,,,200000
,,,,,,90000
,,,,,,350000
,,,,,,75000
,,,,,,100000
,,,,,,85000
,,,,,,100000
,,,,,,62000
,,,,,,86000
,,,,,,77000
,,,,,,82000
,,,,,,100000
,,,,,,99000
,,,,,,80000
,,,,,,52000
,,,,,,75000
,,,,,,265000
,,,,,,72000
,,,,,,50000
,,,,,,92000
,,,,,,204000
,,,,,,477000
,,,,,,283000
,,,,,,145000
,,,,,,170000
,,,,,,150000
,,,,,,115000
,,,,,,92000
,,,,,,297000
,,,,,,320000
,,,,,,690000
,,,,,,120000
,,,,,,177000
,,,,,,74000
,,,,,,109000
,,,,,,140000
,,,,,,83500
,,,,,,124000
,,,,,,114000
,,,,,,120000
,,,,,,136000
,,,,,,100000
,,,,,,140000
,,,,,,85000
,,,,,,125000
,,,,,,90000
,,,,,,90000
,,,,,,92000
,,,,,,84000
,,,,,,120000
,,,,,,145000
,,,,,,150000
,,,,,,100000
,,,,,,155000
,,,,,,180000
,,,,,,235000
,,,,,,85000
,,,,,,92000
,,,,,,111000
,,,,,,51000
,,,,,,74000
,,,,,,105000
,,,,,,65000
,,,,,,55000
,,,,,,86000
,,,,,,139000
,,,,,,80000
,,,,,,40000
,,,,,,10000
,,,,,,110000
,,,,,,84000
,,,,,,124000
,,,,,,50000
,,,,,,350000
,,,,,,355000
,,,,,,768000
,,,,,,749000
,,,,,,2302000
,,,,,,110000
,,,,,,117000
,,,,,,150000
,,,,,,100000
,,,,,,160000
,,,,,,130000
,,,,,,190000
,,,,,,151000
,,,,,,217000
,,,,,,90000
,,,,,,90000
,,,,,,65000
,,,,,,98500
,,,,,,100000
,,,,,,85000
,,,,,,110000
,,,,,,115000
,,,,,,165000
,,,,,,160000
,,,,,,282000
,,,,,,300000
,,,,,,210000
,,,,,,120000
,,,,,,140000
,,,,,,100000
,,,,,,115000
,,,,,,106000
,,,,,,100000
,,,,,,65000
,,,,,,100000
,,,,,,50000
,,,,,,90000
,,,,,,324000
,,,,,,221000
,,,,,,126500
,,,,,,50000
,,,,,,79000
,,,,,,122000
,,,,,,70000
,,,,,,128000
,,,,,,100000
,,,,,,110000
,,,,,,125000
,,,,,,65000
,,,,,,100000
,,,,,,130000
,,,,,,150000
,,,,,,100000
,,,,,,110000
,,,,,,70000
,,,,,,120000
,,,,,,90000
,,,,,,160000
,,,,,,90000
,,,,,,130000
,,,,,,100000
,,,,,,88000
,,,,,,120000
,,,,,,48000
,,,,,,150000
,,,,,,210000
,,,,,,90000
,,,,,,115000
,,,,,,205000
,,,,,,95000
,,,,,,155000
,,,,,,124000
,,,,,,153000
,,,,,,100000
,,,,,,120000
,,,,,,150000
,,,,,,76000
,,,,,,55000
,,,,,,100000
,,,,,,350000
,,,,,,200000
,,,,,,173000
,,,,,,81000
,,,,,,82000
,,,,,,77000
,,,,,,70000
,,,,,,62000
,,,,,,74000
,,,,,,150000
,,,,,,50000
,,,,,,140000
,,,,,,80000
,,,,,,83000
,,,,,,81000
,,,,,,146000
,,,,,,137500
,,,,,,48000
,,,,,,89000
,,,,,,70000
,,,,,,139000
,,,,,,1016000
,,,,,,303000
,,,,,,370000
,,,,,,200000
,,,,,,674000
,,,,,,132000
,,,,,,120000
,,,,,,120000
,,,,,,70000
,,,,,,140000
,,,,,,176000
,,,,,,150000
,,,,,,132000
,,,,,,86000
,,,,,,105000
,,,,,,100000
,,,,,,130000
,,,,,,90000
,,,,,,75000
,,,,,,74000
,,,,,,95000
,,,,,,100000
,,,,,,179000
,,,,,,160000
,,,,,,150000
,,,,,,150000
,,,,,,160000
,,,,,,270000
,,,,,,300000
,,,,,,240000
,,,,,,130000
,,,,,,180000
,,,,,,111000
,,,,,,167000
,,,,,,135000
,,,,,,156000
,,,,,,47000
,,,,,,110000
,,,,,,249000
,,,,,,62000
,,,,,,163000
,,,,,,140000
,,,,,,75000
,,,,,,96000
,,,,,,60000
,,,,,,91000
,,,,,,126000
,,,,,,119500
,,,,,,65000
,,,,,,23000
,,,,,,85000
,,,,,,80000
,,,,,,176000
,,,,,,127000
,,,,,,70000
,,,,,,73000
,,,,,,290000
,,,,,,568500
,,,,,,182000
,,,,,,33000
,,,,,,97000
,,,,,,31000
,,,,,,34000
,,,,,,45000
,,,,,,84000
,,,,,,30000
,,,,,,20000
,,,,,,20000
,,,,,,26500
,,,,,,423000
,,,,,,240000
,,,,,,255000
,,,,,,120000
,,,,,,225000
,,,,,,206000
,,,,,,341000
,,,,,,135000
,,,,,,200000
,,,,,,60000
,,,,,,140000
,,,,,,120000
,,,,,,115000
,,,,,,100000
,,,,,,102000
,,,,,,55000
,,,,,,100000
,,,,,,125000
,,,,,,105000
,,,,,,158000
,,,,,,125000
,,,,,,100000
,,,,,,300000
,,,,,,155000
,,,,,,150000
,,,,,,167000
,,,,,,150000
,,,,,,150000
,,,,,,155000
,,,,,,117000
,,,,,,98000
,,,,,,100000
,,,,,,178000
,,,,,,90000
,,,,,,67000
,,,,,,186000
,,,,,,108000
,,,,,,176000
,,,,,,123000
,,,,,,101000
,,,,,,90000
,,,,,,128000
,,,,,,188000
,,,,,,95000
,,,,,,60000
,,,,,,185000
,,,,,,75000
,,,,,,88000
,,,,,,105000
,,,,,,100000
,,,,,,81000
,,,,,,195000
,,,,,,115000
,,,,,,255000
,,,,,,140000
,,,,,,30000
,,,,,,155000
,,,,,,130000
,,,,,,94000
,,,,,,114000
,,,,,,330000
,,,,,,350000
,,,,,,295000
,,,,,,75000
,,,,,,120000
,,,,,,200000
,,,,,,190000
,,,,,,71000
,,,,,,110000
,,,,,,120000
,,,,,,80000
,,,,,,100000
,,,,,,125000
,,,,,,123000
,,,,,,266000
,,,,,,105000
,,,,,,150000
,,,,,,120000
,,,,,,100000
,,,,,,159000
,,,,,,126000
,,,,,,290000
,,,,,,270000
,,,,,,277000
,,,,,,160000
,,,,,,90000
,,,,,,100000
,,,,,,100000
,,,,,,125000
,,,,,,153000
,,,,,,80000
,,,,,,125000
,,,,,,100000
,,,,,,96000
,,,,,,74000
,,,,,,123000
,,,,,,20000
,,,,,,115000
,,,,,,138000
,,,,,,150000
,,,,,,126000
,,,,,,102000
,,,,,,118000
,,,,,,155000
,,,,,,80000
,,,,,,80000
,,,,,,70000
,,,,,,234000
,,,,,,316000
,,,,,,600000
,,,,,,615000
,,,,,,147000
,,,,,,68000
,,,,,,120000
,,,,,,110000
,,,,,,107000
,,,,,,332000
,,,,,,110000
,,,,,,130000
,,,,,,180000
,,,,,,90000
,,,,,,135000
,,,,,,90000
,,,,,,200000
,,,,,,340000
,,,,,,88000
,,,,,,110000
,,,,,,100000
,,,,,,104000
,,,,,,157000
,,,,,,100000
,,,,,,75000
,,,,,,110000
,,,,,,70000
,,,,,,100000
,,,,,,200000
,,,,,,173000
,,,,,,117000
,,,,,,110000
,,,,,,95000
,,,,,,150000
,,,,,,122000
,,,,,,128000
,,,,,,110000
,,,,,,210000
,,,,,,100000
,,,,,,132000
,,,,,,75000
,,,,,,72000
,,,,,,93000
,,,,,,130000
,,,,,,90000
,,,,,,85000
,,,,,,68500
,,,,,,75000
,,,,,,97000
,,,,,,85000
,,,,,,90000
,,,,,,150000
,,,,,,60000
,,,,,,66000
,,,,,,122000
,,,,,,88500
,,,,,,76000
,,,,,,421000
,,,,,,370000
,,,,,,212000
,,,,,,315000
,,,,,,115000
,,,,,,159000
,,,,,,105000
,,,,,,90000
,,,,,,120000
,,,,,,150000
,,,,,,92000
,,,,,,108000
,,,,,,165000
,,,,,,91000
,,,,,,126000
,,,,,,82000
,,,,,,100000
,,,,,,143000
,,,,,,70000
,,,,,,370000
,,,,,,143000
,,,,,,140000
,,,,,,95000
,,,,,,90000
,,,,,,95000
,,,,,,100000
,,,,,,115000
,,,,,,210000
,,,,,,130000
,,,,,,97000
,,,,,,90000
,,,,,,200000
,,,,,,50000
,,,,,,68000
,,,,,,165000
,,,,,,66000
,,,,,,34000
,,,,,,85000
,,,,,,80000
,,,,,,101000
,,,,,,85000
,,,,,,175000
,,,,,,20000
,,,,,,78000
,,,,,,82000
,,,,,,160000
,,,,,,65000
,,,,,,65000
,,,,,,52000
,,,,,,322000
,,,,,,235000
,,,,,,170000
,,,,,,313000
,,,,,,408000
,,,,,,795000
,,,,,,140000
,,,,,,82000
,,,,,,275000
,,,,,,129000
,,,,,,150000
,,,,,,100000
,,,,,,180000
,,,,,,100000
,,,,,,91000
,,,,,,100000
,,,,,,70000
,,,,,,102000
,,,,,,250000
,,,,,,280000
,,,,,,340000
,,,,,,341000
,,,,,,145000
,,,,,,85000
,,,,,,113000
,,,,,,107000
,,,,,,140000
,,,,,,90000
,,,,,,110000
,,,,,,110000
,,,,,,70000
,,,,,,138000
,,,,,,130000
,,,,,,123000
,,,,,,271000
,,,,,,60000
,,,,,,124000
,,,,,,70000
,,,,,,100000
,,,,,,90000
,,,,,,120000
,,,,,,338000
,,,,,,198000
,,,,,,295000
,,,,,,113000
,,,,,,198000
,,,,,,217000
,,,,,,76000
,,,,,,120000
,,,,,,148000
,,,,,,76000
,,,,,,64000
,,,,,,185000
,,,,,,125000
,,,,,,190000
,,,,,,110000
,,,,,,137000
,,,,,,150000
,,,,,,210000
,,,,,,109000
,,,,,,167000
,,,,,,96000
,,,,,,150000
,,,,,,86000
,,,,,,130000
,,,,,,72000
,,,,,,100000
,,,,,,150000
,,,,,,95000
,,,,,,100000
,,,,,,100000
,,,,,,110000
,,,,,,120000
,,,,,,110000
,,,,,,150000
,,,,,,115000
,,,,,,180000
,,,,,,135000
,,,,,,130000
,,,,,,195000
,,,,,,140000
,,,,,,130000
,,,,,,250000
,,,,,,121000
,,,,,,100000
,,,,,,79000
,,,,,,130000
,,,,,,120000
,,,,,,83000
,,,,,,95000
,,,,,,137000
,,,,,,59000
,,,,,,135000
,,,,,,100000
,,,,,,70000
,,,,,,80000
,,,,,,85000
,,,,,,70000
,,,,,,108000
,,,,,,337000
,,,,,,223000
,,,,,,125000
,,,,,,310000
,,,,,,120000
,,,,,,335000
,,,,,,140000
,,,,,,140000
,,,,,,138000
,,,,,,140000
,,,,,,94000
,,,,,,144000
,,,,,,150000
,,,,,,168000
,,,,,,131000
,,,,,,180000
,,,,,,308000
,,,,,,295000
,,,,,,200000
,,,,,,180000
,,,,,,150000
,,,,,,180000
,,,,,,200000
,,,,,,85000
,,,,,,97000
,,,,,,122000
,,,,,,85000
,,,,,,128000
,,,,,,140000
,,,,,,120000
,,,,,,125000
,,,,,,112000
,,,,,,110000
,,,,,,135000
,,,,,,190000
,,,,,,120000
,,,,,,110500
,,,,,,220000
,,,,,,118000
,,,,,,80000
,,,,,,170000
,,,,,,180000
,,,,,,150000
,,,,,,85000
,,,,,,210000
,,,,,,80000
,,,,,,58000
,,,,,,108000
,,,,,,78000
,,,,,,25000
,,,,,,115000
,,,,,,88000
,,,,,,150000
,,,,,,102000
,,,,,,72000
,,,,,,75000
,,,,,,219000
,,,,,,200000
,,,,,,329000
,,,,,,228000
,,,,,,175000
,,,,,,100000
,,,,,,105000
,,,,,,118000
,,,,,,100000
,,,,,,105000
,,,,,,210000
,,,,,,110000
,,,,,,126000
,,,,,,215000
,,,,,,110000
,,,,,,90000
,,,,,,125000
,,,,,,142000
,,,,,,102000
,,,,,,247500
,,,,,,95000
,,,,,,140000
,,,,,,75000
,,,,,,150000
,,,,,,90000
,,,,,,125000
,,,,,,183000
,,,,,,333000
,,,,,,200000
,,,,,,93000
,,,,,,170000
,,,,,,165000
,,,,,,160000
,,,,,,108000
,,,,,,136000
,,,,,,140000
,,,,,,95000
,,,,,,70000
,,,,,,79000
,,,,,,100000
,,,,,,66000
,,,,,,113000
,,,,,,81000
,,,,,,80000
,,,,,,136000
,,,,,,85000
,,,,,,250000
,,,,,,85000
,,,,,,166000
,,,,,,112000
,,,,,,219000
,,,,,,302000
,,,,,,205000
,,,,,,160000
,,,,,,190000
,,,,,,134000
,,,,,,130000
,,,,,,118000
,,,,,,261000
,,,,,,164000
,,,,,,375000
,,,,,,131000
,,,,,,270000
,,,,,,115000
,,,,,,110000
,,,,,,137000
,,,,,,111000
,,,,,,100000
,,,,,,185000
,,,,,,130000
,,,,,,125000
,,,,,,100000
,,,,,,125000
,,,,,,142000
,,,,,,120000
,,,,,,250000
,,,,,,270000
,,,,,,270000
,,,,,,90000
,,,,,,90000
,,,,,,200000
,,,,,,298000
,,,,,,220000
,,,,,,220000
,,,,,,135000
,,,,,,134000
,,,,,,216000
,,,,,,272000
,,,,,,220000
,,,,,,213000
,,,,,,220000
,,,,,,142000
,,,,,,161000
,,,,,,140000
,,,,,,315000
,,,,,,100000
,,,,,,66000
,,,,,,97000
,,,,,,105000
,,,,,,90000
,,,,,,65000
,,,,,,59000
,,,,,,98000
,,,,,,115000
,,,,,,95000
,,,,,,20000
,,,,,,90000
,,,,,,30000
,,,,,,582000
,,,,,,300000
,,,,,,176000
,,,,,,435000
,,,,,,105000
,,,,,,120000
,,,,,,285000
,,,,,,225000
,,,,,,233000
,,,,,,228000
,,,,,,293000
,,,,,,230000
,,,,,,90000
,,,,,,70000
,,,,,,101700
,,,,,,100000
,,,,,,70000
,,,,,,67000
,,,,,,90000
,,,,,,75000
,,,,,,50000
,,,,,,80000
,,,,,,40000
,,,,,,98000
,,,,,,71000
,,,,,,61000
,,,,,,60000
,,,,,,278000
,,,,,,195000
,,,,,,155000
,,,,,,120000
,,,,,,155000
,,,,,,280000
,,,,,,293000
,,,,,,130000
,,,,,,135000
,,,,,,90000
,,,,,,68000
,,,,,,100000
,,,,,,68000
,,,,,,115000
,,,,,,65000
,,,,,,75000
,,,,,,145000
,,,,,,40000
,,,,,,100000
,,,,,,120000
,,,,,,150000
,,,,,,180000
,,,,,,84000
,,,,,,169500
,,,,,,118000
,,,,,,51000
,,,,,,72000
,,,,,,111000
,,,,,,115000
,,,,,,85000
,,,,,,72000
,,,,,,81000
,,,,,,102000
,,,,,,50000
,,,,,,30000
,,,,,,144000
,,,,,,88000
,,,,,,100000
,,,,,,150000
,,,,,,75000
,,,,,,78000
,,,,,,325000
,,,,,,187000
,,,,,,140000
,,,,,,87000
,,,,,,175000
,,,,,,84000
,,,,,,95000
,,,,,,100000
,,,,,,140000
,,,,,,90000
,,,,,,154000
,,,,,,90000
,,,,,,140000
,,,,,,102000
,,,,,,70000
,,,,,,90000
,,,,,,130000
,,,,,,75000
,,,,,,70000
,,,,,,100000
,,,,,,130000
,,,,,,200000
,,,,,,275000
,,,,,,131000
,,,,,,178000
,,,,,,80000
,,,,,,146000
,,,,,,77000
,,,,,,69000
,,,,,,120000
,,,,,,69000
,,,,,,75000
,,,,,,200000
,,,,,,63000
,,,,,,50000
,,,,,,50000
,,,,,,78000
,,,,,,415000
,,,,,,290000
,,,,,,191000
,,,,,,240000
,,,,,,114000
,,,,,,139000
,,,,,,110000
,,,,,,76000
,,,,,,75000
,,,,,,115000
,,,,,,130000
,,,,,,81000
,,,,,,100000
,,,,,,90000
,,,,,,170000
,,,,,,122000
,,,,,,125000
,,,,,,100000
,,,,,,78000
,,,,,,100000
,,,,,,130000
,,,,,,130000
,,,,,,319000
,,,,,,60000
,,,,,,83000
,,,,,,106000
,,,,,,120000
,,,,,,170000
,,,,,,200000
,,,,,,122000
,,,,,,142000
,,,,,,139000
,,,,,,103000
,,,,,,100000
,,,,,,155000
,,,,,,132000
,,,,,,110000
,,,,,,121000
,,,,,,147000
,,,,,,68000
,,,,,,90000
,,,,,,73000
,,,,,,111000
,,,,,,70000
,,,,,,393000
,,,,,,185000
,,,,,,200000
,,,,,,175000
,,,,,,395000
,,,,,,160000
,,,,,,150000
,,,,,,130000
,,,,,,289000
,,,,,,115000
,,,,,,81000
,,,,,,104000
,,,,,,67000
,,,,,,85000
,,,,,,88000
,,,,,,128000
,,,,,,100000
,,,,,,115000
,,,,,,85000
,,,,,,140000
,,,,,,113000
,,,,,,110000
,,,,,,70000
,,,,,,120000
,,,,,,80000
,,,,,,120000
,,,,,,112000
,,,,,,85000
,,,,,,95000
,,,,,,102000
,,,,,,137000
,,,,,,200000
,,,,,,268000
,,,,,,150000
,,,,,,170000
,,,,,,130000
,,,,,,102000
,,,,,,100000
,,,,,,75000
,,,,,,75000
,,,,,,94000
,,,,,,105000
,,,,,,152000
,,,,,,93000
,,,,,,88000
,,,,,,100000
,,,,,,120000
,,,,,,103000
,,,,,,70000
,,,,,,134000
,,,,,,108000
,,,,,,130000
,,,,,,60000
,,,,,,551500
,,,,,,310000
,,,,,,189000
,,,,,,135000
,,,,,,185000
,,,,,,70000
,,,,,,134000
,,,,,,200000
,,,,,,110000
,,,,,,110000
,,,,,,75000
,,,,,,130000
,,,,,,135000
,,,,,,150000
,,,,,,135000
,,,,,,80000
,,,,,,150000
,,,,,,141000
,,,,,,185000
,,,,,,80000
,,,,,,121000
,,,,,,115000
,,,,,,195000
,,,,,,100000
,,,,,,150000
,,,,,,182000
,,,,,,70000
,,,,,,315000
,,,,,,148000
,,,,,,238000
,,,,,,256000
,,,,,,160000
,,,,,,129000
,,,,,,145000
,,,,,,198000
,,,,,,55000
,,,,,,95000
,,,,,,210000
,,,,,,75000
,,,,,,92000
,,,,,,90000
,,,,,,90000
,,,,,,67000
,,,,,,71000
,,,,,,70000
,,,,,,76500
,,,,,,400000
,,,,,,335500
,,,,,,225000
,,,,,,176000
,,,,,,130000
,,,,,,408000
,,,,,,100000
,,,,,,65000
,,,,,,120000
,,,,,,260000
,,,,,,109000
,,,,,,151000
,,,,,,62000
,,,,,,120000
,,,,,,76000
,,,,,,175000
,,,,,,92000
,,,,,,90000
,,,,,,100000
,,,,,,80000
,,,,,,131000
,,,,,,107000
,,,,,,70000
,,,,,,150000
,,,,,,105000
,,,,,,125000
,,,,,,70000
,,,,,,95000
,,,,,,115000
,,,,,,80000
,,,,,,195000
,,,,,,86000
,,,,,,249500
,,,,,,100000
,,,,,,80000
,,,,,,79000
,,,,,,150000
,,,,,,90000
,,,,,,150000
,,,,,,145000
,,,,,,75000
,,,,,,50000
,,,,,,484000
,,,,,,358000
,,,,,,211000
,,,,,,520000
,,,,,,125000
,,,,,,100000
,,,,,,100000
,,,,,,20000
,,,,,,135000
,,,,,,118000
,,,,,,140000
,,,,,,300000
,,,,,,485000
,,,,,,150000
,,,,,,160000
,,,,,,120000
,,,,,,90000
,,,,,,130000
,,,,,,140000
,,,,,,120000
,,,,,,70000
,,,,,,258000
,,,,,,390000
,,,,,,110000
,,,,,,146000
,,,,,,114000
,,,,,,180000
,,,,,,73000
,,,,,,115000
,,,,,,117000
,,,,,,60000
,,,,,,82000
,,,,,,58000
,,,,,,302000
,,,,,,240000
,,,,,,212000
,,,,,,166000
,,,,,,122000
,,,,,,110000
,,,,,,91000
,,,,,,150000
,,,,,,96000
,,,,,,110000
,,,,,,133000
,,,,,,139000
,,,,,,133000
,,,,,,140000
,,,,,,150000
,,,,,,105000
,,,,,,190000
,,,,,,104000
,,,,,,138000
,,,,,,100000
,,,,,,133000
,,,,,,75000
,,,,,,110000
,,,,,,80000
,,,,,,140000
,,,,,,30000
,,,,,,200000
,,,,,,180000
,,,,,,101000
,,,,,,100000
,,,,,,105060
,,,,,,50000
,,,,,,105000
,,,,,,100000
,,,,,,155000
,,,,,,155000
,,,,,,140000
,,,,,,60000
,,,,,,119000
,,,,,,170000
,,,,,,59000
,,,,,,115000
,,,,,,87000
,,,,,,100000
,,,,,,113000
,,,,,,81000
,,,,,,77000
,,,,,,70000
,,,,,,80000
,,,,,,71000
,,,,,,95000
,,,,,,80000
,,,,,,55000
,,,,,,289000
,,,,,,205000
,,,,,,230000
,,,,,,105000
,,,,,,110000
,,,,,,100000
,,,,,,406000
,,,,,,62000
,,,,,,100000
,,,,,,110000
,,,,,,125000
,,,,,,100000
,,,,,,100000
,,,,,,134000
,,,,,,100000
,,,,,,58000
,,,,,,125000
,,,,,,110000
,,,,,,135000
,,,,,,100000
,,,,,,88000
,,,,,,315000
,,,,,,195000
,,,,,,120000
,,,,,,80000
,,,,,,120000
,,,,,,195000
,,,,,,70500
,,,,,,55000
,,,,,,145000
,,,,,,107000
,,,,,,159000
,,,,,,100000
,,,,,,200000
,,,,,,27000
,,,,,,177500
,,,,,,140000
,,,,,,100000
,,,,,,100000
,,,,,,110000
,,,,,,168000
,,,,,,92000
,,,,,,46000
,,,,,,94000
,,,,,,90000
,,,,,,145000
,,,,,,90000
,,,,,,100000
,,,,,,59000
,,,,,,119000
,,,,,,80000
,,,,,,300000
,,,,,,465000
,,,,,,318000
,,,,,,196000
,,,,,,505000
,,,,,,446000
,,,,,,145000
,,,,,,300000
,,,,,,85000
,,,,,,99000
,,,,,,130000
,,,,,,110000
,,,,,,179000
,,,,,,147000
,,,,,,72000
,,,,,,119000
,,,,,,123000
,,,,,,426000
,,,,,,150000
,,,,,,130000
,,,,,,105000
,,,,,,129000
,,,,,,115000
,,,,,,105000
,,,,,,72000
,,,,,,100000
,,,,,,115000
,,,,,,118000
,,,,,,146000
,,,,,,240000
,,,,,,100000
,,,,,,150000
,,,,,,110000
,,,,,,120000
,,,,,,120000
,,,,,,100000
,,,,,,73000
,,,,,,99000
,,,,,,40000
,,,,,,88000
,,,,,,60000
,,,,,,86000
,,,,,,170000
,,,,,,85000
,,,,,,71000
,,,,,,76000
,,,,,,20000
,,,,,,50000
,,,,,,75000
,,,,,,135000
,,,,,,75000
,,,,,,1204000
,,,,,,360000
,,,,,,192000
,,,,,,152000
,,,,,,184000
,,,,,,90000
,,,,,,100000
,,,,,,190000
,,,,,,693000
,,,,,,144000
,,,,,,235000
,,,,,,360000
,,,,,,110000
,,,,,,130000
,,,,,,81000
,,,,,,76000
,,,,,,120000
,,,,,,100000
,,,,,,131000
,,,,,,105000
,,,,,,150000
,,,,,,285000
,,,,,,92000
,,,,,,182000
,,,,,,125000
,,,,,,117000
,,,,,,100000
,,,,,,127000
,,,,,,127000
,,,,,,115000
,,,,,,100000
,,,,,,94000
,,,,,,140000
,,,,,,82000
,,,,,,147000
,,,,,,141000
,,,,,,60000
,,,,,,70000
,,,,,,100000
,,,,,,79000
,,,,,,65000
,,,,,,89000
,,,,,,70000
,,,,,,133000
,,,,,,102000
,,,,,,14000
,,,,,,85000
,,,,,,82000
,,,,,,82000
,,,,,,100000
,,,,,,125000
,,,,,,85000
,,,,,,82000
,,,,,,150000
,,,,,,308000
,,,,,,258000
,,,,,,411000
,,,,,,231000
,,,,,,232000
,,,,,,112000
,,,,,,165000
,,,,,,49000
,,,,,,58000
,,,,,,202000
,,,,,,140000
,,,,,,90000
,,,,,,84000
,,,,,,95000
,,,,,,123000
,,,,,,215000
,,,,,,97000
,,,,,,150000
,,,,,,150000
,,,,,,137000
,,,,,,98000
,,,,,,175000
,,,,,,160000
,,,,,,60000
,,,,,,90000
,,,,,,130000
,,,,,,95000
,,,,,,100000
,,,,,,105000
,,,,,,85000
,,,,,,90000
,,,,,,160000
,,,,,,95000
,,,,,,60000
,,,,,,40000
,,,,,,100000
,,,,,,70000
,,,,,,87000
,,,,,,71000
,,,,,,64000
,,,,,,50000
,,,,,,60000
,,,,,,55000
,,,,,,17000
,,,,,,90000
,,,,,,50000
,,,,,,120000
,,,,,,60000
,,,,,,150000
,,,,,,435000
,,,,,,290000
,,,,,,224000
,,,,,,122000
,,,,,,615000
,,,,,,135000
,,,,,,60500
,,,,,,110000
,,,,,,113000
,,,,,,150000
,,,,,,83000
,,,,,,103000
,,,,,,110000
,,,,,,160000
,,,,,,160000
,,,,,,50000
,,,,,,90000
,,,,,,150000
,,,,,,170000
,,,,,,100000
,,,,,,60000
,,,,,,105000
,,,,,,100000
,,,,,,170000
,,,,,,125000
,,,,,,235000
,,,,,,130000
,,,,,,110000
,,,,,,130000
,,,,,,90000
,,,,,,75000
,,,,,,90000
,,,,,,85000
,,,,,,142000
,,,,,,200000
,,,,,,90000
,,,,,,168000
,,,,,,88000
,,,,,,472500
,,,,,,213000
,,,,,,180000
,,,,,,140000
,,,,,,471000
,,,,,,80000
,,,,,,110000
,,,,,,120000
,,,,,,85000
,,,,,,102000
,,,,,,135000
,,,,,,117000
,,,,,,112000
,,,,,,250000
,,,,,,243000
,,,,,,290000
,,,,,,300000
,,,,,,150000
,,,,,,130000
,,,,,,170000
,,,,,,105000
,,,,,,130000
,,,,,,110000
,,,,,,115000
,,,,,,125000
,,,,,,134500
,,,,,,100000
,,,,,,210000
,,,,,,110000
,,,,,,110000
,,,,,,138000
,,,,,,130000
,,,,,,98000
,,,,,,67000
,,,,,,60000
,,,,,,70000
,,,,,,50000
,,,,,,69000
,,,,,,85000
,,,,,,304000
,,,,,,206000
,,,,,,255000
,,,,,,150000
,,,,,,70000
,,,,,,108000
,,,,,,151000
,,,,,,200000
,,,,,,135000
,,,,,,190000
,,,,,,220000
,,,,,,110000
,,,,,,150000
,,,,,,110000
,,,,,,161000
,,,,,,78000
,,,,,,129000
,,,,,,98000
,,,,,,135000
,,,,,,120000
,,,,,,131000
,,,,,,85000
,,,,,,102000
,,,,,,130000
,,,,,,135000
,,,,,,110000
,,,,,,84000
,,,,,,141000
,,,,,,70000
,,,,,,133000
,,,,,,108000
,,,,,,245000
,,,,,,145000
,,,,,,203000
,,,,,,107000
,,,,,,180000
,,,,,,100000
,,,,,,55000
,,,,,,119000
,,,,,,110000
,,,,,,105000
,,,,,,183000
,,,,,,233000
,,,,,,235000
,,,,,,66000
,,,,,,85000
,,,,,,152000
,,,,,,48000
,,,,,,145000
,,,,,,120000
,,,,,,97000
,,,,,,56000
,,,,,,75000
,,,,,,77000
,,,,,,55000
,,,,,,124000
,,,,,,189000
,,,,,,304000
,,,,,,225000
,,,,,,130000
,,,,,,180000
,,,,,,402000
,,,,,,84000
,,,,,,109500
,,,,,,114000
,,,,,,134000
,,,,,,121000
,,,,,,90000
,,,,,,150000
,,,,,,135000
,,,,,,150000
,,,,,,100000
,,,,,,315000
,,,,,,97000
,,,,,,166000
,,,,,,110000
,,,,,,56000
,,,,,,95000
,,,,,,185000
,,,,,,134000
,,,,,,170000
,,,,,,50000
,,,,,,104000
,,,,,,150000
,,,,,,68000
,,,,,,110000
,,,,,,150000
,,,,,,80000
,,,,,,82000
,,,,,,100000
,,,,,,135000
,,,,,,100000
,,,,,,50000
,,,,,,85000
,,,,,,129500
,,,,,,127000
,,,,,,210000
,,,,,,130000
,,,,,,130000
,,,,,,87500
,,,,,,175000
,,,,,,76000
,,,,,,102000
,,,,,,62000
,,,,,,95000
,,,,,,70000
,,,,,,86000
,,,,,,135000
,,,,,,109000
,,,,,,126000
,,,,,,1088000
,,,,,,490000
,,,,,,330000
,,,,,,215000
,,,,,,520000
,,,,,,188000
,,,,,,105000
,,,,,,138000
,,,,,,249000
,,,,,,641000
,,,,,,100000
,,,,,,120000
,,,,,,110000
,,,,,,112000
,,,,,,110000
,,,,,,106000
,,,,,,150500
,,,,,,100000
,,,,,,61000
,,,,,,198000
,,,,,,50000
,,,,,,125000
,,,,,,75000
,,,,,,140000
,,,,,,130000
,,,,,,100000
,,,,,,103000
,,,,,,100000
,,,,,,90000
,,,,,,100000
,,,,,,110000
,,,,,,105000
,,,,,,180000
,,,,,,230000
,,,,,,355000
,,,,,,235000
,,,,,,70000
,,,,,,89000
,,,,,,70000
,,,,,,93000
,,,,,,95000
,,,,,,75000
,,,,,,50000
,,,,,,158000
,,,,,,65000
,,,,,,150000
,,,,,,100000
,,,,,,74000
,,,,,,75000
,,,,,,81000
,,,,,,150000
,,,,,,297500
,,,,,,215000
,,,,,,445000
,,,,,,82000
,,,,,,95000
,,,,,,55000
,,,,,,20000
,,,,,,143000
,,,,,,95000
,,,,,,125000
,,,,,,110000
,,,,,,153000
,,,,,,135000
,,,,,,104000
,,,,,,311000
,,,,,,215000
,,,,,,165000
,,,,,,175000
,,,,,,90000
,,,,,,110000
,,,,,,140000
,,,,,,95000
,,,,,,78000
,,,,,,92000
,,,,,,112000
,,,,,,120000
,,,,,,139000
,,,,,,80000
,,,,,,250000
,,,,,,130000
,,,,,,110000
,,,,,,100000
,,,,,,183000
,,,,,,118000
,,,,,,100000
,,,,,,80000
,,,,,,60000
,,,,,,130000
,,,,,,75000
,,,,,,75000
,,,,,,54000
,,,,,,25000
,,,,,,100000
,,,,,,120000
,,,,,,20000
,,,,,,82000
,,,,,,70000
,,,,,,60000
,,,,,,145000
,,,,,,158000
,,,,,,95000
,,,,,,120000
,,,,,,69500
,,,,,,69000
,,,,,,1057000
,,,,,,175000
,,,,,,202000
,,,,,,280000
,,,,,,236000
,,,,,,200000
,,,,,,130000
,,,,,,100000
,,,,,,126000
,,,,,,151000
,,,,,,150000
,,,,,,396000
,,,,,,167000
,,,,,,112000
,,,,,,75000
,,,,,,30000
,,,,,,100000
,,,,,,152000
,,,,,,100000
,,,,,,145000
,,,,,,140000
,,,,,,100000
,,,,,,96000
,,,,,,144000
,,,,,,120000
,,,,,,200000
,,,,,,120000
,,,,,,88000
,,,,,,169000
,,,,,,100000
,,,,,,68000
,,,,,,102000
,,,,,,97000
,,,,,,40000
,,,,,,95000
,,,,,,160000
,,,,,,70000
,,,,,,60000
,,,,,,90000
,,,,,,82000
,,,,,,84000
,,,,,,108000
,,,,,,111000
,,,,,,70000
,,,,,,54000
,,,,,,55000
,,,,,,300000
,,,,,,216000
,,,,,,397000
,,,,,,180000
,,,,,,235000
,,,,,,145000
,,,,,,125000
,,,,,,105000
,,,,,,96000
,,,,,,98000
,,,,,,111000
,,,,,,345000
,,,,,,145000
,,,,,,132000
,,,,,,110000
,,,,,,130000
,,,,,,75000
,,,,,,110000
,,,,,,115000
,,,,,,114000
,,,,,,90000
,,,,,,127000
,,,,,,120000
,,,,,,125000
,,,,,,153000
,,,,,,55000
,,,,,,95000
,,,,,,80000
,,,,,,176000
,,,,,,150000
,,,,,,142000
,,,,,,84000
,,,,,,125000
,,,,,,120000
,,,,,,95000
,,,,,,55500
,,,,,,50000
,,,,,,107000
,,,,,,62000
,,,,,,15000
,,,,,,90000
,,,,,,99000
,,,,,,66000
,,,,,,100000
,,,,,,109500
,,,,,,60000
,,,,,,280000
,,,,,,390000
,,,,,,315000
,,,,,,197000
,,,,,,267000
,,,,,,100000
,,,,,,96000
,,,,,,109000
,,,,,,125000
,,,,,,170000
,,,,,,340000
,,,,,,220000
,,,,,,53000
,,,,,,70000
,,,,,,100000
,,,,,,150000
,,,,,,95000
,,,,,,100000
,,,,,,85000
,,,,,,114000
,,,,,,228000
,,,,,,145000
,,,,,,168000
,,,,,,105000
,,,,,,115000
,,,,,,334000
,,,,,,110000
,,,,,,90000
,,,,,,40000
,,,,,,120000
,,,,,,69000
,,,,,,85000
,,,,,,491000
,,,,,,278000
,,,,,,204000
,,,,,,119000
,,,,,,110000
,,,,,,86000
,,,,,,179000
,,,,,,170000
,,,,,,145000
,,,,,,130000
,,,,,,195000
,,,,,,160000
,,,,,,118000
,,,,,,180000
,,,,,,100000
,,,,,,90000
,,,,,,150000
,,,,,,170000
,,,,,,75000
,,,,,,140000
,,,,,,110000
,,,,,,128000
,,,,,,160000
,,,,,,235000
,,,,,,105000
,,,,,,143000
,,,,,,140000
,,,,,,110000
,,,,,,100000
,,,,,,112000
,,,,,,93000
,,,,,,87000
,,,,,,90000
,,,,,,115000
,,,,,,100000
,,,,,,110000
,,,,,,116000
,,,,,,80000
,,,,,,60000
,,,,,,70000
,,,,,,90000
,,,,,,125000
,,,,,,70000
,,,,,,100000
,,,,,,80000
,,,,,,100000
,,,,,,125000
,,,,,,27000
,,,,,,300000
,,,,,,252000
,,,,,,275000
,,,,,,228000
,,,,,,106000
,,,,,,134000
,,,,,,300000
,,,,,,135000
,,,,,,50000
,,,,,,25000
,,,,,,114000
,,,,,,150000
,,,,,,46000
,,,,,,150000
,,,,,,130000
,,,,,,265000
,,,,,,150000
,,,,,,240000
,,,,,,130000
,,,,,,85000
,,,,,,150000
,,,,,,77000
,,,,,,125000
,,,,,,120000
,,,,,,255000
,,,,,,120000
,,,,,,155000
,,,,,,110000
,,,,,,33000
,,,,,,135000
,,,,,,30000
,,,,,,82000
,,,,,,80000
,,,,,,130000
,,,,,,110000
,,,,,,135000
,,,,,,100000
,,,,,,130000
,,,,,,107000
,,,,,,85000
,,,,,,108000
,,,,,,70000
,,,,,,65000
,,,,,,180000
,,,,,,79000
,,,,,,114000
,,,,,,142000
,,,,,,79000
,,,,,,80000
,,,,,,65000
,,,,,,50000
,,,,,,130000
,,,,,,131000
,,,,,,113000
,,,,,,100000
,,,,,,100000
,,,,,,65000
,,,,,,1110000
,,,,,,309000
,,,,,,200000
,,,,,,196000
,,,,,,250000
,,,,,,400500
,,,,,,348000
,,,,,,160000
,,,,,,140000
,,,,,,138000
,,,,,,173000
,,,,,,123000
,,,,,,122000
,,,,,,130000
,,,,,,126000
,,,,,,94000
,,,,,,170000
,,,,,,90000
,,,,,,110000
,,,,,,90000
,,,,,,100000
,,,,,,55000
,,,,,,139000
,,,,,,100000
,,,,,,100000
,,,,,,132000
,,,,,,70000
,,,,,,73000
,,,,,,80000
,,,,,,194000
,,,,,,115000
,,,,,,380000
,,,,,,20000
,,,,,,170000
,,,,,,85000
,,,,,,136000
,,,,,,123000
,,,,,,89000
,,,,,,100000
,,,,,,80000
,,,,,,95000
,,,,,,139000
,,,,,,170000
,,,,,,97000
,,,,,,141000
,,,,,,78000
,,,,,,92000
,,,,,,82000
,,,,,,70000
,,,,,,75000
,,,,,,65000
,,,,,,140000
,,,,,,96000
,,,,,,75000
,,,,,,116000
,,,,,,145000
,,,,,,84000
,,,,,,56000
,,,,,,280000
,,,,,,224000
,,,,,,130000
,,,,,,136000
,,,,,,100000
,,,,,,110000
,,,,,,75000
,,,,,,150000
,,,,,,130000
,,,,,,93000
,,,,,,123000
,,,,,,100000
,,,,,,140000
,,,,,,110000
,,,,,,106000
,,,,,,96500
,,,,,,170000
,,,,,,120000
,,,,,,50000
,,,,,,120000
,,,,,,117000
,,,,,,331000
,,,,,,240000
,,,,,,106000
,,,,,,122000
,,,,,,98000
,,,,,,143000
,,,,,,78000
,,,,,,50000
,,,,,,14000
,,,,,,95000
,,,,,,80000
,,,,,,132000
,,,,,,65000
,,,,,,92000
,,,,,,70000
,,,,,,111000
,,,,,,65000
,,,,,,65000
,,,,,,130000
,,,,,,119000
,,,,,,79000
,,,,,,70000
,,,,,,264000
,,,,,,226000
,,,,,,246000
,,,,,,410000
,,,,,,210000
,,,,,,303000
,,,,,,242000
,,,,,,335000
,,,,,,19000
,,,,,,90000
,,,,,,44500
,,,,,,120000
,,,,,,160000
,,,,,,140000
,,,,,,115000
,,,,,,120000
,,,,,,159000
,,,,,,100000
,,,,,,105000
,,,,,,125000
,,,,,,150000
,,,,,,130000
,,,,,,90000
,,,,,,220000
,,,,,,160000
,,,,,,152000
,,,,,,240000
,,,,,,300000
,,,,,,120000
,,,,,,127000
,,,,,,100000
,,,,,,119000
,,,,,,118000
,,,,,,122000
,,,,,,100000
,,,,,,65000
,,,,,,85000
,,,,,,60000
,,,,,,55000
,,,,,,102000
,,,,,,77000
,,,,,,110000
,,,,,,94000
,,,,,,88000
,,,,,,85000
,,,,,,95000
,,,,,,1248000
,,,,,,190000
,,,,,,179000
,,,,,,382000
,,,,,,128000
,,,,,,80000
,,,,,,120000
,,,,,,139000
,,,,,,200000
,,,,,,226000
,,,,,,265000
,,,,,,115000
,,,,,,75000
,,,,,,86000
,,,,,,105000
,,,,,,390000
,,,,,,140000
,,,,,,130000
,,,,,,104000
,,,,,,50000
,,,,,,99000
,,,,,,127000
,,,,,,90000
,,,,,,130000
,,,,,,85000
,,,,,,130000
,,,,,,60000
,,,,,,93000
,,,,,,104000
,,,,,,120000
,,,,,,120000
,,,,,,270000
,,,,,,90000
,,,,,,200000
,,,,,,131000
,,,,,,155000
,,,,,,143000
,,,,,,71000
,,,,,,84000
,,,,,,53000
,,,,,,38000
,,,,,,67000
,,,,,,118000
,,,,,,60000
,,,,,,73000
,,,,,,85000
,,,,,,190000
,,,,,,70000
,,,,,,105000
,,,,,,270000
,,,,,,408000
,,,,,,210000
,,,,,,260000
,,,,,,150000
,,,,,,440000
,,,,,,50000
,,,,,,120000
,,,,,,145000
,,,,,,115500
,,,,,,95000
,,,,,,85000
,,,,,,130000
,,,,,,130000
,,,,,,110000
,,,,,,200000
,,,,,,260000
,,,,,,40000
,,,,,,130000
,,,,,,80000
,,,,,,132000
,,,,,,140000
,,,,,,130000
,,,,,,250000
,,,,,,250000
,,,,,,190000
,,,,,,82000
,,,,,,202000
,,,,,,122500
,,,,,,81000
,,,,,,70000
,,,,,,82500
,,,,,,63000
,,,,,,65000
,,,,,,255000
,,,,,,120000
,,,,,,130000
,,,,,,227000
,,,,,,139000
,,,,,,114000
,,,,,,200000
,,,,,,100000
,,,,,,145000
,,,,,,120000
,,,,,,170000
,,,,,,100000
,,,,,,75000
,,,,,,128000
,,,,,,112000
,,,,,,115000
,,,,,,95000
,,,,,,130000
,,,,,,100000
,,,,,,165000
,,,,,,110000
,,,,,,115000
,,,,,,100000
,,,,,,100000
,,,,,,121000
,,,,,,110000
,,,,,,101000
,,,,,,160000
,,,,,,170000
,,,,,,104000
,,,,,,100000
,,,,,,136500
,,,,,,140000
,,,,,,150000
,,,,,,70000
,,,,,,80000
,,,,,,120000
,,,,,,157000
,,,,,,82000
,,,,,,20000
,,,,,,56000
,,,,,,55000
,,,,,,115000
,,,,,,125000
,,,,,,86000
,,,,,,91000
,,,,,,109000
,,,,,,88000
,,,,,,75000
,,,,,,70000
,,,,,,86000
,,,,,,85000
,,,,,,92000
,,,,,,80000
,,,,,,30000
,,,,,,70000
,,,,,,326000
,,,,,,200000
,,,,,,68000
,,,,,,242000
,,,,,,267000
,,,,,,130000
,,,,,,120000
,,,,,,135000
,,,,,,130000
,,,,,,110000
,,,,,,105000
,,,,,,140000
,,,,,,77000
,,,,,,90000
,,,,,,130000
,,,,,,171000
,,,,,,115000
,,,,,,115000
,,,,,,110000
,,,,,,100000
,,,,,,98000
,,,,,,135000
,,,,,,251000
,,,,,,339500
,,,,,,210000
,,,,,,110000
,,,,,,190000
,,,,,,110000
,,,,,,68000
,,,,,,140000
,,,,,,130000
,,,,,,165000
,,,,,,123000
,,,,,,152000
,,,,,,143000
,,,,,,93000
,,,,,,149000
,,,,,,108000
,,,,,,99000
,,,,,,45000
,,,,,,170000
,,,,,,108000
,,,,,,89000
,,,,,,97000
,,,,,,109000
,,,,,,75000
,,,,,,130000
,,,,,,75000
,,,,,,76000
,,,,,,81000
,,,,,,113000
,,,,,,95000
,,,,,,92000
,,,,,,1150000
,,,,,,307000
,,,,,,100000
,,,,,,191000
,,,,,,105000
,,,,,,120000
,,,,,,151000
,,,,,,160000
,,,,,,90000
,,,,,,80000
,,,,,,100000
,,,,,,115000
,,,,,,95000
,,,,,,100000
,,,,,,124500
,,,,,,70000
,,,,,,117000
,,,,,,118000
,,,,,,394000
,,,,,,200000
,,,,,,110000
,,,,,,112000
,,,,,,110000
,,,,,,127000
,,,,,,130000
,,,,,,123000
,,,,,,83000
,,,,,,101000
,,,,,,118000
,,,,,,130000
,,,,,,70000
,,,,,,77000
,,,,,,134000
,,,,,,57000
,,,,,,70000
,,,,,,67000
,,,,,,120000
,,,,,,88000
,,,,,,100000
,,,,,,109000
,,,,,,174000
,,,,,,107000
,,,,,,437000
,,,,,,180000
,,,,,,173000
,,,,,,518000
,,,,,,145000
,,,,,,125000
,,,,,,710000
,,,,,,10000
,,,,,,155000
,,,,,,80000
,,,,,,125000
,,,,,,90000
,,,,,,80000
,,,,,,125000
,,,,,,90000
,,,,,,140000
,,,,,,120000
,,,,,,70000
,,,,,,117000
,,,,,,162000
,,,,,,155000
,,,,,,270000
,,,,,,358000
,,,,,,110000
,,,,,,120000
,,,,,,120000
,,,,,,35000
,,,,,,100000
,,,,,,118000
,,,,,,130000
,,,,,,85000
,,,,,,110000
,,,,,,85000
,,,,,,134000
,,,,,,171000
,,,,,,90000
,,,,,,155000
,,,,,,80000
,,,,,,95000
,,,,,,116000
,,,,,,64000
,,,,,,150000
,,,,,,62000
,,,,,,80000
,,,,,,67000
,,,,,,105000
,,,,,,103000
,,,,,,85000
,,,,,,140000
,,,,,,85500
,,,,,,73000
,,,,,,310000
,,,,,,1244000
,,,,,,231000
,,,,,,300000
,,,,,,150000
,,,,,,310000
,,,,,,212000
,,,,,,260000
,,,,,,337500
,,,,,,125000
,,,,,,120000
,,,,,,137000
,,,,,,125000
,,,,,,117000
,,,,,,110000
,,,,,,100000
,,,,,,138000
,,,,,,80000
,,,,,,80000
,,,,,,90000
,,,,,,100000
,,,,,,90000
,,,,,,120000
,,,,,,130000
,,,,,,247000
,,,,,,160000
,,,,,,120000
,,,,,,113000
,,,,,,120000
,,,,,,123000
,,,,,,106000
,,,,,,110000
,,,,,,99000
,,,,,,83000
,,,,,,69000
,,,,,,100000
,,,,,,125000
,,,,,,50000
,,,,,,75000
,,,,,,95000
,,,,,,105000
,,,,,,100000
,,,,,,54000
,,,,,,110000
,,,,,,61000
,,,,,,105000
,,,,,,147000
,,,,,,155000
,,,,,,65000
,,,,,,72000
,,,,,,80000
,,,,,,490000
,,,,,,204000
,,,,,,310000
,,,,,,280000
,,,,,,130000
,,,,,,234000
,,,,,,83000
,,,,,,120000
,,,,,,175000
,,,,,,120000
,,,,,,136000
,,,,,,130000
,,,,,,130000
,,,,,,100000
,,,,,,140000
,,,,,,110000
,,,,,,20000
,,,,,,145000
,,,,,,103000
,,,,,,125000
,,,,,,135000
,,,,,,180000
,,,,,,170000
,,,,,,105000
,,,,,,75000
,,,,,,80000
,,,,,,143000
,,,,,,155000
,,,,,,175000
,,,,,,125000
,,,,,,146000
,,,,,,93000
,,,,,,80000
,,,,,,99000
,,,,,,144000
,,,,,,70000
,,,,,,56000
,,,,,,74000
,,,,,,100000
,,,,,,150000
,,,,,,17000
,,,,,,123000
,,,,,,77500
,,,,,,62000
,,,,,,75000
,,,,,,68000
,,,,,,68000
,,,,,,510000
,,,,,,430000
,,,,,,180000
,,,,,,195500
,,,,,,200000
,,,,,,125000
,,,,,,443000
,,,,,,278000
,,,,,,170000
,,,,,,98000
,,,,,,100000
,,,,,,90000
,,,,,,138000
,,,,,,90000
,,,,,,160000
,,,,,,165000
,,,,,,370000
,,,,,,90000
,,,,,,110000
,,,,,,140000
,,,,,,183000
,,,,,,120000
,,,,,,83000
,,,,,,284000
,,,,,,180000
,,,,,,109500
,,,,,,148000
,,,,,,93000
,,,,,,85000
,,,,,,70000
,,,,,,176000
,,,,,,180000
,,,,,,214000
,,,,,,125000
,,,,,,85000
,,,,,,94000
,,,,,,145500
,,,,,,140000
,,,,,,115000
,,,,,,123000
,,,,,,135000
,,,,,,131000
,,,,,,110000
,,,,,,128000
,,,,,,135000
,,,,,,170000
,,,,,,170000
,,,,,,120000
,,,,,,150000
,,,,,,220000
,,,,,,137500
,,,,,,97000
,,,,,,145000
,,,,,,180000
,,,,,,110000
,,,,,,140000
,,,,,,125000
,,,,,,68000
,,,,,,101000
,,,,,,150000
,,,,,,94000
,,,,,,80000
,,,,,,200000
,,,,,,120000
,,,,,,115000
,,,,,,82000
,,,,,,45000
,,,,,,90000
,,,,,,115000
,,,,,,120000
,,,,,,67000
,,,,,,135000
,,,,,,75000
,,,,,,70000
,,,,,,100000
,,,,,,85000
,,,,,,50000
,,,,,,50000
,,,,,,85000
,,,,,,50000
,,,,,,76000
,,,,,,76000
,,,,,,70000
,,,,,,65000
,,,,,,15000
,,,,,,340000
,,,,,,213000
,,,,,,386500
,,,,,,146000
,,,,,,201000
,,,,,,160000
,,,,,,260000
,,,,,,50000
,,,,,,85000
,,,,,,137000
,,,,,,100000
,,,,,,128000
,,,,,,130000
,,,,,,105000
,,,,,,120000
,,,,,,135000
,,,,,,250000
,,,,,,190000
,,,,,,75000
,,,,,,91000
,,,,,,120000
,,,,,,125000
,,,,,,120000
,,,,,,110000
,,,,,,80000
,,,,,,115000
,,,,,,92000
,,,,,,325000
,,,,,,300000
,,,,,,50000
,,,,,,110000
,,,,,,65000
,,,,,,100000
,,,,,,70000
,,,,,,120000
,,,,,,122000
,,,,,,165000
,,,,,,94000
,,,,,,185000
,,,,,,115000
,,,,,,90000
,,,,,,105000
,,,,,,109000
,,,,,,129000
,,,,,,89000
,,,,,,70000
,,,,,,100000
,,,,,,105000
,,,,,,100000
,,,,,,60000
,,,,,,100000
,,,,,,80000
,,,,,,75000
,,,,,,78000
,,,,,,76000
,,,,,,508000
,,,,,,1024000
,,,,,,412000
,,,,,,210000
,,,,,,340500
,,,,,,516000
,,,,,,234000
,,,,,,100000
,,,,,,274000
,,,,,,200000
,,,,,,390000
,,,,,,120000
,,,,,,115000
,,,,,,142000
,,,,,,115000
,,,,,,128000
,,,,,,155000
,,,,,,111000
,,,,,,107000
,,,,,,163000
,,,,,,270000
,,,,,,230000
,,,,,,86000
,,,,,,150000
,,,,,,180000
,,,,,,100000
,,,,,,110000
,,,,,,119500
,,,,,,150000
,,,,,,110000
,,,,,,100000
,,,,,,120000
,,,,,,134000
,,,,,,120000
,,,,,,55000
,,,,,,90000
,,,,,,100000
,,,,,,89000
,,,,,,75000
,,,,,,95000
,,,,,,85000
,,,,,,81000
,,,,,,140000
,,,,,,201000
,,,,,,85000
,,,,,,85000
,,,,,,91000
,,,,,,90000
,,,,,,63000
,,,,,,185000
,,,,,,100000
,,,,,,70000
,,,,,,275000
,,,,,,230000
,,,,,,405000
,,,,,,270000
,,,,,,90000
,,,,,,127000
,,,,,,110000
,,,,,,105000
,,,,,,15000
,,,,,,142000
,,,,,,90000
,,,,,,90000
,,,,,,148000
,,,,,,100000
,,,,,,125000
,,,,,,95500
,,,,,,100000
,,,,,,100000
,,,,,,215000
,,,,,,260000
,,,,,,230000
,,,,,,104000
,,,,,,89000
,,,,,,97000
,,,,,,130000
,,,,,,80000
,,,,,,90000
,,,,,,96000
,,,,,,100000
,,,,,,140000
,,,,,,125000
,,,,,,120000
,,,,,,83000
,,,,,,100000
,,,,,,95000
,,,,,,145000
,,,,,,114000
,,,,,,125000
,,,,,,98000
,,,,,,72000
,,,,,,127000
,,,,,,260000
,,,,,,143000
,,,,,,123000
,,,,,,60000
,,,,,,130000
,,,,,,78000
,,,,,,65000
,,,,,,74000
,,,,,,19000
,,,,,,115000
,,,,,,81000
,,,,,,70000
,,,,,,28000
,,,,,,105000
,,,,,,130000
,,,,,,110000
,,,,,,101000
,,,,,,76000
,,,,,,80000
,,,,,,160000
,,,,,,75000
,,,,,,512000
,,,,,,225000
,,,,,,325000
,,,,,,65000
,,,,,,320000
,,,,,,150000
,,,,,,190000
,,,,,,100000
,,,,,,175000
,,,,,,130000
,,,,,,125000
,,,,,,100000
,,,,,,100000
,,,,,,122000
,,,,,,100000
,,,,,,120000
,,,,,,185000
,,,,,,80000
,,,,,,63000
,,,,,,105000
,,,,,,215000
,,,,,,161000
,,,,,,113000
,,,,,,148000
,,,,,,110000
,,,,,,80000
,,,,,,76000
,,,,,,90000
,,,,,,103000
,,,,,,105000
,,,,,,22000
,,,,,,44000
,,,,,,79500
,,,,,,96000
,,,,,,70000
,,,,,,106000
,,,,,,70000
,,,,,,191000
,,,,,,86000
,,,,,,78000
,,,,,,91000
,,,,,,155000
,,,,,,416000
,,,,,,325000
,,,,,,160000
,,,,,,260000
,,,,,,225000
,,,,,,148000
,,,,,,480000
,,,,,,130000
,,,,,,160000
,,,,,,165000
,,,,,,181000
,,,,,,370000
,,,,,,158000
,,,,,,98000
,,,,,,113000
,,,,,,120000
,,,,,,110000
,,,,,,134000
,,,,,,152000
,,,,,,160000
,,,,,,235000
,,,,,,125000
,,,,,,168000
,,,,,,158000
,,,,,,140000
,,,,,,110000
,,,,,,125000
,,,,,,90000
,,,,,,140000
,,,,,,215000
,,,,,,132000
,,,,,,450000
,,,,,,160000
,,,,,,250000
,,,,,,175000
,,,,,,100000
,,,,,,129000
,,,,,,100000
,,,,,,143000
,,,,,,60000
,,,,,,80000
,,,,,,170000
,,,,,,83000
,,,,,,130000
,,,,,,60000
,,,,,,30000
,,,,,,215000
,,,,,,345000
,,,,,,285000
,,,,,,250000
,,,,,,64000
,,,,,,85000
,,,,,,139500
,,,,,,118000
,,,,,,180000
,,,,,,126000
,,,,,,115000
,,,,,,150000
,,,,,,80000
,,,,,,144000
,,,,,,143000
,,,,,,86000
,,,,,,140000
,,,,,,145000
,,,,,,103000
,,,,,,81000
,,,,,,190000
,,,,,,100000
,,,,,,100000
,,,,,,130000
,,,,,,125000
,,,,,,118000
,,,,,,120000
,,,,,,145000
,,,,,,75000
,,,,,,85000
,,,,,,84000
,,,,,,130000
,,,,,,160000
,,,,,,80000
,,,,,,105000
,,,,,,80000
,,,,,,102500
,,,,,,160000
,,,,,,111000
,,,,,,131000
,,,,,,87000
,,,,,,138500
,,,,,,199000
,,,,,,80000
,,,,,,90000
,,,,,,120000
,,,,,,116000
,,,,,,70000
,,,,,,70000
,,,,,,59000
,,,,,,100000
,,,,,,101000
,,,,,,60000
,,,,,,57000
,,,,,,96000
,,,,,,105000
,,,,,,276000
,,,,,,230000
,,,,,,211000
,,,,,,245000
,,,,,,42000
,,,,,,161000
,,,,,,180000
,,,,,,145000
,,,,,,97000
,,,,,,80000
,,,,,,50000
,,,,,,67000
,,,,,,121000
,,,,,,152000
,,,,,,126000
,,,,,,120000
,,,,,,135000
,,,,,,95500
,,,,,,140000
,,,,,,80000
,,,,,,110000
,,,,,,115000
,,,,,,157000
,,,,,,110000
,,,,,,100000
,,,,,,60000
,,,,,,120000
,,,,,,127000
,,,,,,129000
,,,,,,120000
,,,,,,240000
,,,,,,205000
,,,,,,120000
,,,,,,100000
,,,,,,130000
,,,,,,79000
,,,,,,81000
,,,,,,90000
,,,,,,90000
,,,,,,100000
,,,,,,131000
,,,,,,135000
,,,,,,120000
,,,,,,93000
,,,,,,87000
,,,,,,135000
,,,,,,50000
,,,,,,85000
,,,,,,99000
,,,,,,80000
,,,,,,501000
,,,,,,2086000
,,,,,,292000
,,,,,,200000
,,,,,,420000
,,,,,,309000
,,,,,,257000
,,,,,,148000
,,,,,,100000
,,,,,,120000
,,,,,,175000
,,,,,,73500
,,,,,,70000
,,,,,,130000
,,,,,,100000
,,,,,,100000
,,,,,,134000
,,,,,,86000
,,,,,,116000
,,,,,,90000
,,,,,,160000
,,,,,,350000
,,,,,,185000
,,,,,,100000
,,,,,,125000
,,,,,,195000
,,,,,,110000
,,,,,,108000
,,,,,,100000
,,,,,,105000
,,,,,,90000
,,,,,,76000
,,,,,,75000
,,,,,,160000
,,,,,,90000
,,,,,,120000
,,,,,,70000
,,,,,,90000
,,,,,,78000
,,,,,,94000
,,,,,,100000
,,,,,,60000
,,,,,,65000
,,,,,,78000
,,,,,,37000
,,,,,,101000
,,,,,,176000
,,,,,,92000
,,,,,,190000
,,,,,,58000
,,,,,,85000
,,,,,,87000
,,,,,,165000
,,,,,,247000
,,,,,,350000
,,,,,,210000
,,,,,,172000
,,,,,,167000
,,,,,,110000
,,,,,,91000
,,,,,,100000
,,,,,,91000
,,,,,,139000
,,,,,,111000
,,,,,,143000
,,,,,,175000
,,,,,,92000
,,,,,,89500
,,,,,,65000
,,,,,,80000
,,,,,,85000
,,,,,,230000
,,,,,,85000
,,,,,,80000
,,,,,,84000
,,,,,,100000
,,,,,,80000
,,,,,,135000
,,,,,,100000
,,,,,,70000
,,,,,,100000
,,,,,,90000
,,,,,,80000
,,,,,,250000
,,,,,,341000
,,,,,,235000
,,,,,,122000
,,,,,,106000
,,,,,,105000
,,,,,,91000
,,,,,,92000
,,,,,,180000
,,,,,,140500
,,,,,,133000
,,,,,,70000
,,,,,,65000
,,,,,,90000
,,,,,,100000
,,,,,,82000
,,,,,,140000
,,,,,,72000
,,,,,,71000
,,,,,,100000
,,,,,,75000
,,,,,,267500
,,,,,,220000
,,,,,,445000
,,,,,,113500
,,,,,,100000
,,,,,,340000
,,,,,,165000
,,,,,,100000
,,,,,,120000
,,,,,,135000
,,,,,,100000
,,,,,,147000
,,,,,,145000
,,,,,,110000
,,,,,,128000
,,,,,,110000
,,,,,,110000
,,,,,,118000
,,,,,,100000
,,,,,,163000
,,,,,,100000
,,,,,,90000
,,,,,,100000
,,,,,,120000
,,,,,,70000
,,,,,,120000
,,,,,,110000
,,,,,,130000
,,,,,,60000
,,,,,,113000
,,,,,,130000
,,,,,,101000
,,,,,,108500
,,,,,,262000
,,,,,,129000
,,,,,,75000
,,,,,,90000
,,,,,,73000
,,,,,,102000
,,,,,,80000
,,,,,,180000
,,,,,,78000
,,,,,,40000
,,,,,,153000
,,,,,,67000
,,,,,,180000
,,,,,,226000
,,,,,,452000
,,,,,,715000
,,,,,,290000
,,,,,,128000
,,,,,,140000
,,,,,,152000
,,,,,,408000
,,,,,,190000
,,,,,,150000
,,,,,,150000
,,,,,,105000
,,,,,,100000
,,,,,,125000
,,,,,,130000
,,,,,,150000
,,,,,,75000
,,,,,,102000
,,,,,,163000
,,,,,,80000
,,,,,,100000
,,,,,,80000
,,,,,,95000
,,,,,,125000
,,,,,,100000
,,,,,,140000
,,,,,,120000
,,,,,,102000
,,,,,,150000
,,,,,,200000
,,,,,,105000
,,,,,,70000
,,,,,,244000
,,,,,,242000
,,,,,,233000
,,,,,,70000
,,,,,,100000
,,,,,,110000
,,,,,,160000
,,,,,,160000
,,,,,,66000
,,,,,,92000
,,,,,,60000
,,,,,,80000
,,,,,,81000
,,,,,,118000
,,,,,,480000
,,,,,,197000
,,,,,,132000
,,,,,,112000
,,,,,,305000
,,,,,,60000
,,,,,,109000
,,,,,,140000
,,,,,,80000
,,,,,,89000
,,,,,,90000
,,,,,,127000
,,,,,,163000
,,,,,,125000
,,,,,,63000
,,,,,,146000
,,,,,,110000
,,,,,,97000
,,,,,,115000
,,,,,,116000
,,,,,,180000
,,,,,,297500
,,,,,,150000
,,,,,,340000
,,,,,,120000
,,,,,,275000
,,,,,,90000
,,,,,,107000
,,,,,,70000
,,,,,,130000
,,,,,,100000
,,,,,,70000
,,,,,,90000
,,,,,,170000
,,,,,,129000
,,,,,,64000
,,,,,,129000
,,,,,,90000
,,,,,,90000
,,,,,,105000
,,,,,,125000
,,,,,,100000
,,,,,,135000
,,,,,,95000
,,,,,,102000
,,,,,,157000
,,,,,,165000
,,,,,,142000
,,,,,,65000
,,,,,,100000
,,,,,,143000
,,,,,,80000
,,,,,,92000
,,,,,,110000
,,,,,,130000
,,,,,,115000
,,,,,,150000
,,,,,,65000
,,,,,,100000
,,,,,,115000
,,,,,,75000
,,,,,,181000
,,,,,,100000
,,,,,,75000
,,,,,,87000
,,,,,,85000
,,,,,,70000
,,,,,,127000
,,,,,,170000
,,,,,,130000
,,,,,,80000
,,,,,,135000
,,,,,,65000
,,,,,,63000
,,,,,,107000
,,,,,,141000
,,,,,,82000
,,,,,,100000
,,,,,,65000
,,,,,,90000
,,,,,,90000
,,,,,,55000
,,,,,,70000
,,,,,,125000
,,,,,,110000
,,,,,,100000
,,,,,,345000
,,,,,,405000
,,,,,,222000
,,,,,,265000
,,,,,,110000
,,,,,,402000
,,,,,,160000
,,,,,,145000
,,,,,,132000
,,,,,,160000
,,,,,,165000
,,,,,,135000
,,,,,,70000
,,,,,,100000
,,,,,,55000
,,,,,,140000
,,,,,,110000
,,,,,,73000
,,,,,,137000
,,,,,,110000
,,,,,,155000
,,,,,,95000
,,,,,,73000
,,,,,,89000
,,,,,,100000
,,,,,,140000
,,,,,,105000
,,,,,,113000
,,,,,,125000
,,,,,,80000
,,,,,,135000
,,,,,,70000
,,,,,,144000
,,,,,,225000
,,,,,,150000
,,,,,,97000
,,,,,,100000
,,,,,,85000
,,,,,,97000
,,,,,,80000
,,,,,,170000
,,,,,,85000
,,,,,,120000
,,,,,,100000
,,,,,,200000
,,,,,,87000
,,,,,,98000
,,,,,,48000
,,,,,,120000
,,,,,,100000
,,,,,,65000
,,,,,,410000
,,,,,,408000
,,,,,,1190000
,,,,,,299000
,,,,,,247000
,,,,,,200000
,,,,,,322000
,,,,,,226000
,,,,,,111000
,,,,,,310000
,,,,,,188000
,,,,,,120000
,,,,,,120000
,,,,,,130000
,,,,,,80000
,,,,,,130000
,,,,,,133000
,,,,,,115000
,,,,,,92000
,,,,,,120000
,,,,,,117000
,,,,,,120000
,,,,,,100000
,,,,,,95000
,,,,,,160000
,,,,,,110000
,,,,,,115000
,,,,,,80000
,,,,,,60000
,,,,,,130000
,,,,,,89000
,,,,,,140000
,,,,,,100000
,,,,,,100000
,,,,,,305500
,,,,,,190000
,,,,,,250000
,,,,,,250000
,,,,,,93000
,,,,,,68000
,,,,,,92000
,,,,,,80000
,,,,,,75000
,,,,,,92000
,,,,,,97000
,,,,,,64000
,,,,,,80000
,,,,,,111000
,,,,,,145000
,,,,,,146000
,,,,,,85000
,,,,,,504000
,,,,,,302000
,,,,,,209000
,,,,,,195000
,,,,,,395000
,,,,,,110000
,,,,,,155000
,,,,,,10000
,,,,,,76000
,,,,,,90000
,,,,,,110000
,,,,,,90000
,,,,,,120000
,,,,,,140000
,,,,,,78000
,,,,,,142000
,,,,,,85000
,,,,,,66000
,,,,,,130000
,,,,,,100000
,,,,,,125000
,,,,,,90000
,,,,,,130000
,,,,,,95000
,,,,,,60000
,,,,,,80000
,,,,,,126000
,,,,,,90000
,,,,,,115000
,,,,,,272000
,,,,,,250000
,,,,,,160000
,,,,,,78000
,,,,,,65000
,,,,,,60000
,,,,,,162500
,,,,,,85000
,,,,,,70000
,,,,,,90000
,,,,,,80000
,,,,,,90000
,,,,,,380000
,,,,,,190000
,,,,,,200000
,,,,,,750000
,,,,,,210000
,,,,,,271500
,,,,,,265000
,,,,,,15000
,,,,,,72000
,,,,,,100000
,,,,,,144000
,,,,,,145000
,,,,,,100000
,,,,,,102000
,,,,,,118000
,,,,,,85000
,,,,,,100000
,,,,,,103000
,,,,,,112000
,,,,,,105000
,,,,,,142000
,,,,,,86000
,,,,,,280000
,,,,,,145000
,,,,,,400000
,,,,,,95000
,,,,,,90000
,,,,,,96000
,,,,,,100500
,,,,,,115000
,,,,,,144000
,,,,,,115000
,,,,,,135000
,,,,,,90000
,,,,,,115000
,,,,,,160000
,,,,,,180000
,,,,,,100000
,,,,,,65000
,,,,,,80000
,,,,,,95000
,,,,,,130000
,,,,,,111000
,,,,,,72000
,,,,,,75500
,,,,,,125000
,,,,,,78000
,,,,,,182000
,,,,,,106500
,,,,,,71000
,,,,,,110000
,,,,,,55000
,,,,,,114000
,,,,,,110000
,,,,,,430000
,,,,,,521000
,,,,,,220000
,,,,,,255000
,,,,,,103000
,,,,,,212000
,,,,,,200000
,,,,,,132000
,,,,,,155600
,,,,,,106000
,,,,,,115000
,,,,,,100000
,,,,,,75000
,,,,,,75000
,,,,,,120000
,,,,,,110000
,,,,,,85000
,,,,,,166000
,,,,,,115000
,,,,,,180000
,,,,,,100000
,,,,,,62000
,,,,,,132000
,,,,,,60000
,,,,,,115000
,,,,,,95000
,,,,,,120000
,,,,,,120000
,,,,,,100000
,,,,,,75000
,,,,,,100000
,,,,,,80000
,,,,,,100000
,,,,,,75000
,,,,,,130000
,,,,,,126000
,,,,,,180000
,,,,,,120000
,,,,,,90000
,,,,,,100000
,,,,,,50000
,,,,,,65000
,,,,,,68000
,,,,,,80000
,,,,,,125000
,,,,,,80000
,,,,,,22000
,,,,,,62000
,,,,,,92000
,,,,,,120000
,,,,,,80000
,,,,,,70000
,,,,,,62000
,,,,,,82000
,,,,,,466000
,,,,,,408000
,,,,,,258000
,,,,,,233500
,,,,,,122500
,,,,,,408000
,,,,,,335000
,,,,,,25000
,,,,,,110000
,,,,,,83000
,,,,,,130000
,,,,,,350000
,,,,,,317000
,,,,,,250000
,,,,,,408000
,,,,,,150000
,,,,,,140000
,,,,,,123000
,,,,,,120000
,,,,,,65000
,,,,,,160000
,,,,,,120000
,,,,,,120000
,,,,,,110000
,,,,,,100000
,,,,,,120000
,,,,,,140000
,,,,,,142000
,,,,,,115000
,,,,,,200000
,,,,,,60000
,,,,,,129000
,,,,,,146000
,,,,,,112000
,,,,,,90000
,,,,,,75000
,,,,,,90000
,,,,,,92000
,,,,,,85000
,,,,,,292000
,,,,,,210000
,,,,,,210000
,,,,,,100000
,,,,,,40000
,,,,,,114000
,,,,,,65000
,,,,,,99000
,,,,,,120000
,,,,,,180000
,,,,,,70000
,,,,,,95000
,,,,,,132000
,,,,,,120000
,,,,,,98000
,,,,,,149000
,,,,,,87000
,,,,,,100000
,,,,,,220000
,,,,,,90000
,,,,,,142000
,,,,,,80000
,,,,,,115000
,,,,,,140000
,,,,,,123000
,,,,,,140000
,,,,,,120000
,,,,,,95000
,,,,,,130000
,,,,,,120000
,,,,,,128000
,,,,,,153000
,,,,,,120000
,,,,,,90000
,,,,,,122000
,,,,,,160000
,,,,,,150000
,,,,,,140000
,,,,,,100000
,,,,,,114000
,,,,,,100000
,,,,,,85000
,,,,,,143000
,,,,,,90000
,,,,,,166000
,,,,,,65000
,,,,,,55000
,,,,,,38000
,,,,,,68000
,,,,,,80000
,,,,,,80000
,,,,,,65000
,,,,,,125000
,,,,,,50000
,,,,,,23000
,,,,,,94000
,,,,,,165000
,,,,,,75000
,,,,,,329000
,,,,,,254000
,,,,,,108000
,,,,,,245000
,,,,,,95000
,,,,,,255000
,,,,,,468000
,,,,,,80000
,,,,,,110000
,,,,,,120000
,,,,,,90000
,,,,,,145000
,,,,,,95000
,,,,,,110000
,,,,,,128000
,,,,,,200000
,,,,,,44000
,,,,,,115000
,,,,,,95000
,,,,,,114000
,,,,,,45000
,,,,,,117000
,,,,,,113000
,,,,,,100000
,,,,,,110000
,,,,,,70000
,,,,,,170000
,,,,,,110000
,,,,,,115000
,,,,,,130000
,,,,,,85000
,,,,,,120000
,,,,,,130000
,,,,,,120000
,,,,,,90000
,,,,,,100000
,,,,,,260000
,,,,,,320000
,,,,,,156000
,,,,,,126000
,,,,,,113000
,,,,,,101000
,,,,,,142000
,,,,,,125000
,,,,,,160000
,,,,,,51000
,,,,,,75000
,,,,,,75000
,,,,,,60000
,,,,,,120000
,,,,,,210000
,,,,,,102000
,,,,,,56000
,,,,,,77000
,,,,,,132000
,,,,,,50000
,,,,,,60000
,,,,,,299000
,,,,,,232000
,,,,,,235000
,,,,,,360000
,,,,,,245000
,,,,,,150000
,,,,,,183000
,,,,,,28500
,,,,,,120000
,,,,,,89000
,,,,,,120000
,,,,,,90000
,,,,,,80000
,,,,,,91000
,,,,,,140000
,,,,,,128000
,,,,,,70000
,,,,,,125000
,,,,,,50000
,,,,,,100000
,,,,,,90000
,,,,,,140000
,,,,,,80000
,,,,,,140000
,,,,,,69000
,,,,,,85000
,,,,,,70000
,,,,,,88000
,,,,,,96000
,,,,,,181000
,,,,,,65500
,,,,,,157000
,,,,,,96000
,,,,,,80000
,,,,,,70000
,,,,,,150000
,,,,,,125000
,,,,,,110000
,,,,,,85000
,,,,,,55000
,,,,,,110000
,,,,,,129000
,,,,,,190000
,,,,,,119000
,,,,,,105000
,,,,,,72000
,,,,,,90000
,,,,,,130000
,,,,,,92000
,,,,,,150000
,,,,,,127000
,,,,,,100000
,,,,,,110000
,,,,,,95000
,,,,,,191000
,,,,,,118500
,,,,,,320500
,,,,,,125000
,,,,,,120000
,,,,,,145000
,,,,,,97000
,,,,,,92000
,,,,,,101000
,,,,,,165000
,,,,,,70000
,,,,,,110000
,,,,,,135000
,,,,,,147500
,,,,,,84000
,,,,,,90000
,,,,,,101000
,,,,,,85000
,,,,,,170000
,,,,,,95000
,,,,,,115000
,,,,,,235000
,,,,,,20000
,,,,,,100000
,,,,,,110000
,,,,,,120000
,,,,,,130000
,,,,,,95000
,,,,,,80000
,,,,,,155000
,,,,,,110000
,,,,,,110000
,,,,,,90000
,,,,,,76500
,,,,,,140000
,,,,,,84000
,,,,,,160000
,,,,,,108000
,,,,,,56000
,,,,,,115000
,,,,,,160000
,,,,,,144000
,,,,,,110000
,,,,,,138000
,,,,,,235000
,,,,,,200000
,,,,,,287000
,,,,,,380000
,,,,,,200000
,,,,,,109000
,,,,,,145000
,,,,,,153000
,,,,,,90000
,,,,,,85000
,,,,,,130000
,,,,,,110000
,,,,,,70000
,,,,,,100000
,,,,,,125000
,,,,,,60000
,,,,,,100000
,,,,,,83000
,,,,,,130000
,,,,,,127000
,,,,,,150000
,,,,,,90000
,,,,,,110000
,,,,,,220000
,,,,,,96000
,,,,,,125000
,,,,,,153000
,,,,,,95000
,,,,,,139000
,,,,,,47000
,,,,,,96000
,,,,,,142000
,,,,,,65000
,,,,,,80000
,,,,,,140000
,,,,,,145000
,,,,,,100000
,,,,,,25000
,,,,,,330500
,,,,,,242000
,,,,,,215000
,,,,,,485000
,,,,,,230000
,,,,,,216000
,,,,,,140000
,,,,,,105000
,,,,,,97000
,,,,,,90000
,,,,,,85000
,,,,,,130000
,,,,,,104000
,,,,,,153000
,,,,,,76500
,,,,,,156000
,,,,,,115000
,,,,,,210000
,,,,,,102000
,,,,,,76000
,,,,,,135000
,,,,,,80000
,,,,,,70000
,,,,,,110000
,,,,,,89000
,,,,,,120000
,,,,,,120000
,,,,,,115000
,,,,,,150000
,,,,,,125000
,,,,,,110000
,,,,,,105000
,,,,,,194000
,,,,,,200000
,,,,,,120000
,,,,,,131000
,,,,,,76000
,,,,,,122000
,,,,,,70000
,,,,,,93000
,,,,,,72000
,,,,,,100000
,,,,,,120000
,,,,,,110000
,,,,,,180000
,,,,,,120000
,,,,,,95000
,,,,,,100000
,,,,,,70000
,,,,,,95000
,,,,,,53000
,,,,,,89000
,,,,,,145000
,,,,,,162000
,,,,,,70000
,,,,,,70000
,,,,,,80000
,,,,,,100000
,,,,,,205000
,,,,,,95000
,,,,,,75000
,,,,,,20000
,,,,,,60000
,,,,,,261000
,,,,,,222000
,,,,,,427500
,,,,,,10000
,,,,,,100000
,,,,,,100000
,,,,,,146000
,,,,,,130000
,,,,,,135000
,,,,,,110000
,,,,,,90000
,,,,,,75000
,,,,,,70000
,,,,,,170000
,,,,,,77000
,,,,,,140000
,,,,,,50000
,,,,,,68000
,,,,,,115000
,,,,,,250000
,,,,,,120000
,,,,,,210000
,,,,,,80000
,,,,,,70000
,,,,,,100000
,,,,,,75000
,,,,,,60000
,,,,,,137000
,,,,,,101000
,,,,,,153000
,,,,,,130000
,,,,,,126000
,,,,,,75000
,,,,,,160000
,,,,,,125000
,,,,,,110000
,,,,,,85000
,,,,,,100000
,,,,,,90000
,,,,,,103000
,,,,,,80000
,,,,,,80000
,,,,,,80000
,,,,,,115000
,,,,,,75500
,,,,,,100000
,,,,,,105000
,,,,,,60000
,,,,,,54000
,,,,,,55000
,,,,,,56000
,,,,,,60000
,,,,,,487000
,,,,,,205000
,,,,,,308000
,,,,,,425000
,,,,,,82000
,,,,,,315000
,,,,,,182000
,,,,,,90000
,,,,,,30000
,,,,,,125000
,,,,,,100000
,,,,,,115000
,,,,,,50000
,,,,,,175000
,,,,,,100000
,,,,,,102000
,,,,,,96500
,,,,,,130000
,,,,,,130000
,,,,,,62000
,,,,,,90000
,,,,,,95000
,,,,,,105000
,,,,,,130000
,,,,,,118000
,,,,,,120000
,,,,,,205000
,,,,,,130000
,,,,,,90000
,,,,,,40000
,,,,,,116000
,,,,,,57000
,,,,,,104000
,,,,,,100000
,,,,,,68000
,,,,,,80000
,,,,,,167000
,,,,,,60000
,,,,,,77000
,,,,,,308000
,,,,,,206000
,,,,,,110000
,,,,,,110000
,,,,,,125000
,,,,,,200000
,,,,,,445000
,,,,,,111000
,,,,,,101000
,,,,,,90000
,,,,,,109000
,,,,,,148000
,,,,,,162000
,,,,,,133000
,,,,,,284000
,,,,,,252000
,,,,,,145000
,,,,,,112000
,,,,,,160000
,,,,,,90000
,,,,,,105000
,,,,,,105000
,,,,,,150000
,,,,,,105000
,,,,,,105000
,,,,,,147000
,,,,,,75000
,,,,,,140000
,,,,,,114000
,,,,,,135000
,,,,,,310000
,,,,,,316000
,,,,,,130000
,,,,,,105000
,,,,,,186000
,,,,,,115000
,,,,,,125000
,,,,,,84000
,,,,,,139000
,,,,,,75000
,,,,,,80000
,,,,,,70000
,,,,,,70000
,,,,,,69500
,,,,,,65000
,,,,,,82000
,,,,,,135000
,,,,,,67000
,,,,,,80000
,,,,,,125000
,,,,,,80000
,,,,,,50000
,,,,,,1053000
,,,,,,291000
,,,,,,240000
,,,,,,120000
,,,,,,395000
,,,,,,269000
,,,,,,85000
,,,,,,290000
,,,,,,150000
,,,,,,144500
,,,,,,373000
,,,,,,120000
,,,,,,90000
,,,,,,100000
,,,,,,90000
,,,,,,131000
,,,,,,129000
,,,,,,100000
,,,,,,130000
,,,,,,150000
,,,,,,118000
,,,,,,79000
,,,,,,135000
,,,,,,120000
,,,,,,113000
,,,,,,275000
,,,,,,65000
,,,,,,70000
,,,,,,100000
,,,,,,102000
,,,,,,113000
,,,,,,110000
,,,,,,70000
,,,,,,145000
,,,,,,120000
,,,,,,100000
,,,,,,110000
,,,,,,87000
,,,,,,165000
,,,,,,160000
,,,,,,186000
,,,,,,85000
,,,,,,101000
,,,,,,100000
,,,,,,97000
,,,,,,77000
,,,,,,112000
,,,,,,90500
,,,,,,55000
,,,,,,146000
,,,,,,63000
,,,,,,89000
,,,,,,60000
,,,,,,70000
,,,,,,80000
,,,,,,31000
,,,,,,75000
,,,,,,112000
,,,,,,90000
,,,,,,95000
,,,,,,90000
,,,,,,398000
,,,,,,308000
,,,,,,220000
,,,,,,185000
,,,,,,230000
,,,,,,185000
,,,,,,133000
,,,,,,123000
,,,,,,90000
,,,,,,105000
,,,,,,120000
,,,,,,150000
,,,,,,196000
,,,,,,35000
,,,,,,100000
,,,,,,135000
,,,,,,75000
,,,,,,165000
,,,,,,140000
,,,,,,100000
,,,,,,115000
,,,,,,110000
,,,,,,83000
,,,,,,129000
,,,,,,189000
,,,,,,125000
,,,,,,96000
,,,,,,100000
,,,,,,75000
,,,,,,82000
,,,,,,69000
,,,,,,140000
,,,,,,95000
,,,,,,108000
,,,,,,160000
,,,,,,95000
,,,,,,53000
,,,,,,85000
,,,,,,162000
,,,,,,87000
,,,,,,95000
,,,,,,78000
,,,,,,168000
,,,,,,487000
,,,,,,458000
,,,,,,238000
,,,,,,190000
,,,,,,187000
,,,,,,355000
,,,,,,17000
,,,,,,320000
,,,,,,332000
,,,,,,357000
,,,,,,250000
,,,,,,110000
,,,,,,150000
,,,,,,82000
,,,,,,95000
,,,,,,110000
,,,,,,100000
,,,,,,95000
,,,,,,105000
,,,,,,206000
,,,,,,135000
,,,,,,117000
,,,,,,112000
,,,,,,175000
,,,,,,132000
,,,,,,314000
,,,,,,125000
,,,,,,136000
,,,,,,85000
,,,,,,92000
,,,,,,60000
,,,,,,90000
,,,,,,74000
,,,,,,350000
,,,,,,220000
,,,,,,286000
,,,,,,100000
,,,,,,270000
,,,,,,285000
,,,,,,110000
,,,,,,130000
,,,,,,75000
,,,,,,50000
,,,,,,100000
,,,,,,130000
,,,,,,80000
,,,,,,136000
,,,,,,100000
,,,,,,60000
,,,,,,83000
,,,,,,170000
,,,,,,160000
,,,,,,160000
,,,,,,100000
,,,,,,180000
,,,,,,120000
,,,,,,91000
,,,,,,110000
,,,,,,70000
,,,,,,100000
,,,,,,80000
,,,,,,68000
,,,,,,60000
,,,,,,30000
,,,,,,103000
,,,,,,45000
,,,,,,53000
,,,,,,50000
,,,,,,70000
,,,,,,70000
,,,,,,60000
,,,,,,82000
,,,,,,98000
,,,,,,91000
,,,,,,70000
,,,,,,120000
,,,,,,55000
,,,,,,200000
,,,,,,208000
,,,,,,102000
,,,,,,165000
,,,,,,419000
,,,,,,131000
,,,,,,182000
,,,,,,180500
,,,,,,103000
,,,,,,99000
,,,,,,109000
,,,,,,100000
,,,,,,109000
,,,,,,174000
,,,,,,114000
,,,,,,97000
,,,,,,320000
,,,,,,145000
,,,,,,90000
,,,,,,90000
,,,,,,150000
,,,,,,150000
,,,,,,105000
,,,,,,105000
,,,,,,102000
,,,,,,90000
,,,,,,122000
,,,,,,150000
,,,,,,155000
,,,,,,155000
,,,,,,145000
,,,,,,83000
,,,,,,100000
,,,,,,100000
,,,,,,110000
,,,,,,128000
,,,,,,100000
,,,,,,100000
,,,,,,190000
,,,,,,130000
,,,,,,77000
,,,,,,85000
,,,,,,110000
,,,,,,100000
,,,,,,125000
,,,,,,83000
,,,,,,100000
,,,,,,100000
,,,,,,125000
,,,,,,105000
,,,,,,110000
,,,,,,80000
,,,,,,83500
,,,,,,75000
,,,,,,130000
,,,,,,100000
,,,,,,71000
,,,,,,70000
,,,,,,188000
,,,,,,305000
,,,,,,128000
,,,,,,225000
,,,,,,110000
,,,,,,215000
,,,,,,150000
,,,,,,35000
,,,,,,43000
,,,,,,642000
,,,,,,350000
,,,,,,60000
,,,,,,195000
,,,,,,136000
,,,,,,358000
,,,,,,145000
,,,,,,100000
,,,,,,65000
,,,,,,120000
,,,,,,105000
,,,,,,122000
,,,,,,103000
,,,,,,100000
,,,,,,116000
,,,,,,173000
,,,,,,106000
,,,,,,210000
,,,,,,0
,,,,,,100000
,,,,,,94000
,,,,,,145000
,,,,,,86000
,,,,,,125000
,,,,,,110000
,,,,,,125000
,,,,,,123000
,,,,,,80000
,,,,,,85000
,,,,,,103500
,,,,,,110000
,,,,,,70000
,,,,,,120000
,,,,,,85000
,,,,,,95000
,,,,,,205000
,,,,,,57000
,,,,,,97000
,,,,,,80000
,,,,,,60000
,,,,,,185000
,,,,,,90000
,,,,,,25000
,,,,,,1206500
,,,,,,460000
,,,,,,200000
,,,,,,200000
,,,,,,164000
,,,,,,131000
,,,,,,547000
,,,,,,128000
,,,,,,190000
,,,,,,112000
,,,,,,130000
,,,,,,300000
,,,,,,105000
,,,,,,100000
,,,,,,75000
,,,,,,188000
,,,,,,105000
,,,,,,130000
,,,,,,135500
,,,,,,50000
,,,,,,135500
,,,,,,145000
,,,,,,90000
,,,,,,135000
,,,,,,49000
,,,,,,165000
,,,,,,80000
,,,,,,100000
,,,,,,97000
,,,,,,85000
,,,,,,130000
,,,,,,111000
,,,,,,80000
,,,,,,92000
,,,,,,170000
,,,,,,310000
,,,,,,320000
,,,,,,270000
,,,,,,145000
,,,,,,150000
,,,,,,101000
,,,,,,162000
,,,,,,86000
,,,,,,152000
,,,,,,100000
,,,,,,66000
,,,,,,70000
,,,,,,85000
,,,,,,92000
,,,,,,155000
,,,,,,50000
,,,,,,100000
,,,,,,100000
,,,,,,50000
,,,,,,50000
,,,,,,285000
,,,,,,175000
,,,,,,83000
,,,,,,325000
,,,,,,240000
,,,,,,96500
,,,,,,23000
,,,,,,130000
,,,,,,67000
,,,,,,69000
,,,,,,105000
,,,,,,150000
,,,,,,60000
,,,,,,171000
,,,,,,97000
,,,,,,120000
,,,,,,110000
,,,,,,107000
,,,,,,150000
,,,,,,135000
,,,,,,240000
,,,,,,130000
,,,,,,120000
,,,,,,110000
,,,,,,160000
,,,,,,80000
,,,,,,100000
,,,,,,60000
,,,,,,100000
,,,,,,90000
,,,,,,125000
,,,,,,165000
,,,,,,96000
,,,,,,127000
,,,,,,160000
,,,,,,70000
,,,,,,170000
,,,,,,52000
,,,,,,80000
,,,,,,95000
,,,,,,70000
,,,,,,59500
,,,,,,469000
,,,,,,200000
,,,,,,180000
,,,,,,180000
,,,,,,426000
,,,,,,230000
,,,,,,92000
,,,,,,115000
,,,,,,145000
,,,,,,120000
,,,,,,145000
,,,,,,120000
,,,,,,128000
,,,,,,125000
,,,,,,110000
,,,,,,100000
,,,,,,171000
,,,,,,96000
,,,,,,107000
,,,,,,150000
,,,,,,85000
,,,,,,130000
,,,,,,130000
,,,,,,80000
,,,,,,100000
,,,,,,85000
,,,,,,97000
,,,,,,145000
,,,,,,93000
,,,,,,80000
,,,,,,100000
,,,,,,90000
,,,,,,120000
,,,,,,165000
,,,,,,145000
,,,,,,150000
,,,,,,110000
,,,,,,66000
,,,,,,70000
,,,,,,75000
,,,,,,100000
,,,,,,76000
,,,,,,171000
,,,,,,73000
,,,,,,93000
,,,,,,130000
,,,,,,80000
,,,,,,502000
,,,,,,444500
,,,,,,264000
,,,,,,210000
,,,,,,600000
,,,,,,380000
,,,,,,83000
,,,,,,408000
,,,,,,310000
,,,,,,291000
,,,,,,210000
,,,,,,310000
,,,,,,150000
,,,,,,175000
,,,,,,83000
,,,,,,75000
,,,,,,115000
,,,,,,113000
,,,,,,82000
,,,,,,105000
,,,,,,91000
,,,,,,80000
,,,,,,145000
,,,,,,113000
,,,,,,100000
,,,,,,102000
,,,,,,130000
,,,,,,140000
,,,,,,130000
,,,,,,82000
,,,,,,81000
,,,,,,74000
,,,,,,80000
,,,,,,216000
,,,,,,212000
,,,,,,215000
,,,,,,198500
,,,,,,199000
,,,,,,110000
,,,,,,120000
,,,,,,100000
,,,,,,115000
,,,,,,121000
,,,,,,152000
,,,,,,110000
,,,,,,71500
,,,,,,200000
,,,,,,78000
,,,,,,88000
,,,,,,133000
,,,,,,105000
,,,,,,350000
,,,,,,340000
,,,,,,135000
,,,,,,52000
,,,,,,95500
,,,,,,105000
,,,,,,90000
,,,,,,100000
,,,,,,80000
,,,,,,100000
,,,,,,100000
,,,,,,109000
,,,,,,115000
,,,,,,85000
,,,,,,109000
,,,,,,205000
,,,,,,150000
,,,,,,170000
,,,,,,96000
,,,,,,58000
,,,,,,408000
,,,,,,98000
,,,,,,55000
,,,,,,50000
,,,,,,210000
,,,,,,110000
,,,,,,95000
,,,,,,70000
,,,,,,120000
,,,,,,84000
,,,,,,65000
,,,,,,80000
,,,,,,116000
,,,,,,45000
,,,,,,70000
,,,,,,66000
,,,,,,45000
,,,,,,121000
,,,,,,494000
,,,,,,291000
,,,,,,200000
,,,,,,190000
,,,,,,428000
,,,,,,85000
,,,,,,140000
,,,,,,145000
,,,,,,80000
,,,,,,65000
,,,,,,110000
,,,,,,150000
,,,,,,99000
,,,,,,194000
,,,,,,77000
,,,,,,112500
,,,,,,100000
,,,,,,140000
,,,,,,210000
,,,,,,115000
,,,,,,110000
,,,,,,50000
,,,,,,116000
,,,,,,95000
,,,,,,100000
,,,,,,83000
,,,,,,80000
,,,,,,150000
,,,,,,110000
,,,,,,135000
,,,,,,101000
,,,,,,87000
,,,,,,195000
,,,,,,140000
,,,,,,230000
,,,,,,220000
,,,,,,109000
,,,,,,45000
,,,,,,92000
,,,,,,118000
,,,,,,81000
,,,,,,135000
,,,,,,145000
,,,,,,78000
,,,,,,99000
,,,,,,85000
,,,,,,85000
,,,,,,210000
,,,,,,100000
,,,,,,126000
,,,,,,81000
,,,,,,40000
,,,,,,85000
,,,,,,110000
,,,,,,50000
,,,,,,471000
,,,,,,211000
,,,,,,341000
,,,,,,210000
,,,,,,100000
,,,,,,116000
,,,,,,235000
,,,,,,175000
,,,,,,300000
,,,,,,200000
,,,,,,90000
,,,,,,215000
,,,,,,69000
,,,,,,130000
,,,,,,115000
,,,,,,110000
,,,,,,130000
,,,,,,125000
,,,,,,110000
,,,,,,150000
,,,,,,127000
,,,,,,80000
,,,,,,50000
,,,,,,123000
,,,,,,90000
,,,,,,120000
,,,,,,100000
,,,,,,99000
,,,,,,140000
,,,,,,60000
,,,,,,85000
,,,,,,155000
,,,,,,115000
,,,,,,100000
,,,,,,209000
,,,,,,40000
,,,,,,170000
,,,,,,115000
,,,,,,14000
,,,,,,90000
,,,,,,141000
,,,,,,159000
,,,,,,45000
,,,,,,126000
,,,,,,166000
,,,,,,115000
,,,,,,115000
,,,,,,70000
,,,,,,75000
,,,,,,16000
,,,,,,60000
,,,,,,120000
,,,,,,115000
,,,,,,155500
,,,,,,93000
,,,,,,342000
,,,,,,250000
,,,,,,168500
,,,,,,127000
,,,,,,95000
,,,,,,110000
,,,,,,65000
,,,,,,105000
,,,,,,100000
,,,,,,200000
,,,,,,116000
,,,,,,160000
,,,,,,125000
,,,,,,230000
,,,,,,66000
,,,,,,90000
,,,,,,150000
,,,,,,115000
,,,,,,120000
,,,,,,313000
,,,,,,93000
,,,,,,82500
,,,,,,100000
,,,,,,61000
,,,,,,120000
,,,,,,170000
,,,,,,147000
,,,,,,109000
,,,,,,92000
,,,,,,129000
,,,,,,199000
,,,,,,80000
,,,,,,104000
,,,,,,85000
,,,,,,85000
,,,,,,122000
,,,,,,25000
,,,,,,110000
,,,,,,110000
,,,,,,95000
,,,,,,72000
,,,,,,50000
,,,,,,100000
,,,,,,64000
,,,,,,55000
,,,,,,136000
,,,,,,70000
,,,,,,55000
,,,,,,62500
,,,,,,50000
,,,,,,122500
,,,,,,109000
,,,,,,40000
,,,,,,129000
,,,,,,463000
,,,,,,302000
,,,,,,199000
,,,,,,283000
,,,,,,200000
,,,,,,46000
,,,,,,108000
,,,,,,148000
,,,,,,136000
,,,,,,111000
,,,,,,350000
,,,,,,108000
,,,,,,140000
,,,,,,113000
,,,,,,100000
,,,,,,186000
,,,,,,150000
,,,,,,300000
,,,,,,330000
,,,,,,20000
,,,,,,80000
,,,,,,75000
,,,,,,110000
,,,,,,105000
,,,,,,75000
,,,,,,120000
,,,,,,118000
,,,,,,135000
,,,,,,118000
,,,,,,140000
,,,,,,150000
,,,,,,210000
,,,,,,133000
,,,,,,173000
,,,,,,80000
,,,,,,42000
,,,,,,45000
,,,,,,90000
,,,,,,140000
,,,,,,200000
,,,,,,107000
,,,,,,119000
,,,,,,185000
,,,,,,121000
,,,,,,105000
,,,,,,176000
,,,,,,70000
,,,,,,65000
,,,,,,70000
,,,,,,90000
,,,,,,70000
,,,,,,195000
,,,,,,96000
,,,,,,106000
,,,,,,90000
,,,,,,540000
,,,,,,282000
,,,,,,206000
,,,,,,303000
,,,,,,123000
,,,,,,180000
,,,,,,120000
,,,,,,85000
,,,,,,117000
,,,,,,150000
,,,,,,109000
,,,,,,288000
,,,,,,110000
,,,,,,72000
,,,,,,73000
,,,,,,113000
,,,,,,115000
,,,,,,135000
,,,,,,80000
,,,,,,95000
,,,,,,90000
,,,,,,82000
,,,,,,50000
,,,,,,80000
,,,,,,180000
,,,,,,105000
,,,,,,85000
,,,,,,110000
,,,,,,100000
,,,,,,165000
,,,,,,80000
,,,,,,67500
,,,,,,120000
,,,,,,94000
,,,,,,54000
,,,,,,60000
,,,,,,158000
,,,,,,90000
,,,,,,142000
,,,,,,73000
,,,,,,68000
,,,,,,448000
,,,,,,446000
,,,,,,227000
,,,,,,178000
,,,,,,130000
,,,,,,157000
,,,,,,110000
,,,,,,110000
,,,,,,191000
,,,,,,104000
,,,,,,122000
,,,,,,141000
,,,,,,110000
,,,,,,130000
,,,,,,149000
,,,,,,250000
,,,,,,157000
,,,,,,60000
,,,,,,145000
,,,,,,260000
,,,,,,155000
,,,,,,70000
,,,,,,77000
,,,,,,92000
,,,,,,210000
,,,,,,100000
,,,,,,120000
,,,,,,145000
,,,,,,77000
,,,,,,90000
,,,,,,137000
,,,,,,160000
,,,,,,128000
,,,,,,172000
,,,,,,119000
,,,,,,115000
,,,,,,250000
,,,,,,50000
,,,,,,70000
,,,,,,80000
,,,,,,185000
,,,,,,124000
,,,,,,90000
,,,,,,78000
,,,,,,217000
,,,,,,195000
,,,,,,167000
,,,,,,220000
,,,,,,70000
,,,,,,100000
,,,,,,117000
,,,,,,120000
,,,,,,122000
,,,,,,66000
,,,,,,181000
,,,,,,139000
,,,,,,82000
,,,,,,129000
,,,,,,124000
,,,,,,190000
,,,,,,86000
,,,,,,83000
,,,,,,90000
,,,,,,65000
,,,,,,129000
,,,,,,136000
,,,,,,120000
,,,,,,85000
,,,,,,130000
,,,,,,90000
,,,,,,58000
,,,,,,180000
,,,,,,151000
,,,,,,60000
,,,,,,115000
,,,,,,115000
,,,,,,174000
,,,,,,62000
,,,,,,100000
,,,,,,97000
,,,,,,90000
,,,,,,40000
,,,,,,102000
,,,,,,97000
,,,,,,89500
,,,,,,90000
,,,,,,110000
,,,,,,100000
,,,,,,80000
,,,,,,94000
,,,,,,83000
,,,,,,70000
,,,,,,93000
,,,,,,78000
,,,,,,137000
,,,,,,75000
,,,,,,85000
,,,,,,162000
,,,,,,96000
,,,,,,92000
,,,,,,65000
,,,,,,80000
,,,,,,40000
,,,,,,60000
,,,,,,270000
,,,,,,208000
,,,,,,362000
,,,,,,270000
,,,,,,170000
,,,,,,165000
,,,,,,135000
,,,,,,100000
,,,,,,205000
,,,,,,95000
,,,,,,90000
,,,,,,122000
,,,,,,90000
,,,,,,150000
,,,,,,95000
,,,,,,120000
,,,,,,110000
,,,,,,105000
,,,,,,70000
,,,,,,65000
,,,,,,298000
,,,,,,180000
,,,,,,110000
,,,,,,120000
,,,,,,109000
,,,,,,104000
,,,,,,170000
,,,,,,110000
,,,,,,50000
,,,,,,73000
,,,,,,95000
,,,,,,95000
,,,,,,100000
,,,,,,23000
,,,,,,51000
,,,,,,50000
,,,,,,155000
,,,,,,53000
,,,,,,68000
,,,,,,100000
,,,,,,65000
,,,,,,413000
,,,,,,301000
,,,,,,188000
,,,,,,262000
,,,,,,130000
,,,,,,335000
,,,,,,230000
,,,,,,145000
,,,,,,100000
,,,,,,145000
,,,,,,113000
,,,,,,104000
,,,,,,93000
,,,,,,63000
,,,,,,60000
,,,,,,145000
,,,,,,132000
,,,,,,127000
,,,,,,145000
,,,,,,83000
,,,,,,125000
,,,,,,309000
,,,,,,135000
,,,,,,170000
,,,,,,135000
,,,,,,110000
,,,,,,105000
,,,,,,86000
,,,,,,100000
,,,,,,170000
,,,,,,133000
,,,,,,70000
,,,,,,80000
,,,,,,132000
,,,,,,100000
,,,,,,100000
,,,,,,100000
,,,,,,115000
,,,,,,70000
,,,,,,75000
,,,,,,88000
,,,,,,150000
,,,,,,125000
,,,,,,95000
,,,,,,108000
,,,,,,106000
,,,,,,45000
,,,,,,71000
,,,,,,122000
,,,,,,78000
,,,,,,96000
,,,,,,111000
,,,,,,100000
,,,,,,28000
,,,,,,100000
,,,,,,70000
,,,,,,50000
,,,,,,170000
,,,,,,90000
,,,,,,85000
,,,,,,1067000
,,,,,,436000
,,,,,,120000
,,,,,,328000
,,,,,,206000
,,,,,,235000
,,,,,,165000
,,,,,,322000
,,,,,,130000
,,,,,,90000
,,,,,,100000
,,,,,,120000
,,,,,,130000
,,,,,,120000
,,,,,,113000
,,,,,,190000
,,,,,,215000
,,,,,,75000
,,,,,,175000
,,,,,,220000
,,,,,,207000
,,,,,,120000
,,,,,,170000
,,,,,,60000
,,,,,,100000
,,,,,,40000
,,,,,,90000
,,,,,,70000
,,,,,,70000
,,,,,,90000
,,,,,,80000
,,,,,,81000
,,,,,,50000
,,,,,,80000
,,,,,,79000
,,,,,,110000
,,,,,,99000
,,,,,,100000
,,,,,,63000
,,,,,,155000
,,,,,,98000
,,,,,,110000
,,,,,,104000
,,,,,,95000
,,,,,,75000
,,,,,,73000
,,,,,,75000
,,,,,,120000
,,,,,,92000
,,,,,,175000
,,,,,,103000
,,,,,,60000
,,,,,,133000
,,,,,,480000
,,,,,,485000
,,,,,,180000
,,,,,,285000
,,,,,,297000
,,,,,,145000
,,,,,,270000
,,,,,,210000
,,,,,,250000
,,,,,,120000
,,,,,,130000
,,,,,,130000
,,,,,,77500
,,,,,,90000
,,,,,,125000
,,,,,,77000
,,,,,,115000
,,,,,,150000
,,,,,,180000
,,,,,,160000
,,,,,,134500
,,,,,,138000
,,,,,,140000
,,,,,,170000
,,,,,,83000
,,,,,,85000
,,,,,,105000
,,,,,,110000
,,,,,,108000
,,,,,,100000
,,,,,,35000
,,,,,,60000
,,,,,,90000
,,,,,,30000
,,,,,,136000
,,,,,,70000
,,,,,,85000
,,,,,,80000
,,,,,,77000
,,,,,,77000
,,,,,,100000
,,,,,,65000
,,,,,,90000
,,,,,,118000
,,,,,,100000
,,,,,,46000
,,,,,,118000
,,,,,,104000
,,,,,,90000
,,,,,,130000
,,,,,,191000
,,,,,,95000
,,,,,,108000
,,,,,,70000
,,,,,,85000
,,,,,,80000
,,,,,,67000
,,,,,,90000
,,,,,,482000
,,,,,,271000
,,,,,,204000
,,,,,,241000
,,,,,,111000
,,,,,,105000
,,,,,,90000
,,,,,,120000
,,,,,,178000
,,,,,,133000
,,,,,,97000
,,,,,,120000
,,,,,,105000
,,,,,,137000
,,,,,,50000
,,,,,,85000
,,,,,,74000
,,,,,,80000
,,,,,,165000
,,,,,,77000
,,,,,,84000
,,,,,,100000
,,,,,,100000
,,,,,,100000
,,,,,,90000
,,,,,,215000
,,,,,,50000
,,,,,,130000
,,,,,,115000
,,,,,,160000
,,,,,,75000
,,,,,,111000
,,,,,,80000
,,,,,,100000
,,,,,,130000
,,,,,,232000
,,,,,,65000
,,,,,,152000
,,,,,,93000
,,,,,,80000
,,,,,,85000
,,,,,,167000
,,,,,,93000
,,,,,,107500
,,,,,,81000
,,,,,,114000
,,,,,,429000
,,,,,,480000
,,,,,,283000
,,,,,,205000
,,,,,,535000
,,,,,,0
,,,,,,96000
,,,,,,85000
,,,,,,341000
,,,,,,240000
,,,,,,407000
,,,,,,250000
,,,,,,155000
,,,,,,150000
,,,,,,102000
,,,,,,125000
,,,,,,120000
,,,,,,135000
,,,,,,120000
,,,,,,70000
,,,,,,153000
,,,,,,205000
,,,,,,96000
,,,,,,95000
,,,,,,150000
,,,,,,83000
,,,,,,90000
,,,,,,97000
,,,,,,95000
,,,,,,70000
,,,,,,272000
,,,,,,225000
,,,,,,265000
,,,,,,50000
,,,,,,80000
,,,,,,120000
,,,,,,134000
,,,,,,120000
,,,,,,84000
,,,,,,175000
,,,,,,147000
,,,,,,75000
,,,,,,60000
,,,,,,90000
,,,,,,113000
,,,,,,100000
,,,,,,117000
,,,,,,140000
,,,,,,85000
,,,,,,125000
,,,,,,100000
,,,,,,125000
,,,,,,120000
,,,,,,126000
,,,,,,130000
,,,,,,125000
,,,,,,103000
,,,,,,150000
,,,,,,182000
,,,,,,225000
,,,,,,115000
,,,,,,40000
,,,,,,60000
,,,,,,110000
,,,,,,100000
,,,,,,113000
,,,,,,130000
,,,,,,105000
,,,,,,70000
,,,,,,100000
,,,,,,93000
,,,,,,80000
,,,,,,140000
,,,,,,52000
,,,,,,95000
,,,,,,53000
,,,,,,85000
,,,,,,60000
,,,,,,105000
,,,,,,92000
,,,,,,80000
,,,,,,66000
,,,,,,160000
,,,,,,98000
,,,,,,75000
,,,,,,264500
,,,,,,511000
,,,,,,298000
,,,,,,424000
,,,,,,150000
,,,,,,134000
,,,,,,138000
,,,,,,220000
,,,,,,130000
,,,,,,150000
,,,,,,198000
,,,,,,170000
,,,,,,100000
,,,,,,103000
,,,,,,128000
,,,,,,96000
,,,,,,112000
,,,,,,130000
,,,,,,130000
,,,,,,140000
,,,,,,105000
,,,,,,100000
,,,,,,55000
,,,,,,113000
,,,,,,134000
,,,,,,48000
,,,,,,15000
,,,,,,15000
,,,,,,155000
,,,,,,156000
,,,,,,90000
,,,,,,120000
,,,,,,88000
,,,,,,160000
,,,,,,218000
,,,,,,278000
,,,,,,50000
,,,,,,122000
,,,,,,102000
,,,,,,80000
,,,,,,85000
,,,,,,66000
,,,,,,102000
,,,,,,95000
,,,,,,110000
,,,,,,98000
,,,,,,95000
,,,,,,458000
,,,,,,275000
,,,,,,357000
,,,,,,85000
,,,,,,452000
,,,,,,281000
,,,,,,97000
,,,,,,240000
,,,,,,130000
,,,,,,155000
,,,,,,91000
,,,,,,106000
,,,,,,122500
,,,,,,130000
,,,,,,109000
,,,,,,140000
,,,,,,90000
,,,,,,111000
,,,,,,145000
,,,,,,115000
,,,,,,70000
,,,,,,125000
,,,,,,370000
,,,,,,100000
,,,,,,105000
,,,,,,136000
,,,,,,190000
,,,,,,140000
,,,,,,246000
,,,,,,140000
,,,,,,100000
,,,,,,90500
,,,,,,80000
,,,,,,70000
,,,,,,78000
,,,,,,92000
,,,,,,86000
,,,,,,110000
,,,,,,104000
,,,,,,199000
,,,,,,69000
,,,,,,106000
,,,,,,80000
,,,,,,145000
,,,,,,85000
,,,,,,72500
,,,,,,70000
,,,,,,85000
,,,,,,120000
,,,,,,98000
,,,,,,1085000
,,,,,,275000
,,,,,,200000
,,,,,,470000
,,,,,,152000
,,,,,,110000
,,,,,,251000
,,,,,,19000
,,,,,,180000
,,,,,,84000
,,,,,,140000
,,,,,,95000
,,,,,,130000
,,,,,,66000
,,,,,,60000
,,,,,,195000
,,,,,,100000
,,,,,,100000
,,,,,,85000
,,,,,,90000
,,,,,,128000
,,,,,,100000
,,,,,,100000
,,,,,,50000
,,,,,,103000
,,,,,,110000
,,,,,,300000
,,,,,,270000
,,,,,,255000
,,,,,,55000
,,,,,,74000
,,,,,,93000
,,,,,,123000
,,,,,,105000
,,,,,,95000
,,,,,,201000
,,,,,,255000
,,,,,,250000
,,,,,,103000
,,,,,,130000
,,,,,,85000
,,,,,,144000
,,,,,,50000
,,,,,,116000
,,,,,,66000
,,,,,,37000
,,,,,,124000
,,,,,,30000
,,,,,,50000
,,,,,,163000
,,,,,,110000
,,,,,,70000
,,,,,,20000
,,,,,,165000
,,,,,,94000
,,,,,,115000
,,,,,,106000
,,,,,,455000
,,,,,,450000
,,,,,,350000
,,,,,,240000
,,,,,,163000
,,,,,,286000
,,,,,,85000
,,,,,,73000
,,,,,,140000
,,,,,,150000
,,,,,,112000
,,,,,,100000
,,,,,,133000
,,,,,,143000
,,,,,,100000
,,,,,,120000
,,,,,,145000
,,,,,,108000
,,,,,,113000
,,,,,,115000
,,,,,,85000
,,,,,,89000
,,,,,,70000
,,,,,,150000
,,,,,,145000
,,,,,,263000
,,,,,,150000
,,,,,,274000
,,,,,,250000
,,,,,,125000
,,,,,,100000
,,,,,,108000
,,,,,,75500
,,,,,,85000
,,,,,,118000
,,,,,,125000
,,,,,,70000
,,,,,,52000
,,,,,,94000
,,,,,,65000
,,,,,,75000
,,,,,,110000
,,,,,,135000
,,,,,,65000
,,,,,,87000
,,,,,,100000
,,,,,,80000
,,,,,,60000
,,,,,,454000
,,,,,,335000
,,,,,,200000
,,,,,,131000
,,,,,,120000
,,,,,,232000
,,,,,,275000
,,,,,,130000
,,,,,,285000
,,,,,,122000
,,,,,,90000
,,,,,,192000
,,,,,,150000
,,,,,,190000
,,,,,,160000
,,,,,,110000
,,,,,,120000
,,,,,,158000
,,,,,,70000
,,,,,,75000
,,,,,,100000
,,,,,,100000
,,,,,,149000
,,,,,,100000
,,,,,,110000
,,,,,,110000
,,,,,,90000
,,,,,,88000
,,,,,,120000
,,,,,,116000
,,,,,,90000
,,,,,,75000
,,,,,,116000
,,,,,,110000
,,,,,,100000
,,,,,,71000
,,,,,,59000
,,,,,,63500
,,,,,,62000
,,,,,,76000
,,,,,,170000
,,,,,,88000
,,,,,,95000
,,,,,,198000
,,,,,,495000
,,,,,,430000
,,,,,,212500
,,,,,,230000
,,,,,,199000
,,,,,,175000
,,,,,,512000
,,,,,,170000
,,,,,,60000
,,,,,,33000
,,,,,,200000
,,,,,,215000
,,,,,,290000
,,,,,,250000
,,,,,,150000
,,,,,,165000
,,,,,,118000
,,,,,,155000
,,,,,,132000
,,,,,,144000
,,,,,,110000
,,,,,,90000
,,,,,,139000
,,,,,,140000
,,,,,,82000
,,,,,,124000
,,,,,,120000
,,,,,,90000
,,,,,,95000
,,,,,,106000
,,,,,,158000
,,,,,,87000
,,,,,,195000
,,,,,,244500
,,,,,,70000
,,,,,,86000
,,,,,,101000
,,,,,,107000
,,,,,,142000
,,,,,,115000
,,,,,,56000
,,,,,,125000
,,,,,,112000
,,,,,,160000
,,,,,,180000
,,,,,,130000
,,,,,,140000
,,,,,,105000
,,,,,,120000
,,,,,,110000
,,,,,,118000
,,,,,,135000
,,,,,,162000
,,,,,,111000
,,,,,,125000
,,,,,,78000
,,,,,,120000
,,,,,,95000
,,,,,,120000
,,,,,,100000
,,,,,,110000
,,,,,,82000
,,,,,,103000
,,,,,,90000
,,,,,,80000
,,,,,,130000
,,,,,,10500
,,,,,,145000
,,,,,,156000
,,,,,,94000
,,,,,,85000
,,,,,,360000
,,,,,,90000
,,,,,,100000
,,,,,,143000
,,,,,,75000
,,,,,,70000
,,,,,,70000
,,,,,,75000
,,,,,,80000
,,,,,,55000
,,,,,,60000
,,,,,,95000
,,,,,,79000
,,,,,,80000
,,,,,,101000
,,,,,,155000
,,,,,,110000
,,,,,,72000
,,,,,,303000
,,,,,,200000
,,,,,,150000
,,,,,,126000
,,,,,,252000
,,,,,,0
,,,,,,70000
,,,,,,105000
,,,,,,265000
,,,,,,105000
,,,,,,100000
,,,,,,120000
,,,,,,64000
,,,,,,222000
,,,,,,260000
,,,,,,175000
,,,,,,150000
,,,,,,126000
,,,,,,140000
,,,,,,98000
,,,,,,133000
,,,,,,120000
,,,,,,100000
,,,,,,137000
,,,,,,110000
,,,,,,100000
,,,,,,80000
,,,,,,100000
,,,,,,110000
,,,,,,141000
,,,,,,115000
,,,,,,130000
,,,,,,130000
,,,,,,108000
,,,,,,165000
,,,,,,143000
,,,,,,182000
,,,,,,152000
,,,,,,195000
,,,,,,10000
,,,,,,108000
,,,,,,128000
,,,,,,244000
,,,,,,94000
,,,,,,170000
,,,,,,108000
,,,,,,53000
,,,,,,112000
,,,,,,75000
,,,,,,86000
,,,,,,115000
,,,,,,150000
,,,,,,50000
,,,,,,35000
,,,,,,100000
,,,,,,70000
,,,,,,38000
,,,,,,420000
,,,,,,221000
,,,,,,298000
,,,,,,300000
,,,,,,100000
,,,,,,200000
,,,,,,100000
,,,,,,90000
,,,,,,95000
,,,,,,90000
,,,,,,80000
,,,,,,109000
,,,,,,106000
,,,,,,108000
,,,,,,116000
,,,,,,250000
,,,,,,183000
,,,,,,107000
,,,,,,125000
,,,,,,65000
,,,,,,110000
,,,,,,128000
,,,,,,120000
,,,,,,100000
,,,,,,120000
,,,,,,102000
,,,,,,79000
,,,,,,152000
,,,,,,170000
,,,,,,150000
,,,,,,160000
,,,,,,240000
,,,,,,83000
,,,,,,107000
,,,,,,247000
,,,,,,58000
,,,,,,67000
,,,,,,130000
,,,,,,155500
,,,,,,71000
,,,,,,57000
,,,,,,150000
,,,,,,73500
,,,,,,70000
,,,,,,200000
,,,,,,170000
,,,,,,90000
,,,,,,997000
,,,,,,237000
,,,,,,194000
,,,,,,190000
,,,,,,97000
,,,,,,343000
,,,,,,120000
,,,,,,135000
,,,,,,220000
,,,,,,123000
,,,,,,60000
,,,,,,123000
,,,,,,84000
,,,,,,170000
,,,,,,109000
,,,,,,140000
,,,,,,100000
,,,,,,230000
,,,,,,295000
,,,,,,230000
,,,,,,290000
,,,,,,136000
,,,,,,110000
,,,,,,102000
,,,,,,100000
,,,,,,120000
,,,,,,86500
,,,,,,80000
,,,,,,78000
,,,,,,30000
,,,,,,110000
,,,,,,80000
,,,,,,93500
,,,,,,85000
,,,,,,118000
,,,,,,93000
,,,,,,110000
,,,,,,130000
,,,,,,90000
,,,,,,75000
,,,,,,126000
,,,,,,89000
,,,,,,90000
,,,,,,115000
,,,,,,147000
,,,,,,90000
,,,,,,170000
,,,,,,50000
,,,,,,92000
,,,,,,193000
,,,,,,80000
,,,,,,64000
,,,,,,70000
,,,,,,95000
,,,,,,70000
,,,,,,99000
,,,,,,66000
,,,,,,275000
,,,,,,375000
,,,,,,318000
,,,,,,194000
,,,,,,118000
,,,,,,323000
,,,,,,270000
,,,,,,132000
,,,,,,110000
,,,,,,134000
,,,,,,98000
,,,,,,103000
,,,,,,100000
,,,,,,115000
,,,,,,140000
,,,,,,77000
,,,,,,125000
,,,,,,120000
,,,,,,88000
,,,,,,65000
,,,,,,125000
,,,,,,130000
,,,,,,160000
,,,,,,125000
,,,,,,226000
,,,,,,120000
,,,,,,120000
,,,,,,150000
,,,,,,150000
,,,,,,90000
,,,,,,129000
,,,,,,137000
,,,,,,128000
,,,,,,82000
,,,,,,89000
,,,,,,85000
,,,,,,135000
,,,,,,62000
,,,,,,95000
,,,,,,148000
,,,,,,95000
,,,,,,75000
,,,,,,75000
,,,,,,50000
,,,,,,132000
,,,,,,107000
,,,,,,100000
,,,,,,45000
,,,,,,297000
,,,,,,156000
,,,,,,109000
,,,,,,295000
,,,,,,128000
,,,,,,205000
,,,,,,92000
,,,,,,150000
,,,,,,118000
,,,,,,185000
,,,,,,105000
,,,,,,115000
,,,,,,185000
,,,,,,88000
,,,,,,140000
,,,,,,60000
,,,,,,130000
,,,,,,50000
,,,,,,90000
,,,,,,75000
,,,,,,167000
,,,,,,150000
,,,,,,147000
,,,,,,114000
,,,,,,93000
,,,,,,130000
,,,,,,190000
,,,,,,130000
,,,,,,55000
,,,,,,114500
,,,,,,200000
,,,,,,141000
,,,,,,110000
,,,,,,120000
,,,,,,80000
,,,,,,80000
,,,,,,65000
,,,,,,153000
,,,,,,64000
,,,,,,121000
,,,,,,88000
,,,,,,515000
,,,,,,435000
,,,,,,300000
,,,,,,130000
,,,,,,120000
,,,,,,450000
,,,,,,286000
,,,,,,100000
,,,,,,80000
,,,,,,107000
,,,,,,171000
,,,,,,130000
,,,,,,81000
,,,,,,240000
,,,,,,110000
,,,,,,88000
,,,,,,250000
,,,,,,290000
,,,,,,385000
,,,,,,285000
,,,,,,150000
,,,,,,120000
,,,,,,100000
,,,,,,85000
,,,,,,80000
,,,,,,100000
,,,,,,80000
,,,,,,260000
,,,,,,140000
,,,,,,98000
,,,,,,108000
,,,,,,155000
,,,,,,20000
,,,,,,109000
,,,,,,75000
,,,,,,88000
,,,,,,87000
,,,,,,80000
,,,,,,200000
,,,,,,323500
,,,,,,197000
,,,,,,81000
,,,,,,96000
,,,,,,54000
,,,,,,102000
,,,,,,100000
,,,,,,147000
,,,,,,120000
,,,,,,150000
,,,,,,80000
,,,,,,84000
,,,,,,78500
,,,,,,202000
,,,,,,170000
,,,,,,115000
,,,,,,98000
,,,,,,205000
,,,,,,100000
,,,,,,132000
,,,,,,115000
,,,,,,80000
,,,,,,65000
,,,,,,120000
,,,,,,100000
,,,,,,155000
,,,,,,120000
,,,,,,153000
,,,,,,140000
,,,,,,70000
,,,,,,105000
,,,,,,90000
,,,,,,121000
,,,,,,100000
,,,,,,105000
,,,,,,105000
,,,,,,190000
,,,,,,105000
,,,,,,170000
,,,,,,34000
,,,,,,25000
,,,,,,70000
,,,,,,88000
,,,,,,180000
,,,,,,98000
,,,,,,80000
,,,,,,95000
,,,,,,160000
,,,,,,131000
,,,,,,70000
,,,,,,60000
,,,,,,44000
,,,,,,86000
,,,,,,50000
,,,,,,50000
,,,,,,51000
,,,,,,79000
,,,,,,80000
,,,,,,90000
,,,,,,285000
,,,,,,200000
,,,,,,130000
,,,,,,402000
,,,,,,290000
,,,,,,141000
,,,,,,83000
,,,,,,118000
,,,,,,121000
,,,,,,72000
,,,,,,120000
,,,,,,90000
,,,,,,75000
,,,,,,112000
,,,,,,110000
,,,,,,100000
,,,,,,75000
,,,,,,117000
,,,,,,100000
,,,,,,105000
,,,,,,70000
,,,,,,135000
,,,,,,113000
,,,,,,130000
,,,,,,75000
,,,,,,80000
,,,,,,100000
,,,,,,261000
,,,,,,110000
,,,,,,145000
,,,,,,50000
,,,,,,180000
,,,,,,140000
,,,,,,98000
,,,,,,167000
,,,,,,80000
,,,,,,129000
,,,,,,55000
,,,,,,75000
,,,,,,117000
,,,,,,170000
,,,,,,86000
,,,,,,97000
,,,,,,112000
,,,,,,135000
,,,,,,100000
,,,,,,96000
,,,,,,170000
,,,,,,78000
,,,,,,75000
,,,,,,60000
,,,,,,90000
,,,,,,74000
,,,,,,125000
,,,,,,477000
,,,,,,378000
,,,,,,283000
,,,,,,222000
,,,,,,138000
,,,,,,388000
,,,,,,100000
,,,,,,180000
,,,,,,147000
,,,,,,120000
,,,,,,65000
,,,,,,80000
,,,,,,101000
,,,,,,117000
,,,,,,120000
,,,,,,114000
,,,,,,220000
,,,,,,130000
,,,,,,160000
,,,,,,86000
,,,,,,175000
,,,,,,85000
,,,,,,98000
,,,,,,130000
,,,,,,96000
,,,,,,90000
,,,,,,70000
,,,,,,80000
,,,,,,90000
,,,,,,100000
,,,,,,80000
,,,,,,135000
,,,,,,350000
,,,,,,235000
,,,,,,130000
,,,,,,229000
,,,,,,93000
,,,,,,106500
,,,,,,120000
,,,,,,120000
,,,,,,105000
,,,,,,85000
,,,,,,114000
,,,,,,70000
,,,,,,82000
,,,,,,75000
,,,,,,121000
,,,,,,90000
,,,,,,165000
,,,,,,160000
,,,,,,100000
,,,,,,89000
,,,,,,100000
,,,,,,1225000
,,,,,,212000
,,,,,,222000
,,,,,,115000
,,,,,,160000
,,,,,,200000
,,,,,,544000
,,,,,,115000
,,,,,,98000
,,,,,,60000
,,,,,,27000
,,,,,,130000
,,,,,,90000
,,,,,,70000
,,,,,,130000
,,,,,,96000
,,,,,,67000
,,,,,,80000
,,,,,,84000
,,,,,,98000
,,,,,,250000
,,,,,,270000
,,,,,,44000
,,,,,,200000
,,,,,,120000
,,,,,,115000
,,,,,,265000
,,,,,,100000
,,,,,,105000
,,,,,,90000
,,,,,,89000
,,,,,,100000
,,,,,,65000
,,,,,,90000
,,,,,,85000
,,,,,,165000
,,,,,,130000
,,,,,,90000
,,,,,,110000
,,,,,,80000
,,,,,,80000
,,,,,,86000
,,,,,,173000
,,,,,,160000
,,,,,,123000
,,,,,,155000
,,,,,,75000
,,,,,,70000
,,,,,,75000
,,,,,,67000
,,,,,,146000
,,,,,,77000
,,,,,,108000
,,,,,,87000
,,,,,,50000
,,,,,,150000
,,,,,,70000
,,,,,,60000
,,,,,,48000
,,,,,,45000
,,,,,,271000
,,,,,,180000
,,,,,,230000
,,,,,,96000
,,,,,,250000
,,,,,,98000
,,,,,,95000
,,,,,,100000
,,,,,,100000
,,,,,,143000
,,,,,,114000
,,,,,,134000
,,,,,,145000
,,,,,,90000
,,,,,,78000
,,,,,,160000
,,,,,,125000
,,,,,,131000
,,,,,,110000
,,,,,,135000
,,,,,,65000
,,,,,,75000
,,,,,,104000
,,,,,,100000
,,,,,,105000
,,,,,,210000
,,,,,,120000
,,,,,,92000
,,,,,,200000
,,,,,,100000
,,,,,,92000
,,,,,,140000
,,,,,,135000
,,,,,,80000
,,,,,,124000
,,,,,,81000
,,,,,,50000
,,,,,,50000
,,,,,,75000
,,,,,,132000
,,,,,,50000
,,,,,,86000
,,,,,,144000
,,,,,,45000
,,,,,,105000
,,,,,,106000
,,,,,,60000
,,,,,,84000
,,,,,,345500
,,,,,,220000
,,,,,,450000
,,,,,,103000
,,,,,,160000
,,,,,,142000
,,,,,,140000
,,,,,,129000
,,,,,,183000
,,,,,,57500
,,,,,,36000
,,,,,,80000
,,,,,,123000
,,,,,,86000
,,,,,,121000
,,,,,,140000
,,,,,,100000
,,,,,,70000
,,,,,,75000
,,,,,,100000
,,,,,,140000
,,,,,,130000
,,,,,,110000
,,,,,,110000
,,,,,,145000
,,,,,,115000
,,,,,,95000
,,,,,,105000
,,,,,,120000
,,,,,,180000
,,,,,,140000
,,,,,,60000
,,,,,,70000
,,,,,,128000
,,,,,,100000
,,,,,,119000
,,,,,,58000
,,,,,,60000
,,,,,,80000
,,,,,,127000
,,,,,,65000
,,,,,,78000
,,,,,,143000
,,,,,,105000
,,,,,,94000
,,,,,,81000
,,,,,,85000
,,,,,,150000
,,,,,,442000
,,,,,,487000
,,,,,,185000
,,,,,,234000
,,,,,,436000
,,,,,,270000
,,,,,,21000
,,,,,,81000
,,,,,,80000
,,,,,,120000
,,,,,,430000
,,,,,,190000
,,,,,,233000
,,,,,,180000
,,,,,,130000
,,,,,,130000
,,,,,,110000
,,,,,,115000
,,,,,,120000
,,,,,,130000
,,,,,,130000
,,,,,,115000
,,,,,,120000
,,,,,,187000
,,,,,,91000
,,,,,,287000
,,,,,,200000
,,,,,,181000
,,,,,,70500
,,,,,,140000
,,,,,,120000
,,,,,,70000
,,,,,,70000
,,,,,,61000
,,,,,,207000
,,,,,,232000
,,,,,,200000
,,,,,,170000
,,,,,,351000
,,,,,,75000
,,,,,,48000
,,,,,,107000
,,,,,,180000
,,,,,,65000
,,,,,,160000
,,,,,,150000
,,,,,,103000
,,,,,,122000
,,,,,,115000
,,,,,,164000
,,,,,,70000
,,,,,,75000
,,,,,,90000
,,,,,,80000
,,,,,,100000
,,,,,,130000
,,,,,,100000
,,,,,,100000
,,,,,,130000
,,,,,,125000
,,,,,,130000
,,,,,,115000
,,,,,,115000
,,,,,,90000
,,,,,,82000
,,,,,,120000
,,,,,,122000
,,,,,,87000
,,,,,,101000
,,,,,,250000
,,,,,,150000
,,,,,,65000
,,,,,,113000
,,,,,,100000
,,,,,,80000
,,,,,,100000
,,,,,,85000
,,,,,,59000
,,,,,,130000
,,,,,,60000
,,,,,,36000
,,,,,,125000
,,,,,,50000
,,,,,,61000
,,,,,,71000
,,,,,,132000
,,,,,,50000
,,,,,,70000
,,,,,,65000
,,,,,,278000
,,,,,,220000
,,,,,,135000
,,,,,,363000
,,,,,,190000
,,,,,,45000
,,,,,,44000
,,,,,,83000
,,,,,,160000
,,,,,,145000
,,,,,,100000
,,,,,,132000
,,,,,,154000
,,,,,,90000
,,,,,,110000
,,,,,,190000
,,,,,,80000
,,,,,,105000
,,,,,,180000
,,,,,,95000
,,,,,,135000
,,,,,,110000
,,,,,,95000
,,,,,,100000
,,,,,,140000
,,,,,,80000
,,,,,,90000
,,,,,,170000
,,,,,,115000
,,,,,,92500
,,,,,,254000
,,,,,,210000
,,,,,,130000
,,,,,,171500
,,,,,,86000
,,,,,,100000
,,,,,,100000
,,,,,,90000
,,,,,,60000
,,,,,,82000
,,,,,,100000
,,,,,,110000
,,,,,,71000
,,,,,,109000
,,,,,,109000
,,,,,,180000
,,,,,,65000
,,,,,,91000
,,,,,,103000
,,,,,,100000
,,,,,,445000
,,,,,,460000
,,,,,,197000
,,,,,,324000
,,,,,,330000
,,,,,,215000
,,,,,,142000
,,,,,,190000
,,,,,,110000
,,,,,,80000
,,,,,,65000
,,,,,,120000
,,,,,,127000
,,,,,,130000
,,,,,,107000
,,,,,,120000
,,,,,,130000
,,,,,,80000
,,,,,,117000
,,,,,,106000
,,,,,,154000
,,,,,,80000
,,,,,,125000
,,,,,,140000
,,,,,,65000
,,,,,,120000
,,,,,,100000
,,,,,,100000
,,,,,,100000
,,,,,,100000
,,,,,,100000
,,,,,,100000
,,,,,,65000
,,,,,,132000
,,,,,,126000
,,,,,,108000
,,,,,,110000
,,,,,,460000
,,,,,,200000
,,,,,,155000
,,,,,,55000
,,,,,,85000
,,,,,,104000
,,,,,,71000
,,,,,,82000
,,,,,,135000
,,,,,,85000
,,,,,,85000
,,,,,,100000
,,,,,,157000
,,,,,,91000
,,,,,,1172000
,,,,,,300000
,,,,,,212000
,,,,,,110000
,,,,,,110000
,,,,,,155000
,,,,,,440000
,,,,,,260000
,,,,,,168000
,,,,,,78000
,,,,,,60000
,,,,,,137000
,,,,,,120000
,,,,,,120000
,,,,,,55000
,,,,,,110000
,,,,,,100000
,,,,,,100000
,,,,,,130000
,,,,,,224000
,,,,,,140000
,,,,,,136000
,,,,,,55000
,,,,,,70000
,,,,,,85000
,,,,,,100000
,,,,,,135000
,,,,,,115000
,,,,,,135000
,,,,,,90000
,,,,,,80000
,,,,,,90000
,,,,,,295000
,,,,,,220000
,,,,,,115000
,,,,,,75000
,,,,,,75000
,,,,,,325000
,,,,,,373000
,,,,,,70000
,,,,,,142000
,,,,,,122000
,,,,,,105000
,,,,,,127000
,,,,,,65000
,,,,,,195000
,,,,,,50000
,,,,,,115000
,,,,,,95000
,,,,,,150000
,,,,,,73000
,,,,,,160000
,,,,,,105000
,,,,,,75000
,,,,,,135000
,,,,,,74000
,,,,,,49000
,,,,,,80000
,,,,,,328000
,,,,,,127000
,,,,,,290000
,,,,,,242000
,,,,,,85000
,,,,,,82000
,,,,,,120000
,,,,,,40000
,,,,,,130000
,,,,,,85000
,,,,,,108000
,,,,,,145000
,,,,,,80000
,,,,,,112000
,,,,,,150000
,,,,,,148000
,,,,,,103000
,,,,,,190000
,,,,,,100500
,,,,,,160000
,,,,,,85000
,,,,,,110000
,,,,,,100000
,,,,,,106000
,,,,,,100000
,,,,,,120000
,,,,,,90000
,,,,,,140000
,,,,,,115000
,,,,,,150000
,,,,,,221000
,,,,,,123000
,,,,,,120000
,,,,,,140000
,,,,,,145000
,,,,,,50000
,,,,,,88000
,,,,,,62000
,,,,,,140000
,,,,,,91000
,,,,,,46000
,,,,,,83000
,,,,,,65000
,,,,,,95000
,,,,,,70000
,,,,,,64000
,,,,,,140000
,,,,,,40000
,,,,,,70000
,,,,,,80000
,,,,,,55000
,,,,,,458000
,,,,,,289000
,,,,,,196000
,,,,,,130000
,,,,,,253000
,,,,,,95000
,,,,,,119000
,,,,,,100000
,,,,,,50000
,,,,,,165000
,,,,,,100000
,,,,,,152000
,,,,,,120000
,,,,,,123000
,,,,,,97000
,,,,,,135000
,,,,,,110000
,,,,,,95000
,,,,,,80000
,,,,,,85000
,,,,,,130000
,,,,,,85000
,,,,,,145000
,,,,,,120000
,,,,,,90000
,,,,,,57000
,,,,,,105000
,,,,,,85000
,,,,,,80000
,,,,,,160000
,,,,,,55000
,,,,,,160000
,,,,,,235000
,,,,,,97000
,,,,,,135000
,,,,,,100000
,,,,,,150000
,,,,,,85000
,,,,,,57000
,,,,,,80000
,,,,,,84000
,,,,,,104000
,,,,,,151000
,,,,,,80000
,,,,,,488000
,,,,,,271000
,,,,,,200000
,,,,,,490000
,,,,,,500000
,,,,,,270000
,,,,,,59500
,,,,,,200000
,,,,,,85000
,,,,,,79000
,,,,,,100000
,,,,,,70000
,,,,,,85000
,,,,,,107000
,,,,,,250000
,,,,,,165000
,,,,,,240000
,,,,,,408000
,,,,,,150000
,,,,,,160000
,,,,,,200000
,,,,,,100000
,,,,,,398000
,,,,,,140000
,,,,,,130000
,,,,,,85000
,,,,,,125000
,,,,,,100000
,,,,,,80000
,,,,,,79500
,,,,,,165000
,,,,,,73000
,,,,,,70000
,,,,,,279000
,,,,,,224000
,,,,,,124000
,,,,,,242000
,,,,,,105000
,,,,,,80000
,,,,,,32000
,,,,,,98000
,,,,,,120000
,,,,,,73000
,,,,,,155000
,,,,,,159000
,,,,,,90000
,,,,,,152000
,,,,,,161000
,,,,,,44000
,,,,,,150000
,,,,,,200000
,,,,,,70000
,,,,,,123000
,,,,,,125000
,,,,,,110000
,,,,,,90000
,,,,,,105000
,,,,,,110000
,,,,,,89000
,,,,,,90000
,,,,,,70000
,,,,,,104000
,,,,,,90000
,,,,,,115000
,,,,,,100000
,,,,,,90000
,,,,,,120000
,,,,,,100000
,,,,,,90000
,,,,,,90000
,,,,,,234000
,,,,,,74000
,,,,,,102000
,,,,,,87000
,,,,,,100000
,,,,,,130000
,,,,,,100000
,,,,,,125000
,,,,,,108000
,,,,,,95000
,,,,,,100000
,,,,,,52000
,,,,,,170000
,,,,,,145000
,,,,,,76000
,,,,,,74000
,,,,,,40000
,,,,,,85000
,,,,,,50000
,,,,,,48000
,,,,,,60000
,,,,,,90000
,,,,,,99000
,,,,,,270000
,,,,,,220000
,,,,,,310000
,,,,,,75000
,,,,,,102000
,,,,,,110000
,,,,,,94000
,,,,,,160000
,,,,,,115000
,,,,,,173000
,,,,,,185000
,,,,,,100000
,,,,,,118000
,,,,,,70000
,,,,,,75000
,,,,,,90000
,,,,,,90000
,,,,,,150000
,,,,,,95000
,,,,,,120000
,,,,,,95000
,,,,,,85000
,,,,,,88000
,,,,,,65000
,,,,,,155000
,,,,,,155000
,,,,,,145000
,,,,,,89000
,,,,,,300000
,,,,,,120000
,,,,,,100000
,,,,,,135000
,,,,,,107000
,,,,,,100000
,,,,,,96000
,,,,,,73000
,,,,,,80000
,,,,,,120000
,,,,,,113000
,,,,,,113000
,,,,,,56000
,,,,,,87000
,,,,,,150000
,,,,,,92000
,,,,,,50000
,,,,,,82000
,,,,,,60000
,,,,,,100000
,,,,,,85000
,,,,,,85000
,,,,,,67000
,,,,,,100000
,,,,,,95000
,,,,,,85000
,,,,,,60000
,,,,,,459000
,,,,,,450000
,,,,,,327000
,,,,,,233000
,,,,,,135000
,,,,,,106000
,,,,,,120000
,,,,,,140500
,,,,,,31000
,,,,,,55000
,,,,,,150000
,,,,,,100000
,,,,,,100000
,,,,,,108000
,,,,,,100000
,,,,,,150000
,,,,,,65000
,,,,,,110000
,,,,,,95000
,,,,,,110000
,,,,,,110000
,,,,,,150000
,,,,,,163000
,,,,,,90000
,,,,,,62000
,,,,,,80000
,,,,,,288000
,,,,,,200000
,,,,,,220000
,,,,,,96000
,,,,,,122000
,,,,,,95000
,,,,,,130000
,,,,,,95000
,,,,,,100000
,,,,,,85000
,,,,,,75000
,,,,,,101000
,,,,,,70000
,,,,,,90000
,,,,,,95000
,,,,,,73000
,,,,,,70000
,,,,,,120000
,,,,,,165000
,,,,,,85000
,,,,,,163000
,,,,,,245000
,,,,,,283000
,,,,,,120000
,,,,,,117000
,,,,,,240000
,,,,,,450000
,,,,,,30000
,,,,,,62000
,,,,,,90000
,,,,,,55000
,,,,,,100000
,,,,,,95000
,,,,,,110000
,,,,,,100000
,,,,,,60000
,,,,,,148000
,,,,,,135000
,,,,,,100000
,,,,,,100000
,,,,,,140000
,,,,,,145000
,,,,,,115000
,,,,,,116000
,,,,,,150000
,,,,,,80000
,,,,,,90000
,,,,,,200000
,,,,,,160000
,,,,,,185000
,,,,,,220000
,,,,,,329000
,,,,,,280000
,,,,,,124000
,,,,,,100000
,,,,,,139000
,,,,,,100000
,,,,,,80000
,,,,,,185000
,,,,,,125000
,,,,,,108000
,,,,,,108000
,,,,,,72000
,,,,,,71000
,,,,,,60000
,,,,,,115000
,,,,,,14000
,,,,,,70000
,,,,,,85000
,,,,,,110000
,,,,,,100000
,,,,,,95000
,,,,,,146000
,,,,,,70000
,,,,,,97000
,,,,,,110000
,,,,,,70500
,,,,,,115000
,,,,,,75000
,,,,,,470000
,,,,,,300000
,,,,,,193000
,,,,,,118000
,,,,,,180000
,,,,,,275000
,,,,,,60000
,,,,,,100000
,,,,,,142000
,,,,,,135000
,,,,,,75000
,,,,,,155000
,,,,,,142000
,,,,,,110000
,,,,,,165000
,,,,,,150000
,,,,,,130000
,,,,,,100000
,,,,,,125000
,,,,,,75000
,,,,,,75000
,,,,,,114000
,,,,,,45000
,,,,,,120000
,,,,,,115000
,,,,,,100000
,,,,,,125000
,,,,,,110000
,,,,,,100000
,,,,,,205000
,,,,,,104000
,,,,,,90000
,,,,,,123000
,,,,,,185000
,,,,,,132000
,,,,,,130000
,,,,,,90000
,,,,,,108000
,,,,,,130000
,,,,,,98000
,,,,,,75000
,,,,,,85000
,,,,,,60000
,,,,,,80000
,,,,,,100000
,,,,,,188000
,,,,,,56000
,,,,,,95000
,,,,,,132000
,,,,,,149000
,,,,,,90000
,,,,,,87000
,,,,,,75000
,,,,,,498000
,,,,,,232000
,,,,,,293000
,,,,,,160000
,,,,,,90000
,,,,,,189000
,,,,,,135000
,,,,,,130500
,,,,,,95000
,,,,,,66500
,,,,,,500000
,,,,,,170000
,,,,,,145000
,,,,,,60000
,,,,,,75000
,,,,,,140000
,,,,,,138000
,,,,,,76000
,,,,,,100000
,,,,,,150000
,,,,,,198500
,,,,,,115000
,,,,,,110000
,,,,,,100000
,,,,,,95000
,,,,,,140000
,,,,,,95000
,,,,,,145000
,,,,,,105000
,,,,,,115000
,,,,,,145000
,,,,,,113000
,,,,,,124000
,,,,,,125000
,,,,,,140000
,,,,,,200000
,,,,,,90000
,,,,,,110000
,,,,,,75000
,,,,,,85000
,,,,,,62000
,,,,,,101000
,,,,,,130500
,,,,,,83000
,,,,,,110000
,,,,,,429000
,,,,,,520000
,,,,,,285000
,,,,,,215000
,,,,,,140000
,,,,,,55000
,,,,,,70000
,,,,,,133000
,,,,,,10000
,,,,,,82000
,,,,,,98000
,,,,,,110000
,,,,,,100000
,,,,,,140000
,,,,,,125000
,,,,,,145000
,,,,,,140000
,,,,,,70000
,,,,,,140000
,,,,,,110000
,,,,,,90000
,,,,,,100000
,,,,,,100000
,,,,,,100000
,,,,,,130000
,,,,,,130000
,,,,,,205000
,,,,,,210000
,,,,,,265000
,,,,,,80000
,,,,,,114000
,,,,,,100000
,,,,,,100000
,,,,,,306000
,,,,,,200000
,,,,,,235000
,,,,,,99000
,,,,,,90000
,,,,,,62000
,,,,,,53000
,,,,,,129000
,,,,,,110000
,,,,,,120000
,,,,,,137000
,,,,,,110000
,,,,,,102000
,,,,,,55000
,,,,,,90000
,,,,,,130000
,,,,,,140000
,,,,,,102000
,,,,,,145000
,,,,,,65000
,,,,,,85000
,,,,,,80000
,,,,,,130000
,,,,,,100000
,,,,,,110000
,,,,,,120000
,,,,,,114000
,,,,,,129000
,,,,,,120000
,,,,,,95000
,,,,,,130000
,,,,,,85000
,,,,,,94500
,,,,,,170000
,,,,,,100000
,,,,,,85000
,,,,,,95000
,,,,,,190000
,,,,,,110000
,,,,,,80000
,,,,,,80000
,,,,,,125000
,,,,,,97000
,,,,,,80000
,,,,,,109000
,,,,,,109000
,,,,,,60000
,,,,,,61000
,,,,,,87000
,,,,,,75000
,,,,,,70000
,,,,,,100000
,,,,,,166000
,,,,,,160000
,,,,,,155000
,,,,,,90000
,,,,,,153000
,,,,,,294000
,,,,,,230000
,,,,,,350000
,,,,,,150000
,,,,,,135000
,,,,,,98000
,,,,,,120000
,,,,,,100000
,,,,,,115000
,,,,,,156000
,,,,,,65000
,,,,,,115000
,,,,,,130000
,,,,,,100000
,,,,,,121000
,,,,,,146500
,,,,,,130000
,,,,,,110000
,,,,,,100000
,,,,,,20000
,,,,,,99000
,,,,,,160000
,,,,,,170000
,,,,,,100000
,,,,,,100000
,,,,,,90000
,,,,,,85000
,,,,,,90000
,,,,,,150000
,,,,,,120000
,,,,,,109000
,,,,,,80000
,,,,,,80000
,,,,,,100000
,,,,,,132000
,,,,,,135000
,,,,,,114000
,,,,,,90000
,,,,,,200000
,,,,,,110000
,,,,,,215000
,,,,,,142000
,,,,,,210000
,,,,,,170000
,,,,,,83000
,,,,,,82000
,,,,,,110000
,,,,,,80000
,,,,,,80000
,,,,,,60000
,,,,,,178000
,,,,,,83000
,,,,,,48000
,,,,,,75000
,,,,,,115000
,,,,,,90000
,,,,,,472000
,,,,,,480000
,,,,,,330000
,,,,,,190000
,,,,,,208000
,,,,,,182000
,,,,,,94000
,,,,,,66000
,,,,,,120000
,,,,,,65000
,,,,,,79000
,,,,,,120000
,,,,,,0
,,,,,,120000
,,,,,,23000
,,,,,,28500
,,,,,,194000
,,,,,,55000
,,,,,,155000
,,,,,,115000
,,,,,,185000
,,,,,,115000
,,,,,,85000
,,,,,,120000
,,,,,,110000
,,,,,,96000
,,,,,,120000
,,,,,,170000
,,,,,,175000
,,,,,,115000
,,,,,,100000
,,,,,,235000
,,,,,,115000
,,,,,,148000
,,,,,,120000
,,,,,,100000
,,,,,,80000
,,,,,,110000
,,,,,,93000
,,,,,,110000
,,,,,,90000
,,,,,,140000
,,,,,,160000
,,,,,,342000
,,,,,,330000
,,,,,,104000
,,,,,,90000
,,,,,,90000
,,,,,,115000
,,,,,,110000
,,,,,,140000
,,,,,,145000
,,,,,,75000
,,,,,,60000
,,,,,,90000
,,,,,,90000
,,,,,,85000
,,,,,,170000
,,,,,,82000
,,,,,,86000
,,,,,,170000
,,,,,,89000
,,,,,,1030000
,,,,,,291000
,,,,,,225000
,,,,,,110000
,,,,,,205000
,,,,,,385000
,,,,,,112000
,,,,,,120000
,,,,,,50000
,,,,,,50000
,,,,,,23000
,,,,,,45000
,,,,,,84000
,,,,,,15000
,,,,,,20000
,,,,,,27000
,,,,,,14000
,,,,,,33000
,,,,,,110000
,,,,,,85000
,,,,,,170000
,,,,,,110000
,,,,,,132000
,,,,,,100000
,,,,,,148000
,,,,,,120000
,,,,,,125000
,,,,,,160000
,,,,,,100000
,,,,,,65000
,,,,,,100000
,,,,,,70000
,,,,,,105000
,,,,,,100000
,,,,,,100000
,,,,,,90000
,,,,,,105000
,,,,,,140000
,,,,,,110000
,,,,,,110000
,,,,,,70000
,,,,,,168000
,,,,,,110000
,,,,,,130000
,,,,,,230000
,,,,,,295000
,,,,,,250000
,,,,,,86000
,,,,,,115000
,,,,,,70000
,,,,,,260000
,,,,,,104000
,,,,,,127000
,,,,,,60000
,,,,,,111500
,,,,,,72000
,,,,,,85000
,,,,,,60000
,,,,,,650000
,,,,,,131000
,,,,,,70000
,,,,,,107000
,,,,,,44000
,,,,,,80000
,,,,,,135000
,,,,,,100000
,,,,,,111000
,,,,,,83000
,,,,,,485000
,,,,,,488000
,,,,,,310000
,,,,,,187000
,,,,,,347000
,,,,,,250000
,,,,,,192000
,,,,,,18000
,,,,,,15000
,,,,,,50000
,,,,,,15000
,,,,,,24000
,,,,,,30000
,,,,,,25000
,,,,,,65000
,,,,,,43000
,,,,,,810000
,,,,,,140000
,,,,,,105000
,,,,,,92000
,,,,,,100000
,,,,,,131000
,,,,,,108000
,,,,,,90000
,,,,,,108000
,,,,,,90000
,,,,,,140000
,,,,,,200000
,,,,,,320000
,,,,,,90000
,,,,,,70000
,,,,,,140000
,,,,,,110000
,,,,,,100000
,,,,,,124000
,,,,,,95000
,,,,,,75000
,,,,,,100500
,,,,,,89000
,,,,,,80000
,,,,,,110000
,,,,,,100000
,,,,,,160000
,,,,,,120000
,,,,,,130000
,,,,,,115000
,,,,,,150000
,,,,,,202000
,,,,,,100000
,,,,,,122000
,,,,,,98000
,,,,,,90000
,,,,,,105000
,,,,,,98000
,,,,,,63000
,,,,,,95000
,,,,,,76000
,,,,,,148000
,,,,,,75000
,,,,,,93000
,,,,,,20000
,,,,,,280000
,,,,,,110000
,,,,,,100000
,,,,,,100000
,,,,,,225000
,,,,,,170000
,,,,,,85000
,,,,,,90000
,,,,,,25000
,,,,,,15000
,,,,,,20000
,,,,,,15000
,,,,,,150000
,,,,,,95000
,,,,,,102000
,,,,,,60000
,,,,,,150000
,,,,,,110000
,,,,,,130000
,,,,,,130000
,,,,,,80000
,,,,,,75000
,,,,,,80000
,,,,,,110000
,,,,,,97000
,,,,,,145000
,,,,,,100000
,,,,,,70000
,,,,,,180000
,,,,,,110000
,,,,,,100000
,,,,,,110000
,,,,,,100000
,,,,,,149000
,,,,,,120000
,,,,,,152000
,,,,,,144000
,,,,,,103000
,,,,,,122000
,,,,,,86000
,,,,,,145000
,,,,,,110000
,,,,,,80000
,,,,,,70000
,,,,,,60000
,,,,,,67000
,,,,,,71000
,,,,,,80000
,,,,,,137000
,,,,,,97000
,,,,,,97000
,,,,,,85000
,,,,,,60000
,,,,,,555000
,,,,,,212000
,,,,,,160000
,,,,,,500000
,,,,,,597000
,,,,,,525000
,,,,,,150000
,,,,,,431000
,,,,,,100000
,,,,,,88000
,,,,,,110000
,,,,,,83000
,,,,,,114000
,,,,,,110000
,,,,,,145000
,,,,,,159000
,,,,,,141000
,,,,,,120000
,,,,,,122000
,,,,,,95000
,,,,,,130000
,,,,,,120000
,,,,,,132000
,,,,,,225000
,,,,,,320000
,,,,,,140000
,,,,,,145000
,,,,,,123000
,,,,,,135000
,,,,,,261000
,,,,,,286000
,,,,,,230000
,,,,,,170000
,,,,,,192000
,,,,,,75000
,,,,,,80000
,,,,,,75000
,,,,,,85000
,,,,,,292000
,,,,,,210000
,,,,,,50000
,,,,,,107000
,,,,,,90000
,,,,,,71000
,,,,,,108000
,,,,,,125000
,,,,,,65000
,,,,,,135000
,,,,,,98000
,,,,,,130000
,,,,,,113000
,,,,,,120000
,,,,,,100000
,,,,,,65000
,,,,,,100000
,,,,,,130000
,,,,,,150000
,,,,,,116000
,,,,,,130000
,,,,,,71000
,,,,,,90000
,,,,,,115000
,,,,,,150000
,,,,,,156000
,,,,,,85000
,,,,,,150000
,,,,,,125000
,,,,,,125000
,,,,,,104000
,,,,,,25000
,,,,,,85000
,,,,,,44000
,,,,,,65000
,,,,,,60000
,,,,,,180000
,,,,,,132000
,,,,,,224000
,,,,,,159000
,,,,,,163000
,,,,,,90000
,,,,,,85000
,,,,,,85000
,,,,,,95000
,,,,,,100000
,,,,,,96000
,,,,,,171000
,,,,,,80000
,,,,,,60000
,,,,,,150000
,,,,,,70000
,,,,,,80000
,,,,,,65000
,,,,,,70000
,,,,,,92000
,,,,,,310000
,,,,,,130000
,,,,,,275000
,,,,,,85000
,,,,,,86000
,,,,,,80000
,,,,,,80000
,,,,,,70000
,,,,,,250000
,,,,,,70000
,,,,,,195000
,,,,,,120000
,,,,,,84000
,,,,,,170000
,,,,,,110000
,,,,,,105000
,,,,,,100000
,,,,,,110000
,,,,,,95000
,,,,,,120000
,,,,,,90000
,,,,,,70000
,,,,,,130000
,,,,,,125000
,,,,,,125000
,,,,,,260000
,,,,,,194500
,,,,,,82000
,,,,,,170000
,,,,,,110000
,,,,,,70000
,,,,,,130000
,,,,,,95000
,,,,,,178000
,,,,,,100000
,,,,,,115000
,,,,,,108000
,,,,,,85000
,,,,,,70000
,,,,,,178000
,,,,,,80000
,,,,,,65000
,,,,,,139000
,,,,,,98000
,,,,,,74000
,,,,,,171500
,,,,,,80000
,,,,,,95000
,,,,,,92000
,,,,,,82000
,,,,,,100000
,,,,,,423000
,,,,,,565000
,,,,,,303000
,,,,,,225000
,,,,,,195000
,,,,,,200000
,,,,,,56000
,,,,,,60000
,,,,,,20000
,,,,,,12000
,,,,,,115000
,,,,,,150000
,,,,,,101000
,,,,,,105000
,,,,,,150000
,,,,,,142000
,,,,,,70000
,,,,,,90000
,,,,,,110000
,,,,,,80000
,,,,,,100000
,,,,,,110000
,,,,,,90000
,,,,,,60000
,,,,,,70000
,,,,,,100000
,,,,,,135000
,,,,,,115000
,,,,,,105000
,,,,,,345000
,,,,,,264000
,,,,,,100000
,,,,,,57000
,,,,,,105000
,,,,,,119000
,,,,,,140000
,,,,,,130000
,,,,,,69000
,,,,,,60000
,,,,,,115000
,,,,,,65000
,,,,,,91000
,,,,,,159000
,,,,,,120000
,,,,,,130000
,,,,,,80000
,,,,,,81000
,,,,,,135000
,,,,,,80000
,,,,,,408000
,,,,,,991000
,,,,,,220000
,,,,,,295500
,,,,,,258000
,,,,,,150000
,,,,,,126000
,,,,,,180000
,,,,,,408000
,,,,,,80000
,,,,,,60000
,,,,,,100000
,,,,,,64000
,,,,,,208000
,,,,,,28000
,,,,,,40000
,,,,,,222000
,,,,,,122000
,,,,,,115000
,,,,,,161000
,,,,,,85000
,,,,,,110000
,,,,,,105000
,,,,,,125000
,,,,,,120000
,,,,,,120000
,,,,,,92000
,,,,,,80000
,,,,,,90000
,,,,,,200000
,,,,,,125000
,,,,,,110000
,,,,,,255000
,,,,,,230000
,,,,,,300000
,,,,,,134000
,,,,,,92000
,,,,,,200000
,,,,,,100000
,,,,,,105000
,,,,,,125000
,,,,,,142000
,,,,,,110000
,,,,,,80000
,,,,,,50000
,,,,,,173000
,,,,,,78000
,,,,,,93000
,,,,,,58000
,,,,,,145000
,,,,,,95000
,,,,,,54000
,,,,,,77000
,,,,,,115000
,,,,,,196000
,,,,,,323000
,,,,,,390000
,,,,,,335000
,,,,,,241000
,,,,,,220000
,,,,,,90000
,,,,,,170000
,,,,,,95000
,,,,,,70000
,,,,,,25000
,,,,,,82500
,,,,,,230000
,,,,,,115000
,,,,,,175000
,,,,,,100000
,,,,,,122000
,,,,,,348000
,,,,,,130000
,,,,,,153000
,,,,,,114000
,,,,,,150000
,,,,,,100000
,,,,,,100000
,,,,,,99000
,,,,,,90000
,,,,,,90000
,,,,,,120000
,,,,,,80000
,,,,,,174000
,,,,,,165000
,,,,,,200000
,,,,,,83000
,,,,,,137000
,,,,,,139000
,,,,,,144000
,,,,,,73000
,,,,,,100000
,,,,,,107000
,,,,,,130000
,,,,,,68000
,,,,,,100000
,,,,,,72000
,,,,,,90000
,,,,,,85000
,,,,,,70000
,,,,,,185000
,,,,,,104000
,,,,,,80000
,,,,,,135000
,,,,,,109000
,,,,,,150000
,,,,,,60000
,,,,,,435000
,,,,,,276000
,,,,,,226000
,,,,,,115000
,,,,,,96000
,,,,,,385000
,,,,,,120000
,,,,,,198000
,,,,,,115000
,,,,,,126000
,,,,,,143000
,,,,,,187500
,,,,,,100000
,,,,,,180000
,,,,,,145000
,,,,,,98000
,,,,,,142000
,,,,,,180000
,,,,,,113000
,,,,,,104000
,,,,,,110000
,,,,,,130000
,,,,,,70000
,,,,,,110000
,,,,,,100000
,,,,,,85000
,,,,,,50000
,,,,,,80000
,,,,,,115000
,,,,,,110000
,,,,,,100000
,,,,,,48000
,,,,,,220000
,,,,,,105000
,,,,,,100000
,,,,,,140000
,,,,,,128000
,,,,,,160000
,,,,,,90000
,,,,,,95000
,,,,,,58000
,,,,,,61000
,,,,,,70000
,,,,,,122000
,,,,,,90000
,,,,,,115000
,,,,,,470000
,,,,,,528000
,,,,,,286000
,,,,,,220000
,,,,,,460000
,,,,,,
,,,,,,55000
,,,,,,100000
,,,,,,295000
,,,,,,340000
,,,,,,560000
,,,,,,350000
,,,,,,250000
,,,,,,350000
,,,,,,130000
,,,,,,114000
,,,,,,120000
,,,,,,150000
,,,,,,150000
,,,,,,80000
,,,,,,120000
,,,,,,90000
,,,,,,130000
,,,,,,85000
,,,,,,100000
,,,,,,105000
,,,,,,190000
,,,,,,140000
,,,,,,120000
,,,,,,137000
,,,,,,96500
,,,,,,92000
,,,,,,50000
,,,,,,151000
,,,,,,80000
,,,,,,256000
,,,,,,190000
,,,,,,125000
,,,,,,124000
,,,,,,633000
,,,,,,55000
,,,,,,68000
,,,,,,135000
,,,,,,107500
,,,,,,115000
,,,,,,110000
,,,,,,150000
,,,,,,137000
,,,,,,103000
,,,,,,50000
,,,,,,100000
,,,,,,129000
,,,,,,75000
,,,,,,130000
,,,,,,130000
,,,,,,120000
,,,,,,162000
,,,,,,112000
,,,,,,150000
,,,,,,152000
,,,,,,110000
,,,,,,100000
,,,,,,135000
,,,,,,100000
,,,,,,50000
,,,,,,100000
,,,,,,82000
,,,,,,95000
,,,,,,136000
,,,,,,120000
,,,,,,116000
,,,,,,100000
,,,,,,160000
,,,,,,53000
,,,,,,80000
,,,,,,240000
,,,,,,100000
,,,,,,141000
,,,,,,135000
,,,,,,100000
,,,,,,44500
,,,,,,192000
,,,,,,102000
,,,,,,135000
,,,,,,80000
,,,,,,86000
,,,,,,159000
,,,,,,75000
,,,,,,80000
,,,,,,82000
,,,,,,195000
,,,,,,124000
,,,,,,190000
,,,,,,260000
,,,,,,129000
,,,,,,100000
,,,,,,135000
,,,,,,115000
,,,,,,131000
,,,,,,66000
,,,,,,200000
,,,,,,254000
,,,,,,105000
,,,,,,89000
,,,,,,75000
,,,,,,120000
,,,,,,140000
,,,,,,110000
,,,,,,100000
,,,,,,110000
,,,,,,80000
,,,,,,132000
,,,,,,170000
,,,,,,110000
,,,,,,115000
,,,,,,125000
,,,,,,255000
,,,,,,140000
,,,,,,80000
,,,,,,75000
,,,,,,97000
,,,,,,100000
,,,,,,80000
,,,,,,123000
,,,,,,180000
,,,,,,100000
,,,,,,105000
,,,,,,74000
,,,,,,94000
,,,,,,136000
,,,,,,115000
,,,,,,50000
,,,,,,110000
,,,,,,109000
,,,,,,85000
,,,,,,405000
,,,,,,285000
,,,,,,192000
,,,,,,135000
,,,,,,110000
,,,,,,530000
,,,,,,125000
,,,,,,118000
,,,,,,160000
,,,,,,230000
,,,,,,80000
,,,,,,27000
,,,,,,122000
,,,,,,110000
,,,,,,110000
,,,,,,95000
,,,,,,68000
,,,,,,145000
,,,,,,128000
,,,,,,125000
,,,,,,88500
,,,,,,125000
,,,,,,110000
,,,,,,85000
,,,,,,110000
,,,,,,120500
,,,,,,150000
,,,,,,90000
,,,,,,90000
,,,,,,60000
,,,,,,85000
,,,,,,100000
,,,,,,110000
,,,,,,297000
,,,,,,130000
,,,,,,332000
,,,,,,330000
,,,,,,130000
,,,,,,113000
,,,,,,68000
,,,,,,120000
,,,,,,62000
,,,,,,86000
,,,,,,148000
,,,,,,80000
,,,,,,150000
,,,,,,100000
,,,,,,89000
,,,,,,125000
,,,,,,282000
,,,,,,200000
,,,,,,
,,,,,,380000
,,,,,,279000
,,,,,,210000
,,,,,,130000
,,,,,,69000
,,,,,,86000
,,,,,,117000
,,,,,,
,,,,,,
,,,,,,130000
,,,,,,105000
,,,,,,140000
,,,,,,137000
,,,,,,140000
,,,,,,136000
,,,,,,93000
,,,,,,100000
,,,,,,120000
,,,,,,110000
,,,,,,115000
,,,,,,115000
,,,,,,90000
,,,,,,115000
,,,,,,100000
,,,,,,170000
,,,,,,85000
,,,,,,100000
,,,,,,117000
,,,,,,330000
,,,,,,250000
,,,,,,259000
,,,,,,160000
,,,,,,110000
,,,,,,100000
,,,,,,110000
,,,,,,85000
,,,,,,76000
,,,,,,92000
,,,,,,78000
,,,,,,150000
,,,,,,70000
,,,,,,100000
,,,,,,60000
,,,,,,50000
,,,,,,120000
,,,,,,160000
,,,,,,93000
,,,,,,100000
,,,,,,85000
,,,,,,80000
,,,,,,64000
,,,,,,428000
,,,,,,234000
,,,,,,193000
,,,,,,200000
,,,,,,260000
,,,,,,126000
,,,,,,105000
,,,,,,305000
,,,,,,90000
