LC,OWNER,Delivery Date,Fuel's Type,Qty Fuel,Jalur,BBM IDR
260101C021,AHI,1 Jan 2026,Solar,8.82,Gowa,60000
260101C004,HCI,1 Jan 2026,Solar,11.32,Makassar,77000
260101C006,HCI,1 Jan 2026,Solar,13.97,Gowa,95000
260101D046,HCI,1 Jan 2026,Solar,2.94,Makassar,20000
260101C009,HCI,1 Jan 2026,Solar,10.51,Takalar,71500
260101C008,HCI,1 Jan 2026,Solar,10.29,Makassar,70000
260101D047,AHI,1 Jan 2026,Solar,5.88,Makassar,40000
260101C013,HCI,1 Jan 2026,Pertalite,4.16,Makassar,41600
260101D056,AHI,1 Jan 2026,Solar,3.09,Makassar,21000
260101C003,HCI,1 Jan 2026,Solar,13.24,Maros,90000
260101D054,AHI,1 Jan 2026,Solar,5.15,Makassar,35000
260101D068,AHI,1 Jan 2026,Solar,5.88,Makassar,40000
260101D048,HCI,1 Jan 2026,Solar,2.94,Makassar,20000
260101D079,HCI,1 Jan 2026,Solar,5.15,Makassar,35000
260101T003,HCI,1 Jan 2026,,,Palu,
260101C005,HCI,1 Jan 2026,Solar,14.71,Maros,100000
260101D049,HCI,1 Jan 2026,Solar,5.59,Gowa,38000
260101D067,AHI,1 Jan 2026,Solar,3.38,Makassar,23000
260101C020,AHI,1 Jan 2026,Pertalite,9.6,Makassar,96000
260101D073,FBI,1 Jan 2026,Pertalite,3.9,Makassar,39000
260101D078,AHI,1 Jan 2026,Solar,3.38,Makassar,23000
260101C007,HCI,1 Jan 2026,Solar,9.85,Gowa,67000
260102D084,HCI,2 Jan 2026,Solar,4.41,Makassar,30000
260102D051,AHI,2 Jan 2026,Solar,4.12,Makassar,28000
260102C015,HCI,2 Jan 2026,Solar,1.76,Makassar,12000
260102C021,HCI,2 Jan 2026,Solar,5.74,Makassar,39000
260102C023,HCI,2 Jan 2026,Solar,6.62,Gowa,45000
260101D055,AHI,2 Jan 2026,Solar,4.71,Makassar,32000
260102C018,HCI,2 Jan 2026,Solar,16.18,Maros,110000
260102C119,HCI,2 Jan 2026,Solar,4.41,Makassar,30000
260102D050,HCI,2 Jan 2026,Solar,3.68,Makassar,25000
260102C009,HCI,2 Jan 2026,Solar,8.82,Makassar,60000
260102C025,AHI,2 Jan 2026,Solar,10.74,Makassar,73000
260102C005,HCI,2 Jan 2026,Solar,15.88,Makassar,108000
260102C006,HCI,2 Jan 2026,Solar,8.82,Maros,60000
260102C022,HCI,2 Jan 2026,Solar,7.35,Makassar,50000
260102C013,HCI,2 Jan 2026,Pertalite,9.6,Makassar,96000
260102C212,HCI,2 Jan 2026,Pertalite,8.4,Makassar,84000
260102C019,HCI,2 Jan 2026,Solar,4.41,Makassar,30000
260102C017,HCI,2 Jan 2026,Solar,2.94,Makassar,20000
260102D052,HCI,2 Jan 2026,Solar,3.68,Makassar,25000
260102D057,AHI,2 Jan 2026,Solar,5.15,Makassar,35000
260102D053,AHI,2 Jan 2026,Solar,4.71,Makassar,32000
260102C014,HCI,2 Jan 2026,Solar,3.68,Makassar,25000
260102C011,HCI,2 Jan 2026,Solar,6.32,Makassar,43000
260102C024,HCI,2 Jan 2026,Solar,4.71,Gowa,32000
260102D060,AHI,2 Jan 2026,Solar,4.56,Makassar,31000
260102C007,HCI,2 Jan 2026,Solar,15.15,Gowa,103000
260102C026,AHI,2 Jan 2026,Solar,14.41,Gowa,98000
260102C008,HCI,2 Jan 2026,Solar,17.94,Gowa,122000
260102C010,HCI,2 Jan 2026,Solar,8.53,Takalar,58000
260101D088,AHI,2 Jan 2026,Solar,2.94,Makassar,20000
260102C120,HCI,2 Jan 2026,Solar,3.68,Makassar,25000
260102C121,HCI,2 Jan 2026,Pertalite,5.1,Makassar,51000
260102C122,HCI,2 Jan 2026,Pertalite,7.5,Makassar,75000
260102D067,FBI,2 Jan 2026,Pertalite,3.75,Makassar,37500
260102D049,AHI,2 Jan 2026,Solar,3.82,Makassar,26000
260102C020,HCI,2 Jan 2026,Solar,5.15,Makassar,35000
260102C004,HCI,2 Jan 2026,Solar,11.76,Maros,80000
260103C020,HCI,3 Jan 2026,Solar,15.74,Makassar,107000
260103C012,HCI,3 Jan 2026,Solar,16.18,Makassar,110000
260103C015,HCI,3 Jan 2026,Solar,5.88,Makassar,40000
260103C018,HCI,3 Jan 2026,Solar,14.85,Makassar,101000
260103D060,HCI,3 Jan 2026,Solar,4.41,Makassar,30000
260103C016,HCI,3 Jan 2026,Solar,6.18,Makassar,42000
260103D059,HCI,3 Jan 2026,Solar,8.46,Makassar,57500
260103C011,HCI,3 Jan 2026,Solar,17.65,Takalar,120000
260103C017,HCI,3 Jan 2026,Solar,12.06,Makassar,82000
260103C014,HCI,3 Jan 2026,Pertalite,5.9,Makassar,59000
260103C030,AHI,3 Jan 2026,Solar,11.03,Makassar,75000
260103C023,HCI,3 Jan 2026,Solar,2.94,Makassar,20000
260103D058,AHI,3 Jan 2026,Solar,7.06,Makassar,47500
260103C019,HCI,3 Jan 2026,Solar,8.53,Makassar,58000
260103C005,HCI,3 Jan 2026,Solar,18.24,Maros,124000
260103C021,HCI,3 Jan 2026,Solar,10.29,Makassar,70000
260103C006,HCI,3 Jan 2026,Solar,15.15,Makassar,103000
260103C008,HCI,3 Jan 2026,Solar,13.24,Makassar,90000
260103C031,AHI,3 Jan 2026,Solar,8.82,Gowa,60000
260103C022,HCI,3 Jan 2026,Pertalite,5.3,Makassar,53000
260103C029,HCI,3 Jan 2026,Pertalite,4.5,Makassar,44500
260103C009,HCI,3 Jan 2026,Solar,18.97,Gowa,129000
260103C007,HCI,3 Jan 2026,Solar,9.56,Maros,65000
260104D040,AHI,4 Jan 2026,Solar,4.85,Makassar,32500
260104C052,HCI,4 Jan 2026,Solar,9.56,Gowa,65000
260104C043,HCI,4 Jan 2026,Solar,13.68,Makassar,93000
260104C050,HCI,4 Jan 2026,Solar,13.68,Makassar,93000
260104C044,HCI,4 Jan 2026,Solar,16.18,Makassar,110000
260104C047,HCI,4 Jan 2026,Solar,16.18,Makassar,110000
260104D044,AHI,4 Jan 2026,Solar,4.85,Makassar,33000
260104C054,AHI,4 Jan 2026,Solar,18.38,Makassar,125000
260104C055,HCI,4 Jan 2026,Pertalite,10.0,Makassar,100000
260104C057,HCI,4 Jan 2026,Pertalite,3.2,Makassar,32000
260104C053,HCI,4 Jan 2026,Solar,5.15,Makassar,35000
260104D043,AHI,4 Jan 2026,Solar,3.38,Makassar,23000
260104D041,AHI,4 Jan 2026,Solar,5.0,Makassar,34000
260104C048,HCI,4 Jan 2026,Solar,16.32,Gowa,111000
260104C051,HCI,4 Jan 2026,Solar,12.06,Gowa,82000
260104C056,HCI,4 Jan 2026,Solar,12.94,Makassar,88000
260104D042,AHI,4 Jan 2026,Solar,5.0,Makassar,34000
260104C045,HCI,4 Jan 2026,Solar,14.71,Makassar,100000
260104C046,HCI,4 Jan 2026,Solar,11.76,Makassar,80000
260104C049,HCI,4 Jan 2026,Solar,15.59,Gowa,106000
260105D032,AHI,5 Jan 2026,Solar,2.94,Makassar,20000
260105D035,AHI,5 Jan 2026,Solar,2.94,Makassar,20000
260105C011,HCI,5 Jan 2026,Solar,11.76,Makassar,80000
260105C013,HCI,5 Jan 2026,Solar,4.71,Makassar,32000
260105C142,HCI,5 Jan 2026,Solar,14.41,Maros,98000
260105C022,HCI,5 Jan 2026,Solar,4.41,Makassar,30000
260105D034,AHI,5 Jan 2026,Solar,4.41,Makassar,30000
260105C006,HCI,5 Jan 2026,Solar,8.82,Makassar,60000
260105C143,HCI,5 Jan 2026,Solar,16.91,Gowa,115000
260105C018,HCI,5 Jan 2026,Solar,11.03,Gowa,75000
260105C003,HCI,5 Jan 2026,Solar,14.71,Gowa,100000
260105C138,HCI,5 Jan 2026,Pertalite,7.2,Makassar,72000
260105C012,HCI,5 Jan 2026,Solar,14.71,Makassar,100000
260105C025,HCI,5 Jan 2026,Solar,5.15,Makassar,35000
260105C146,HCI,5 Jan 2026,Solar,8.09,Makassar,55000
260105C023,HCI,5 Jan 2026,Solar,6.18,Makassar,42000
260105D033,AHI,5 Jan 2026,Solar,6.18,Makassar,42000
260105C015,HCI,5 Jan 2026,Solar,10.29,Maros,70000
260105C010,HCI,5 Jan 2026,Solar,12.06,Makassar,82000
260105C007,HCI,5 Jan 2026,Solar,8.09,Makassar,55000
260105C017,HCI,5 Jan 2026,Solar,13.24,Makassar,90000
260105C009,HCI,5 Jan 2026,Solar,19.12,Makassar,130000
260105C008,HCI,5 Jan 2026,Solar,8.82,Makassar,60000
260105C021,HCI,5 Jan 2026,Solar,3.24,Makassar,22000
260105C024,HCI,5 Jan 2026,Solar,3.82,Makassar,26000
260105C005,HCI,5 Jan 2026,Solar,10.59,Makassar,72000
260105C016,HCI,5 Jan 2026,Solar,8.09,Makassar,55000
260105C019,HCI,5 Jan 2026,Solar,8.82,Gowa,60000
260105C238,HCI,5 Jan 2026,Pertalite,5.3,Makassar,53000
260105D031,HCI,5 Jan 2026,Pertalite,5.0,Gowa,50000
260105D046,AHI,5 Jan 2026,Pertalite,3.7,Makassar,37000
260104D072,FBI,5 Jan 2026,Pertalite,4.45,Makassar,44500
260105C020,HCI,5 Jan 2026,Solar,13.24,Makassar,90000
260105C004,HCI,5 Jan 2026,Solar,27.79,Gowa,189000
260106C027,AHI,6 Jan 2026,Solar,19.85,Makassar,135000
260106C017,HCI,6 Jan 2026,Solar,13.38,Makassar,91000
260106C003,HCI,6 Jan 2026,Solar,12.35,Gowa,84000
260106C006,HCI,6 Jan 2026,Solar,19.12,Gowa,130000
260106C009,HCI,6 Jan 2026,Solar,11.69,Makassar,79500
260106C012,HCI,6 Jan 2026,Solar,13.97,Gowa,95000
260106D061,FBI,6 Jan 2026,Pertalite,4.15,Makassar,41500
260106C005,HCI,6 Jan 2026,Solar,7.21,Maros,49000
260106C011,HCI,6 Jan 2026,Solar,11.03,Gowa,75000
260106C013,HCI,6 Jan 2026,Solar,10.29,Makassar,70000
260106D048,AHI,6 Jan 2026,Solar,6.03,Gowa,41000
260106D049,AHI,6 Jan 2026,Solar,6.91,Makassar,47000
260106C004,HCI,6 Jan 2026,Solar,16.18,Makassar,110000
260106C007,HCI,6 Jan 2026,Solar,22.35,Gowa,152000
260106C008,HCI,6 Jan 2026,Solar,13.24,Maros,90000
260106C010,HCI,6 Jan 2026,Solar,12.5,Makassar,85000
260106C014,HCI,6 Jan 2026,Pertalite,9.21,Makassar,92100
260106C015,HCI,6 Jan 2026,Solar,5.15,Makassar,35000
260106C016,HCI,6 Jan 2026,Solar,12.5,Makassar,85000
260106C028,AHI,6 Jan 2026,Solar,14.71,Gowa,100000
260106D046,AHI,6 Jan 2026,Solar,2.94,Makassar,20000
260106D047,AHI,6 Jan 2026,Solar,5.41,Makassar,37000
260107T003,HCI,6 Jan 2026,,43.01,Palu,497500
260107C014,HCI,7 Jan 2026,Solar,19.85,Makassar,135000
260107C012,HCI,7 Jan 2026,Solar,9.56,Makassar,65000
260107D053,HCI,7 Jan 2026,Solar,5.29,Makassar,36000
260108D086,AHI,7 Jan 2026,Solar,3.38,Makassar,23000
260107C003,HCI,7 Jan 2026,Solar,11.03,Maros,75000
260107D051,AHI,7 Jan 2026,Solar,5.51,Makassar,37500
260108D087,AHI,7 Jan 2026,Solar,4.56,Makassar,31000
260107C010,HCI,7 Jan 2026,Solar,15.0,Gowa,102000
260107D049,AHI,7 Jan 2026,Solar,3.68,Makassar,25000
260107D048,AHI,7 Jan 2026,Solar,5.88,Makassar,40000
260107C011,HCI,7 Jan 2026,Pertalite,5.0,Makassar,50000
260107C009,HCI,7 Jan 2026,Solar,14.71,Maros,100000
260107D055,AHI,7 Jan 2026,Solar,4.56,Makassar,31000
260107D087,HCI,7 Jan 2026,Solar,2.94,Makassar,20000
260107C023,AHI,7 Jan 2026,Solar,13.24,Makassar,90000
260107C004,HCI,7 Jan 2026,Solar,12.5,Makassar,85000
260107C024,AHI,7 Jan 2026,Dexlite,16.55,Gowa,230000
260107C008,HCI,7 Jan 2026,Solar,15.74,Makassar,107000
260107C006,HCI,7 Jan 2026,Solar,19.85,Gowa,135000
260107D050,AHI,7 Jan 2026,Solar,10.29,Gowa,70000
260107C005,HCI,7 Jan 2026,Pertalite,9.6,Maros,96000
260107C016,HCI,7 Jan 2026,Pertalite,5.4,Makassar,54000
260107C015,HCI,7 Jan 2026,Solar,2.21,Makassar,15000
260107C007,HCI,7 Jan 2026,Solar,12.5,Takalar,85000
260108D066,AHI,8 Jan 2026,Solar,4.71,Makassar,32000
260108D101,AHI,8 Jan 2026,Solar,3.38,Makassar,23000
260108C004,HCI,8 Jan 2026,Solar,14.12,Makassar,96000
260108C014,HCI,8 Jan 2026,Solar,12.5,Makassar,85000
260108C015,HCI,8 Jan 2026,Solar,10.88,Makassar,74000
260108C017,HCI,8 Jan 2026,Solar,9.56,Makassar,65000
260108D064,AHI,8 Jan 2026,Solar,6.76,Gowa,46000
260108C011,HCI,8 Jan 2026,Solar,10.59,Makassar,72000
260108C003,HCI,8 Jan 2026,Solar,13.82,Maros,94000
260108D063,AHI,8 Jan 2026,Solar,4.71,Makassar,32000
260108C016,HCI,8 Jan 2026,Pertalite,3.0,Makassar,30000
260108C012,HCI,8 Jan 2026,Pertalite,7.0,Makassar,70000
260108D060,HCI,8 Jan 2026,Solar,14.41,Makassar,98000
260108D065,HCI,8 Jan 2026,Solar,4.41,Makassar,30000
260108D068,AHI,8 Jan 2026,Solar,3.82,Makassar,26000
260108C010,HCI,8 Jan 2026,Solar,7.79,Makassar,53000
260108C023,AHI,8 Jan 2026,Solar,16.18,Makassar,110000
260108C006,HCI,8 Jan 2026,Solar,17.65,Gowa,120000
260108C008,HCI,8 Jan 2026,Solar,13.24,Makassar,90000
260108D061,AHI,8 Jan 2026,Solar,4.41,Makassar,30000
260108C005,HCI,8 Jan 2026,Solar,11.76,Maros,80000
260108C024,AHI,8 Jan 2026,Solar,18.38,Gowa,125000
260108D069,AHI,8 Jan 2026,Pertalite,8.53,Makassar,58000
260108D092,FBI,8 Jan 2026,Pertalite,3.85,Makassar,38500
260108D095,AHI,8 Jan 2026,Pertalite,2.35,Makassar,23500
260108D067,HCI,8 Jan 2026,Solar,3.68,Makassar,25000
260108C009,HCI,8 Jan 2026,Solar,8.82,Takalar,60000
260108C007,HCI,8 Jan 2026,Solar,8.09,Gowa,55000
260109D054,AHI,9 Jan 2026,Solar,3.82,Makassar,26000
260109C011,HCI,9 Jan 2026,Solar,17.65,Makassar,120000
260109C005,HCI,9 Jan 2026,Solar,11.03,Maros,75000
260109C007,HCI,9 Jan 2026,Solar,13.24,Gowa,90000
260109C013,HCI,9 Jan 2026,Solar,16.91,Makassar,115000
260109C009,HCI,9 Jan 2026,Solar,8.97,Makassar,61000
260109C014,HCI,9 Jan 2026,Solar,17.65,Maros,120000
260108D071,HCI,9 Jan 2026,Solar,3.68,Makassar,25000
260109C012,HCI,9 Jan 2026,Pertalite,10.8,Gowa,108000
260109C010,HCI,9 Jan 2026,Solar,9.56,Makassar,65000
260109D055,AHI,9 Jan 2026,Solar,2.94,Makassar,20000
260108D102,AHI,9 Jan 2026,Solar,5.15,Makassar,35000
260109C006,HCI,9 Jan 2026,Solar,11.03,Gowa,75000
260108D062,HCI,9 Jan 2026,Solar,3.38,Makassar,23000
260109D056,AHI,9 Jan 2026,Solar,5.15,Makassar,35000
260109C023,AHI,9 Jan 2026,Solar,12.65,Gowa,86000
260109C003,HCI,9 Jan 2026,Solar,11.18,Maros,76000
260109C008,HCI,9 Jan 2026,Solar,6.32,Makassar,43500
260109C015,AHI,9 Jan 2026,Pertalite,2.6,Makassar,26000
260109D087,AHI,9 Jan 2026,Pertalite,7.0,Makassar,70000
260109D108,FBI,9 Jan 2026,Pertalite,4.5,Makassar,45000
260109C004,HCI,9 Jan 2026,Solar,16.62,Makassar,113000
260109D058,HCI,9 Jan 2026,Solar,7.5,Gowa,51000
260110C001,HCI,10 Jan 2026,Solar,11.47,Makassar,78000
260110D040,HCI,10 Jan 2026,Solar,6.03,Makassar,41000
260110C011,HCI,10 Jan 2026,Solar,12.79,Makassar,87000
260110C019,AHI,10 Jan 2026,Solar,13.38,Gowa,91000
260110C006,HCI,10 Jan 2026,Solar,14.71,Makassar,100000
260110C005,HCI,10 Jan 2026,Solar,11.03,Gowa,75000
260110C010,HCI,10 Jan 2026,Pertalite,9.7,Makassar,97000
260110C009,HCI,10 Jan 2026,Solar,1.91,Makassar,13000
260110C004,HCI,10 Jan 2026,Solar,14.71,Gowa,100000
260110C002,HCI,10 Jan 2026,Solar,13.38,Makassar,91000
260110D052,AHI,10 Jan 2026,Solar,2.94,Makassar,20000
260110D041,HCI,10 Jan 2026,Solar,5.15,Makassar,35000
260110C008,HCI,10 Jan 2026,Solar,12.65,Makassar,86000
260110C007,HCI,10 Jan 2026,Solar,8.09,Makassar,55000
260110C003,HCI,10 Jan 2026,Solar,9.56,Maros,65000
260110C012,HCI,10 Jan 2026,Pertalite,6.7,Makassar,67000
260110D084,AHI,10 Jan 2026,Pertalite,3.05,Makassar,30500
260110C018,AHI,10 Jan 2026,Pertalite,9.05,Makassar,90500
260110D050,HCI,10 Jan 2026,Solar,2.43,Makassar,16500
260110D039,AHI,10 Jan 2026,Solar,5.29,Makassar,36000
260111D009,HCI,11 Jan 2026,Solar,5.15,Makassar,35000
260111D033,HCI,11 Jan 2026,Solar,4.41,Makassar,30000
260111C019,HCI,11 Jan 2026,Solar,13.38,Makassar,91000
260111C018,HCI,11 Jan 2026,Solar,15.44,Maros,105000
260111D032,AHI,11 Jan 2026,Solar,4.71,Makassar,32000
260111D007,HCI,11 Jan 2026,Solar,19.12,Gowa,130000
260111C021,HCI,11 Jan 2026,Solar,14.71,Gowa,100000
260111C023,HCI,11 Jan 2026,Pertalite,13.05,Makassar,130500
260111C020,HCI,11 Jan 2026,Solar,7.35,Makassar,50000
260111D008,HCI,11 Jan 2026,Solar,3.38,Makassar,23000
260111D048,AHI,11 Jan 2026,Solar,5.59,Makassar,38000
260111D018,AHI,11 Jan 2026,Solar,4.41,Makassar,30000
260111C033,AHI,11 Jan 2026,Solar,11.18,Makassar,76000
260111D011,HCI,11 Jan 2026,Solar,4.41,Makassar,30000
260111C024,HCI,11 Jan 2026,Pertalite,8.9,Makassar,89000
260111D031,HCI,11 Jan 2026,Pertalite,7.8,Gowa,79500
260111D010,HCI,11 Jan 2026,Solar,4.41,Makassar,30000
260111C022,HCI,11 Jan 2026,Solar,16.91,Makassar,115000
260112C005,HCI,12 Jan 2026,Solar,8.82,Gowa,60000
260112C007,HCI,12 Jan 2026,Solar,20.15,Takalar,137000
260112C006,HCI,12 Jan 2026,Solar,8.09,Makassar,55000
260112C013,HCI,12 Jan 2026,Solar,14.71,Makassar,100000
260112C012,HCI,12 Jan 2026,Solar,10.88,Gowa,74000
260112D092,AHI,12 Jan 2026,Solar,5.15,Makassar,35000
260112D094,HCI,12 Jan 2026,Solar,7.35,Makassar,50000
260112C010,HCI,12 Jan 2026,Solar,10.29,Makassar,70000
260112C011,HCI,12 Jan 2026,Pertalite,11.0,Makassar,110000
260112C015,HCI,12 Jan 2026,Solar,7.35,Makassar,50000
260112D093,HCI,12 Jan 2026,Solar,5.74,Makassar,39000
260112C002,HCI,12 Jan 2026,Solar,10.29,Maros,70000
260112C022,AHI,12 Jan 2026,Solar,13.24,Makassar,90000
260112C008,HCI,12 Jan 2026,Solar,9.56,Makassar,65000
260112C023,AHI,12 Jan 2026,Solar,10.29,Gowa,70000
260112D099,AHI,12 Jan 2026,Solar,7.65,Makassar,52000
260112C009,HCI,12 Jan 2026,Solar,3.53,Makassar,24000
260112C003,HCI,12 Jan 2026,Solar,10.29,Maros,70000
260112C004,HCI,12 Jan 2026,Solar,10.29,Maros,70000
260112D091,HCI,12 Jan 2026,Pertalite,4.0,Makassar,40000
260112D131,FBI,12 Jan 2026,Pertalite,4.0,Makassar,40000
260112D133,AHI,12 Jan 2026,Pertalite,2.95,Makassar,29500
260112D098,AHI,12 Jan 2026,Solar,4.41,Makassar,30000
260112C014,HCI,12 Jan 2026,Solar,2.94,Makassar,20000
260113C022,AHI,13 Jan 2026,Solar,8.82,Gowa,60000
260113C015,HCI,13 Jan 2026,Solar,4.71,Makassar,32000
260113C006,HCI,13 Jan 2026,Solar,20.59,Gowa,140000
260113C012,HCI,13 Jan 2026,Solar,19.12,Makassar,130000
260113C009,HCI,13 Jan 2026,Solar,7.35,Makassar,50000
260113C008,HCI,13 Jan 2026,Solar,7.35,Makassar,50000
260113C002,HCI,13 Jan 2026,Solar,19.85,Maros,135000
260113C010,HCI,13 Jan 2026,Solar,11.47,Makassar,78000
260113C011,HCI,13 Jan 2026,Pertalite,10.0,Makassar,100000
260113C013,HCI,13 Jan 2026,Solar,11.03,Makassar,75000
260113C016,AHI,13 Jan 2026,Solar,9.49,Makassar,64500
260113D037,HCI,13 Jan 2026,Solar,3.82,Makassar,26000
260113D039,AHI,13 Jan 2026,Solar,7.35,Makassar,50000
260113D041,AHI,13 Jan 2026,Solar,9.71,Gowa,66000
260113D042,HCI,13 Jan 2026,Solar,3.82,Makassar,26000
260113C007,HCI,13 Jan 2026,Solar,13.24,Makassar,90000
260113C005,HCI,13 Jan 2026,Solar,14.41,Gowa,98000
260113C004,HCI,13 Jan 2026,Solar,10.29,Maros,70000
260113C014,HCI,13 Jan 2026,Pertalite,11.9,Gowa,119000
260113D059,FBI,13 Jan 2026,Pertalite,3.3,Makassar,33000
260113D038,HCI,13 Jan 2026,Pertalite,3.3,Makassar,33000
260113C021,AHI,13 Jan 2026,Solar,11.91,Makassar,81000
260113C003,HCI,13 Jan 2026,Solar,10.88,Makassar,74000
260114D047,HCI,14 Jan 2026,Solar,6.18,Gowa,42000
260114C002,HCI,14 Jan 2026,Solar,8.53,Maros,58000
260114D046,HCI,14 Jan 2026,Solar,9.56,Makassar,65000
260114C011,AHI,14 Jan 2026,Solar,9.49,Gowa,64500
260114C020,AHI,14 Jan 2026,Solar,12.06,Makassar,82000
260114C156,HCI,14 Jan 2026,Solar,7.35,Makassar,50000
260114C006,HCI,14 Jan 2026,Solar,12.21,Gowa,83000
260114C009,HCI,14 Jan 2026,Pertalite,15.0,Makassar,150000
260114D116,HCI,14 Jan 2026,Pertalite,3.0,Makassar,30000
260114C010,HCI,14 Jan 2026,Solar,4.71,Makassar,32000
260114D043,HCI,14 Jan 2026,Solar,5.59,Makassar,38000
260114D045,HCI,14 Jan 2026,Solar,10.29,Makassar,70000
260114C007,HCI,14 Jan 2026,Solar,18.38,Makassar,125000
260114C021,AHI,14 Jan 2026,Solar,11.76,Gowa,80000
260114D050,HCI,14 Jan 2026,Solar,7.79,Makassar,53000
260114C008,HCI,14 Jan 2026,Solar,10.29,Makassar,70000
260114C004,HCI,14 Jan 2026,Solar,7.94,Maros,54000
260114C005,HCI,14 Jan 2026,Pertalite,9.45,Gowa,94500
260114C169,HCI,14 Jan 2026,Pertalite,5.7,Makassar,57000
260114C003,HCI,14 Jan 2026,Solar,11.03,Makassar,75000
260115D048,HCI,15 Jan 2026,Solar,3.82,Makassar,26000
260115C017,HCI,15 Jan 2026,Solar,16.18,Makassar,110000
260115C010,HCI,15 Jan 2026,Solar,8.53,Makassar,58000
260115C003,HCI,15 Jan 2026,Solar,19.12,Pangkep,130000
260115C024,AHI,15 Jan 2026,Solar,16.18,Gowa,110000
260115C007,HCI,15 Jan 2026,Solar,13.82,Gowa,94000
260115C008,HCI,15 Jan 2026,Solar,12.94,Makassar,88000
260115C016,HCI,15 Jan 2026,Solar,16.03,Makassar,109000
260115C015,HCI,15 Jan 2026,Solar,18.38,Makassar,125000
260115C012,HCI,15 Jan 2026,Pertalite,17.2,Makassar,172000
260115C023,AHI,15 Jan 2026,Solar,11.03,Makassar,75000
260115D058,AHI,15 Jan 2026,Solar,7.35,Gowa,50000
260115C011,HCI,15 Jan 2026,Solar,5.88,Makassar,40000
260115D062,AHI,15 Jan 2026,Solar,6.62,Gowa,45000
260115C014,HCI,15 Jan 2026,Solar,16.91,Makassar,115000
260115C004,HCI,15 Jan 2026,Solar,8.82,Makassar,60000
260115D052,HCI,15 Jan 2026,Solar,5.15,Gowa,35000
260115C005,HCI,15 Jan 2026,Solar,12.79,Maros,87000
260115C009,HCI,15 Jan 2026,Solar,11.03,Makassar,75000
260115D049,HCI,15 Jan 2026,Solar,6.99,Makassar,47500
260115D075,FBI,15 Jan 2026,Pertalite,5.45,Makassar,54500
260115D109,HCI,15 Jan 2026,Pertalite,4.2,Gowa,42000
260115D061,HCI,15 Jan 2026,Solar,3.68,Gowa,25000
260115D050,HCI,15 Jan 2026,Solar,7.35,Makassar,50000
260115C006,HCI,15 Jan 2026,Solar,18.09,Gowa,123000
260115C018,HCI,15 Jan 2026,Pertalite,7.3,Makassar,73000
260116D044,AHI,16 Jan 2026,Solar,6.32,Makassar,43000
260116D066,HCI,16 Jan 2026,Solar,2.94,Makassar,20000
260116C008,HCI,16 Jan 2026,Solar,13.24,Makassar,90000
260116C006,HCI,16 Jan 2026,Solar,18.68,Makassar,127000
260116C003,HCI,16 Jan 2026,Solar,14.71,Maros,100000
260116D068,AHI,16 Jan 2026,Solar,4.26,Makassar,29000
260116D046,HCI,16 Jan 2026,Solar,5.15,Gowa,35000
260116C013,HCI,16 Jan 2026,Solar,12.94,Makassar,88000
260116C011,HCI,16 Jan 2026,Solar,13.24,Makassar,90000
260116C009,HCI,16 Jan 2026,Solar,10.29,Makassar,70000
260116C012,HCI,16 Jan 2026,Pertalite,10.6,Makassar,106000
260116C024,HCI,16 Jan 2026,Solar,11.03,Makassar,75000
260116D067,HCI,16 Jan 2026,Solar,2.5,Makassar,17000
260116D045,HCI,16 Jan 2026,Solar,5.44,Makassar,37000
260116C015,HCI,16 Jan 2026,Solar,9.56,Makassar,65000
260116C018,HCI,16 Jan 2026,Solar,5.88,Makassar,40000
260116C007,HCI,16 Jan 2026,Solar,11.76,Makassar,80000
260116C020,HCI,16 Jan 2026,Solar,9.56,Makassar,65000
260116D043,AHI,16 Jan 2026,Solar,5.29,Makassar,36000
260116C019,HCI,16 Jan 2026,Solar,11.76,Gowa,80000
260116D065,AHI,16 Jan 2026,Solar,7.35,Makassar,50000
260116C014,HCI,16 Jan 2026,Solar,4.12,Makassar,28000
260116C017,HCI,16 Jan 2026,Solar,6.76,Makassar,46000
260116C004,HCI,16 Jan 2026,Solar,12.21,Makassar,83000
260116C005,HCI,16 Jan 2026,Solar,11.76,Maros,80000
260116C023,AHI,16 Jan 2026,Pertalite,8.0,Makassar,80000
260115D118,FBI,16 Jan 2026,Pertalite,3.05,Makassar,30500
260116C016,HCI,16 Jan 2026,Solar,6.76,Makassar,46000
260116D064,AHI,16 Jan 2026,Solar,3.09,Makassar,21000
260116D042,HCI,16 Jan 2026,Solar,2.94,Makassar,20000
260117C009,HCI,17 Jan 2026,Solar,8.24,Maros,56000
260117C010,HCI,17 Jan 2026,Solar,10.29,Makassar,70000
260117C011,HCI,17 Jan 2026,Solar,8.09,Makassar,55000
260117C012,HCI,17 Jan 2026,Solar,9.12,Makassar,62000
260117C013,HCI,17 Jan 2026,Solar,16.91,Gowa,115000
260117C014,HCI,17 Jan 2026,Solar,13.24,Takalar,90000
260117C015,HCI,17 Jan 2026,Solar,11.91,Makassar,81000
260117C016,HCI,17 Jan 2026,Solar,8.09,Makassar,55000
260117C017,HCI,17 Jan 2026,Solar,10.15,Pangkep,69000
260117C018,HCI,17 Jan 2026,Solar,5.15,Maros,35000
260117C097,HCI,17 Jan 2026,Solar,11.18,Makassar,76000
260117C098,HCI,17 Jan 2026,Solar,5.15,Makassar,35000
260117C099,HCI,17 Jan 2026,,12.79,Makassar,110000
260117C100,HCI,17 Jan 2026,Solar,7.35,Gowa,50000
260117C101,HCI,17 Jan 2026,Solar,7.35,Makassar,50000
260117C102,HCI,17 Jan 2026,Solar,12.21,Makassar,83000
260117C103,HCI,17 Jan 2026,Solar,2.35,Makassar,16000
260117D043,HCI,17 Jan 2026,Solar,5.15,Makassar,35000
260117D044,HCI,17 Jan 2026,Solar,4.49,Makassar,30500
260117D045,HCI,17 Jan 2026,Solar,2.06,Gowa,14000
260117D078,HCI,17 Jan 2026,Pertalite,3.6,Makassar,36000
260117D047,HCI,17 Jan 2026,Solar,3.09,Makassar,21000
260117C113,HCI,17 Jan 2026,Pertalite,11.7,Makassar,117000
260117C147,HCI,17 Jan 2026,Solar,11.32,Pangkep,77000
260117C156,HCI,17 Jan 2026,Solar,10.29,Makassar,70000
260117D070,HCI,17 Jan 2026,Solar,2.21,Makassar,15000
260117D073,AHI,17 Jan 2026,Solar,3.68,Makassar,25000
260117D072,AHI,17 Jan 2026,Solar,7.21,Makassar,49000
260117D069,AHI,17 Jan 2026,Solar,4.85,Makassar,33000
260117C019,HCI,17 Jan 2026,Solar,14.71,Makassar,100000
260117C020,HCI,17 Jan 2026,Pertalite,11.5,Makassar,115000
260117D074,AHI,17 Jan 2026,Solar,3.68,Makassar,25000
260117D075,HCI,17 Jan 2026,Solar,4.85,Makassar,33000
260118C041,HCI,18 Jan 2026,Solar,16.18,Makassar,110000
260118D006,HCI,18 Jan 2026,Solar,4.56,Makassar,31000
260118C035,HCI,18 Jan 2026,Solar,6.18,Makassar,42000
260118C029,HCI,18 Jan 2026,Solar,13.82,Makassar,94000
260118C040,HCI,18 Jan 2026,Solar,6.76,Makassar,46000
260118C045,HCI,18 Jan 2026,Solar,12.79,Makassar,87000
260118C046,HCI,18 Jan 2026,Solar,11.76,Makassar,80000
260118C028,HCI,18 Jan 2026,Solar,18.38,Maros,125000
260118D005,HCI,18 Jan 2026,Solar,5.15,Makassar,35000
260118C038,HCI,18 Jan 2026,Pertalite,12.4,Makassar,124000
260118C032,HCI,18 Jan 2026,Solar,13.53,Gowa,92000
260118D041,AHI,18 Jan 2026,Solar,5.29,Makassar,36000
260118D002,HCI,18 Jan 2026,Solar,8.09,Makassar,55000
260118C034,HCI,18 Jan 2026,Solar,10.29,Makassar,70000
260118D010,HCI,18 Jan 2026,Solar,2.65,Makassar,18000
260118D037,AHI,18 Jan 2026,Solar,2.79,Makassar,19000
260118C033,HCI,18 Jan 2026,Solar,7.5,Makassar,51000
260118C043,HCI,18 Jan 2026,Solar,9.85,Gowa,67000
260118C039,HCI,18 Jan 2026,Solar,5.0,Makassar,34000
260118C030,HCI,18 Jan 2026,Solar,11.69,Makassar,79500
260118C036,HCI,18 Jan 2026,Solar,5.15,Makassar,35000
260118D003,HCI,18 Jan 2026,Solar,2.21,Makassar,15000
260118C042,HCI,18 Jan 2026,Solar,7.94,Gowa,54000
260118C106,HCI,18 Jan 2026,Pertalite,9.7,Makassar,97000
260118C044,HCI,18 Jan 2026,Pertalite,2.9,Gowa,29000
260118C105,AHI,18 Jan 2026,Solar,10.29,Gowa,70000
260118C031,HCI,18 Jan 2026,Solar,15.0,Gowa,102000
260119C022,HCI,19 Jan 2026,Solar,2.94,Makassar,20000
260119C007,HCI,19 Jan 2026,Solar,11.76,Takalar,80000
260119C013,HCI,19 Jan 2026,Pertalite,5.8,Makassar,58000
260119D110,FBI,19 Jan 2026,Pertalite,4.4,Makassar,44000
260119D113,AHI,19 Jan 2026,Pertalite,3.0,Makassar,30000
260119C002,HCI,19 Jan 2026,Solar,7.35,Makassar,50000
260119C005,HCI,19 Jan 2026,Solar,14.71,Gowa,100000
260119C020,HCI,19 Jan 2026,Solar,15.44,Makassar,105000
260119D062,AHI,19 Jan 2026,Solar,7.65,Makassar,52000
260119C027,AHI,19 Jan 2026,Solar,11.32,Makassar,77000
260119C017,HCI,19 Jan 2026,Solar,2.21,Makassar,15000
260119C025,HCI,19 Jan 2026,Solar,3.68,Makassar,25000
260119C012,HCI,19 Jan 2026,Solar,1.62,Makassar,11000
260119D063,HCI,19 Jan 2026,Solar,3.24,Makassar,22000
260119D065,AHI,19 Jan 2026,Solar,5.29,Gowa,36000
260119C015,HCI,19 Jan 2026,Solar,13.24,Makassar,90000
260119C018,HCI,19 Jan 2026,Solar,6.47,Makassar,44000
260119D064,AHI,19 Jan 2026,,,Makassar,0
260119C011,HCI,19 Jan 2026,Pertalite,9.5,Makassar,95000
260119C026,AHI,19 Jan 2026,Solar,16.47,Makassar,112000
260119C016,HCI,19 Jan 2026,Solar,2.94,Makassar,20000
260119D066,AHI,19 Jan 2026,Solar,6.76,Makassar,46000
260119C010,HCI,19 Jan 2026,Solar,10.29,Makassar,70000
260119C158,HCI,19 Jan 2026,Solar,6.62,Makassar,45000
260119C023,HCI,19 Jan 2026,Solar,8.09,Makassar,55000
260119C009,HCI,19 Jan 2026,Solar,9.56,Makassar,65000
260119C148,HCI,19 Jan 2026,Solar,11.32,Makassar,77000
260119C004,HCI,19 Jan 2026,Solar,9.85,Maros,67000
260119C014,HCI,19 Jan 2026,Solar,3.09,Makassar,21000
260119D111,AHI,19 Jan 2026,Solar,4.41,Makassar,30000
260119C230,HCI,19 Jan 2026,Solar,9.71,Makassar,66000
260119C024,HCI,19 Jan 2026,Solar,22.06,Makassar,150000
260119C019,HCI,19 Jan 2026,Solar,35.88,Makassar,244000
260119C021,HCI,19 Jan 2026,Solar,9.56,Makassar,65000
260119C006,HCI,19 Jan 2026,Solar,13.24,Gowa,90000
260119C003,HCI,19 Jan 2026,Solar,16.18,Makassar,110000
260119C008,HCI,19 Jan 2026,Solar,16.47,Takalar,112000
260120C018,HCI,20 Jan 2026,Solar,6.62,Gowa,45000
260120C024,HCI,20 Jan 2026,Solar,5.59,Makassar,38000
260120C010,HCI,20 Jan 2026,Solar,9.19,Makassar,62500
260120C016,HCI,20 Jan 2026,Solar,8.53,Gowa,58000
260120C017,HCI,20 Jan 2026,Solar,17.65,Makassar,120000
260120C007,HCI,20 Jan 2026,Solar,7.35,Makassar,50000
260120C012,HCI,20 Jan 2026,Solar,8.09,Makassar,55000
260120C006,HCI,20 Jan 2026,Solar,8.82,Gowa,60000
260120C014,HCI,20 Jan 2026,Solar,21.32,Makassar,145000
260120C026,AHI,20 Jan 2026,Solar,19.85,Makassar,135000
260120C019,HCI,20 Jan 2026,Pertalite,7.8,Makassar,78000
260120C011,HCI,20 Jan 2026,Pertalite,10.0,Gowa,100000
260120C013,HCI,20 Jan 2026,Solar,13.68,Maros,93000
260120D041,HCI,20 Jan 2026,Solar,4.41,Makassar,30000
260120D066,HCI,20 Jan 2026,Solar,3.68,Makassar,25000
260120D065,HCI,20 Jan 2026,Solar,7.06,Makassar,48000
260120C009,HCI,20 Jan 2026,Solar,7.35,Makassar,50000
260120C003,HCI,20 Jan 2026,Solar,10.29,Makassar,70000
260120C015,HCI,20 Jan 2026,Solar,13.68,Gowa,93000
260120D044,HCI,20 Jan 2026,Solar,6.91,Gowa,47000
260120D043,HCI,20 Jan 2026,Solar,4.71,Makassar,32000
260120C004,HCI,20 Jan 2026,Solar,12.35,Maros,84000
260120C005,HCI,20 Jan 2026,Solar,14.71,Gowa,100000
260120C027,AHI,20 Jan 2026,Pertalite,9.4,Gowa,94000
260120D051,HCI,20 Jan 2026,Pertalite,2.8,Makassar,28000
260120D053,FBI,20 Jan 2026,Pertalite,2.65,Makassar,26500
260120C008,HCI,20 Jan 2026,Solar,29.41,Takalar,200000
260120C002,HCI,20 Jan 2026,Solar,11.76,Maros,80000
260121C020,HCI,21 Jan 2026,Solar,5.59,Makassar,38000
260121C111,HCI,21 Jan 2026,Solar,7.35,Makassar,50000
260121C015,HCI,21 Jan 2026,Solar,4.41,Makassar,30000
260121C109,HCI,21 Jan 2026,Solar,8.09,Makassar,55000
260121D054,HCI,21 Jan 2026,Solar,1.76,Makassar,12000
260121D053,HCI,21 Jan 2026,Solar,5.15,Gowa,35000
260121C010,HCI,21 Jan 2026,Solar,3.68,Makassar,25000
260121C007,HCI,21 Jan 2026,Solar,11.03,Makassar,75000
260121C003,HCI,21 Jan 2026,Solar,13.97,Maros,95000
260121C011,HCI,21 Jan 2026,Solar,18.38,Makassar,125000
260121C005,HCI,21 Jan 2026,Solar,12.21,Maros,83000
260121C009,HCI,21 Jan 2026,Solar,13.97,Takalar,95000
260121C012,HCI,21 Jan 2026,Pertalite,13.5,Makassar,135000
260121C023,AHI,21 Jan 2026,Solar,11.03,Makassar,75000
260121D051,HCI,21 Jan 2026,Solar,4.41,Makassar,30000
260121D055,HCI,21 Jan 2026,Solar,4.71,Gowa,32000
260120D067,HCI,21 Jan 2026,Solar,4.12,Makassar,28000
260121C018,HCI,21 Jan 2026,Solar,5.88,Makassar,40000
260121C019,HCI,21 Jan 2026,Solar,11.76,Makassar,80000
260121C021,HCI,21 Jan 2026,Solar,11.76,Makassar,80000
260121C008,HCI,21 Jan 2026,Solar,10.74,Makassar,73000
260121D049,HCI,21 Jan 2026,Solar,2.65,Makassar,18000
260120D068,HCI,21 Jan 2026,Solar,4.71,Makassar,32000
260121D052,HCI,21 Jan 2026,Solar,7.5,Makassar,51000
260121C024,AHI,21 Jan 2026,Solar,14.71,Gowa,100000
260121C006,HCI,21 Jan 2026,Solar,12.5,Gowa,85000
260121C004,HCI,21 Jan 2026,Solar,7.35,Makassar,50000
260121C022,HCI,21 Jan 2026,Pertalite,3.9,Makassar,39000
260121C112,HCI,21 Jan 2026,Pertalite,0.65,Makassar,6500
260121D079,HCI,21 Jan 2026,Pertalite,3.0,Makassar,30000
260121D050,HCI,21 Jan 2026,Solar,4.41,Makassar,30000
260121C014,HCI,21 Jan 2026,Solar,1.47,Makassar,10000
260121C016,HCI,21 Jan 2026,Solar,2.5,Makassar,17000
260121C017,HCI,21 Jan 2026,Solar,8.82,Makassar,60000
260121T016,HCI,22 Jan 2026,Dexlite,70.59,Palu,1655000
260122D054,AHI,22 Jan 2026,Solar,8.09,Makassar,55000
260122D056,AHI,22 Jan 2026,Solar,6.18,Makassar,42000
260122D058,AHI,22 Jan 2026,Solar,5.37,Gowa,36500
260122D088,HCI,22 Jan 2026,Solar,4.56,Makassar,31000
260122D055,HCI,22 Jan 2026,Solar,4.63,Makassar,31500
260122D086,HCI,22 Jan 2026,Solar,4.85,Makassar,33000
260122D108,FBI,22 Jan 2026,Pertalite,3.9,Makassar,39000
260122D092,AHI,22 Jan 2026,Pertalite,2.75,Makassar,27500
260122D057,AHI,22 Jan 2026,Solar,4.41,Makassar,30000
260122D089,HCI,22 Jan 2026,Solar,4.34,Makassar,29500
260122C007,HCI,22 Jan 2026,Solar,16.62,Takalar,113000
260122C003,HCI,22 Jan 2026,Solar,16.91,Makassar,115000
260122C022,AHI,22 Jan 2026,Solar,8.82,Makassar,60000
260122C017,HCI,22 Jan 2026,Solar,5.15,Makassar,35000
260122C006,HCI,22 Jan 2026,Solar,12.79,Gowa,87000
260122C005,HCI,22 Jan 2026,Pertalite,8.7,Gowa,87000
260122C009,HCI,22 Jan 2026,Solar,7.65,Makassar,52000
260122C012,HCI,22 Jan 2026,Solar,6.32,Makassar,43000
260122C008,HCI,22 Jan 2026,Solar,8.82,Makassar,60000
260122C002,HCI,22 Jan 2026,Solar,10.29,Makassar,70000
260122C010,HCI,22 Jan 2026,Solar,6.62,Makassar,45000
260122C004,HCI,22 Jan 2026,Solar,10.59,Gowa,72000
260122C011,HCI,22 Jan 2026,Solar,12.65,Makassar,86000
260122C001,HCI,22 Jan 2026,Solar,11.47,Maros,78000
260122C021,AHI,22 Jan 2026,Pertalite,8.0,Makassar,80000
260123C021,AHI,23 Jan 2026,Solar,8.09,Gowa,55000
260123C014,HCI,23 Jan 2026,Solar,22.06,Pangkep,150000
260123C015,HCI,23 Jan 2026,Solar,14.71,Makassar,100000
260123C005,HCI,23 Jan 2026,Solar,14.41,Gowa,98000
260123C013,HCI,23 Jan 2026,Solar,1.76,Makassar,12000
260123C010,HCI,23 Jan 2026,Solar,7.06,Makassar,48000
260123C009,HCI,23 Jan 2026,Solar,6.32,Makassar,43000
260123C011,HCI,23 Jan 2026,Pertalite,13.7,Makassar,137000
260123C012,HCI,23 Jan 2026,Solar,11.03,Makassar,75000
260123C003,HCI,23 Jan 2026,Solar,11.03,Makassar,75000
260123C002,HCI,23 Jan 2026,Solar,10.29,Maros,70000
260123C006,HCI,23 Jan 2026,Solar,12.21,Makassar,83000
260123C004,HCI,23 Jan 2026,Solar,8.53,Maros,58000
260123C007,HCI,23 Jan 2026,Solar,10.29,Makassar,70000
260123C016,HCI,23 Jan 2026,Pertalite,10.29,Makassar,70000
260123C020,AHI,23 Jan 2026,Pertalite,6.9,Makassar,69000
260123C008,HCI,23 Jan 2026,Solar,9.85,Takalar,67000
260122D124,AHI,23 Jan 2026,Solar,4.12,Makassar,28000
260123D081,HCI,23 Jan 2026,Solar,3.97,Makassar,27000
260123D088,AHI,23 Jan 2026,Solar,5.15,Gowa,35000
260123D096,AHI,23 Jan 2026,Solar,7.5,Makassar,51000
260123D083,AHI,23 Jan 2026,Solar,4.41,Makassar,30000
260123D053,AHI,23 Jan 2026,Solar,4.12,Makassar,28000
260123D050,AHI,23 Jan 2026,Solar,5.44,Makassar,37000
260123D051,HCI,23 Jan 2026,Solar,3.68,Makassar,25000
260123D079,FBI,23 Jan 2026,Pertalite,4.15,Makassar,41500
260123D052,HCI,23 Jan 2026,Solar,2.94,Makassar,20500
260123D054,HCI,23 Jan 2026,Solar,3.24,Gowa,22000
260124C011,HCI,24 Jan 2026,Solar,5.88,Makassar,40000
260124C016,HCI,24 Jan 2026,Solar,5.59,Makassar,38000
260124C004,HCI,24 Jan 2026,Solar,16.91,Maros,115000
260124D074,HCI,24 Jan 2026,Solar,4.56,Gowa,31000
260124D092,AHI,24 Jan 2026,Solar,2.94,Makassar,20000
260124C009,HCI,24 Jan 2026,Solar,11.03,Makassar,75000
260124D072,HCI,24 Jan 2026,Solar,4.41,Makassar,30000
260124D073,HCI,24 Jan 2026,Solar,3.97,Makassar,27000
260124D089,AHI,24 Jan 2026,Solar,3.53,Makassar,24000
260124C023,AHI,24 Jan 2026,Solar,14.85,Gowa,101000
260124D095,AHI,24 Jan 2026,Solar,3.82,Makassar,26000
260124D088,AHI,24 Jan 2026,Solar,7.35,Makassar,50000
260124C013,HCI,24 Jan 2026,Pertalite,13.1,Makassar,131000
260124C015,HCI,24 Jan 2026,Solar,9.56,Makassar,65000
260124D071,AHI,24 Jan 2026,Solar,3.68,Makassar,25000
260124C005,HCI,24 Jan 2026,Solar,13.24,Makassar,90000
260124C014,HCI,24 Jan 2026,Solar,10.29,Makassar,70000
260124C006,HCI,24 Jan 2026,Solar,11.03,Maros,75000
260124C012,HCI,24 Jan 2026,Solar,6.18,Makassar,42000
260124D070,HCI,24 Jan 2026,Solar,4.12,Makassar,28000
260124C017,HCI,24 Jan 2026,Solar,8.82,Makassar,60000
260124C007,HCI,24 Jan 2026,Solar,11.03,Gowa,75000
260124C140,HCI,24 Jan 2026,Pertalite,5.88,Makassar,40000
260124C022,AHI,24 Jan 2026,Pertalite,6.5,Makassar,65000
260124C010,HCI,24 Jan 2026,Solar,19.12,Makassar,130000
260124C008,HCI,24 Jan 2026,Solar,10.29,Makassar,70000
260125C014,AHI,25 Jan 2026,Solar,10.74,Makassar,73000
260125C008,HCI,25 Jan 2026,Solar,9.12,Gowa,62000
260125C010,HCI,25 Jan 2026,Solar,4.41,Makassar,30000
260125C011,HCI,25 Jan 2026,Solar,13.38,Makassar,91000
260125C002,HCI,25 Jan 2026,Solar,11.03,Maros,75000
260125C005,HCI,25 Jan 2026,Solar,11.03,Gowa,75000
260125C009,HCI,25 Jan 2026,Pertalite,10.0,Makassar,100000
260125D041,AHI,25 Jan 2026,Solar,2.94,Makassar,20000
260125C003,HCI,25 Jan 2026,Solar,11.76,Makassar,80000
260125C006,HCI,25 Jan 2026,Solar,8.09,Makassar,55000
260125D043,AHI,25 Jan 2026,Solar,8.09,Makassar,55000
260125D063,AHI,25 Jan 2026,Solar,3.82,Makassar,26000
260125D044,AHI,25 Jan 2026,Solar,6.91,Makassar,47000
260125C004,HCI,25 Jan 2026,Solar,9.56,Gowa,65000
260125D040,AHI,25 Jan 2026,Pertalite,4.0,Gowa,40000
260125C015,AHI,25 Jan 2026,Pertalite,9.2,Gowa,92000
260125C007,HCI,25 Jan 2026,Solar,10.29,Makassar,70000
260126C027,AHI,26 Jan 2026,Solar,11.47,Maros,78000
260126C016,HCI,26 Jan 2026,Solar,7.35,Makassar,50000
260126C007,HCI,26 Jan 2026,Solar,10.29,Gowa,70000
260126C006,HCI,26 Jan 2026,Solar,14.71,Gowa,100000
260126C010,HCI,26 Jan 2026,Solar,6.47,Makassar,44000
260126C018,HCI,26 Jan 2026,Solar,12.06,Makassar,82000
260126C003,HCI,26 Jan 2026,Solar,13.53,Maros,92000
260126C005,HCI,26 Jan 2026,Solar,12.5,Maros,85000
260126C012,HCI,26 Jan 2026,Pertalite,15.0,Makassar,150000
260126C207,HCI,26 Jan 2026,Pertalite,4.0,Makassar,40000
260126C015,HCI,26 Jan 2026,Solar,3.24,Makassar,22000
260126C014,HCI,26 Jan 2026,Solar,2.94,Makassar,20000
260126C011,HCI,26 Jan 2026,Solar,8.09,Makassar,55000
260126C013,HCI,26 Jan 2026,Solar,16.76,Makassar,114000
260126C028,AHI,26 Jan 2026,Solar,13.97,Gowa,95000
260126C017,HCI,26 Jan 2026,Solar,1.76,Makassar,12000
260126C019,HCI,26 Jan 2026,Solar,5.29,Makassar,36000
260126C008,HCI,26 Jan 2026,Solar,12.5,Makassar,85000
260126C009,HCI,26 Jan 2026,Solar,11.03,Makassar,75000
260126C021,HCI,26 Jan 2026,Pertalite,5.3,Gowa,53000
260126C004,HCI,26 Jan 2026,Solar,11.03,Makassar,75000
260126D058,HCI,26 Jan 2026,Solar,3.97,Makassar,27000
260126D042,HCI,26 Jan 2026,Solar,3.38,Makassar,23000
260126D061,HCI,26 Jan 2026,Solar,4.41,Makassar,30000
260126D056,AHI,26 Jan 2026,Solar,3.24,Makassar,22000
260126D044,HCI,26 Jan 2026,Solar,2.94,Makassar,20000
260126D060,HCI,26 Jan 2026,Solar,5.88,Makassar,40000
260126D046,HCI,26 Jan 2026,Solar,4.41,Makassar,30000
260126D045,HCI,26 Jan 2026,Solar,5.22,Makassar,35500
260126D057,HCI,26 Jan 2026,Solar,5.88,Makassar,40000
260126D043,HCI,26 Jan 2026,Solar,4.41,Makassar,30000
260126D059,AHI,26 Jan 2026,Pertalite,3.8,Makassar,38000
260126D065,FBI,26 Jan 2026,Pertalite,4.0,Makassar,40000
260126D066,HCI,26 Jan 2026,Pertalite,1.6,Makassar,16000
260127D073,AHI,27 Jan 2026,Solar,5.59,Makassar,38000
260127D069,AHI,27 Jan 2026,Solar,4.41,Makassar,30000
260127C011,HCI,27 Jan 2026,Solar,16.91,Makassar,115000
260127C003,HCI,27 Jan 2026,Solar,10.29,Maros,70000
260127C009,HCI,27 Jan 2026,Solar,15.44,Takalar,105000
260127C008,HCI,27 Jan 2026,Solar,12.06,Makassar,82000
260127C012,HCI,27 Jan 2026,Solar,22.06,Makassar,150000
260127C005,HCI,27 Jan 2026,Solar,12.79,Maros,87000
260127C014,HCI,27 Jan 2026,Pertalite,5.0,Makassar,50000
260127C015,HCI,27 Jan 2026,Pertalite,12.2,Makassar,122000
260127C024,AHI,27 Jan 2026,Solar,12.5,Gowa,85000
260127C006,HCI,27 Jan 2026,Solar,16.91,Gowa,115000
260127C004,HCI,27 Jan 2026,Solar,13.24,Makassar,90000
260127C010,HCI,27 Jan 2026,Solar,10.88,Makassar,74000
260127C016,HCI,27 Jan 2026,Solar,11.76,Makassar,80000
260127C007,HCI,27 Jan 2026,Solar,11.47,Gowa,78000
260127C023,AHI,27 Jan 2026,Pertalite,7.3,Maros,73000
260127C013,HCI,27 Jan 2026,Solar,16.18,Makassar,110000
260127D063,AHI,27 Jan 2026,Solar,5.29,Makassar,36000
260127D062,HCI,27 Jan 2026,Solar,6.32,Gowa,43000
260127D061,HCI,27 Jan 2026,Solar,2.94,Makassar,20000
260127D060,HCI,27 Jan 2026,Solar,2.35,Makassar,16000
260127D074,AHI,27 Jan 2026,Solar,5.0,Makassar,34000
260127D076,FBI,27 Jan 2026,Pertalite,4.0,Makassar,40000
260128C007,HCI,28 Jan 2026,Solar,5.88,Gowa,40000
260128C011,HCI,28 Jan 2026,Solar,11.32,Makassar,77000
260128D077,AHI,28 Jan 2026,Solar,5.0,Makassar,34000
260128C003,HCI,28 Jan 2026,Solar,13.97,Maros,95000
260128C010,HCI,28 Jan 2026,Solar,8.09,Makassar,55000
260128D057,HCI,28 Jan 2026,Solar,4.41,Makassar,30000
260128C013,HCI,28 Jan 2026,Solar,12.65,Makassar,86000
260128C004,HCI,28 Jan 2026,Solar,14.12,Makassar,96000
260128C022,AHI,28 Jan 2026,Solar,10.29,Gowa,70000
260128C012,HCI,28 Jan 2026,Pertalite,11.5,Makassar,115000
260128C006,HCI,28 Jan 2026,Solar,17.65,Gowa,120000
260128D091,AHI,28 Jan 2026,Solar,5.15,Makassar,35000
260128D050,HCI,28 Jan 2026,Solar,6.76,Makassar,46000
260128D051,AHI,28 Jan 2026,Solar,5.0,Makassar,34000
260128C005,HCI,28 Jan 2026,Solar,10.29,Makassar,70000
260128D052,HCI,28 Jan 2026,Solar,5.0,Makassar,34000
260128C009,HCI,28 Jan 2026,Solar,18.53,Makassar,126000
260128D054,AHI,28 Jan 2026,Solar,5.44,Gowa,37000
260128C008,HCI,28 Jan 2026,Solar,12.35,Makassar,84000
260128C021,AHI,28 Jan 2026,Pertalite,12.8,Maros,128000
260128D079,FBI,28 Jan 2026,Pertalite,4.0,Makassar,40000
260128D060,AHI,28 Jan 2026,Pertalite,5.55,Makassar,55500
260128D053,AHI,28 Jan 2026,Solar,5.88,Makassar,40000
260129C016,HCI,29 Jan 2026,Solar,8.09,Makassar,55000
260129C014,HCI,29 Jan 2026,Solar,9.85,Makassar,67000
260129C013,HCI,29 Jan 2026,Solar,9.71,Makassar,66000
260129C008,HCI,29 Jan 2026,Solar,11.03,Makassar,75000
260129D074,HCI,29 Jan 2026,Solar,5.29,Makassar,36000
260129C007,HCI,29 Jan 2026,Solar,6.62,Makassar,45000
260129C021,AHI,29 Jan 2026,Solar,8.38,Gowa,57000
260129C009,HCI,29 Jan 2026,Solar,12.5,Makassar,85000
260129C004,HCI,29 Jan 2026,Solar,10.29,Maros,70000
260129C015,HCI,29 Jan 2026,Pertalite,5.3,Makassar,53000
260129D076,AHI,29 Jan 2026,Solar,5.51,Gowa,37500
260129D077,HCI,29 Jan 2026,Solar,3.82,Makassar,26000
260129C005,HCI,29 Jan 2026,Solar,15.44,Gowa,105000
260129C002,HCI,29 Jan 2026,Solar,21.32,Pangkep,145000
260129D072,AHI,29 Jan 2026,Solar,3.68,Makassar,25000
260129D073,AHI,29 Jan 2026,Solar,6.62,Makassar,45000
260129C010,HCI,29 Jan 2026,Solar,11.32,Makassar,77000
260129C006,HCI,29 Jan 2026,Solar,12.5,Gowa,85000
260101D089,FBI,29 Jan 2026,Pertalite,4.95,Makassar,49500
260129D095,AHI,29 Jan 2026,Pertalite,2.5,Makassar,25000
260129C017,HCI,29 Jan 2026,Pertalite,3.6,Gowa,36000
260129C020,AHI,29 Jan 2026,Pertalite,8.7,Makassar,87000
260129C003,HCI,29 Jan 2026,Solar,12.94,Makassar,88000
260130C009,HCI,30 Jan 2026,Solar,13.75,Gowa,93500
260130C016,HCI,30 Jan 2026,Solar,13.82,Makassar,94000
260130C020,HCI,30 Jan 2026,Solar,8.97,Makassar,61000
260130C010,HCI,30 Jan 2026,Solar,5.88,Makassar,40000
260130C013,HCI,30 Jan 2026,Solar,9.26,Makassar,63000
260130C008,HCI,30 Jan 2026,Solar,12.5,Gowa,85000
260130C023,AHI,30 Jan 2026,Solar,11.18,Maros,76000
260130C007,HCI,30 Jan 2026,Solar,10.29,Maros,70000
260130C005,HCI,30 Jan 2026,Solar,12.35,Maros,84000
260130C014,HCI,30 Jan 2026,Pertalite,10.4,Makassar,104000
260130C012,HCI,30 Jan 2026,Solar,9.56,Makassar,65000
260130C017,HCI,30 Jan 2026,Solar,11.03,Makassar,75000
260130C006,HCI,30 Jan 2026,Solar,7.35,Makassar,50000
260130C019,HCI,30 Jan 2026,,2.98,Makassar,32000
260130C024,AHI,30 Jan 2026,Pertalite,9.0,Gowa,90000
260130C015,HCI,30 Jan 2026,Solar,11.76,Makassar,80000
260130C011,HCI,30 Jan 2026,Solar,16.76,Takalar,114000
260130D071,HCI,30 Jan 2026,Solar,5.74,Gowa,39000
260130D067,HCI,30 Jan 2026,Solar,3.68,Makassar,25000
260130D070,HCI,30 Jan 2026,Solar,2.94,Makassar,20000
260130D069,HCI,30 Jan 2026,Solar,3.24,Makassar,22000
260130D095,AHI,30 Jan 2026,Solar,3.53,Makassar,24000
260130D075,AHI,30 Jan 2026,Solar,2.94,Makassar,20000
260130D094,AHI,30 Jan 2026,Solar,4.26,Makassar,29000
260130D068,AHI,30 Jan 2026,Solar,3.68,Makassar,25000
260130D074,AHI,30 Jan 2026,Solar,2.13,Makassar,14500
260130D097,HCI,30 Jan 2026,Pertalite,3.25,Makassar,32500
260131C001,HCI,31 Jan 2026,Solar,11.76,Maros,80000
260131C002,HCI,31 Jan 2026,Solar,10.29,Makassar,70000
260131C003,HCI,31 Jan 2026,Solar,6.91,Maros,47000
260131C004,HCI,31 Jan 2026,Solar,13.38,Gowa,91000
260131C005,HCI,31 Jan 2026,Solar,14.71,Gowa,100000
260131C006,HCI,31 Jan 2026,Solar,10.29,Makassar,70000
260131C007,HCI,31 Jan 2026,Solar,11.47,Takalar,78000
260131C008,HCI,31 Jan 2026,Solar,12.21,Makassar,83000
260131C009,HCI,31 Jan 2026,Solar,10.29,Makassar,70000
260131C010,HCI,31 Jan 2026,Pertalite,11.4,Makassar,114000
260131C011,HCI,31 Jan 2026,Solar,10.22,Makassar,69500
260131C012,HCI,31 Jan 2026,Solar,14.71,Makassar,100000
260131C013,HCI,31 Jan 2026,Solar,5.15,Makassar,35000
260131C014,HCI,31 Jan 2026,Pertalite,5.4,Makassar,54000
260131C015,HCI,31 Jan 2026,Pertalite,7.0,Makassar,70000
260131C019,AHI,31 Jan 2026,Pertalite,6.8,Makassar,68000
260131C020,AHI,31 Jan 2026,Solar,16.18,Gowa,110000
260131D065,HCI,31 Jan 2026,Solar,3.68,Makassar,25000
260131D066,HCI,31 Jan 2026,Solar,5.15,Makassar,35000
260131D067,AHI,31 Jan 2026,Solar,6.91,Makassar,47000
260131D069,AHI,31 Jan 2026,Solar,6.91,Gowa,47000
260131D077,AHI,31 Jan 2026,Solar,3.68,Makassar,25000
260131D078,AHI,31 Jan 2026,Solar,4.12,Makassar,28000
260131D084,HCI,31 Jan 2026,Solar,4.12,Makassar,28000
260201C013,HCI,1 Feb 2026,Solar,7.21,Makassar,49000
260201C003,HCI,1 Feb 2026,Solar,10.29,Maros,70000
260201C018,AHI,1 Feb 2026,Solar,8.82,Makassar,60000
260201D056,AHI,1 Feb 2026,Solar,7.06,Gowa,48000
260201C011,HCI,1 Feb 2026,Solar,16.91,Gowa,115000
260201C007,HCI,1 Feb 2026,Solar,12.94,Gowa,88000
260201C014,HCI,1 Feb 2026,Pertalite,6.1,Makassar,61000
260201C008,HCI,1 Feb 2026,Pertalite,9.8,Gowa,98000
260201D058,HCI,1 Feb 2026,Solar,2.94,Gowa,20000
260201D005,AHI,1 Feb 2026,Solar,5.15,Makassar,35000
260201C006,HCI,1 Feb 2026,Solar,11.76,Gowa,80000
260201D001,HCI,1 Feb 2026,Solar,5.88,Gowa,40000
260201D004,AHI,1 Feb 2026,Solar,7.79,Makassar,53000
260201C010,HCI,1 Feb 2026,Solar,13.97,Gowa,95000
260201D002,AHI,1 Feb 2026,Solar,8.75,Makassar,59500
260201D003,AHI,1 Feb 2026,Solar,2.35,Makassar,16000
260201C009,HCI,1 Feb 2026,Solar,10.29,Makassar,70000
260201C019,AHI,1 Feb 2026,Pertalite,6.8,Makassar,68000
260201C004,HCI,1 Feb 2026,Solar,11.32,Makassar,77000
260201C005,HCI,1 Feb 2026,Solar,8.82,Makassar,60000
260202C001,HCI,2 Feb 2026,,12.5,Pangkep,85000
260202C002,HCI,2 Feb 2026,,11.91,Makassar,81000
260202C013,HCI,2 Feb 2026,,14.71,Makassar,100000
260202D033,HCI,2 Feb 2026,,4.41,Makassar,30000
260202D036,AHI,2 Feb 2026,,6.18,Gowa,42000
260202C023,AHI,2 Feb 2026,,11.18,Makassar,76000
260202C006,HCI,2 Feb 2026,,8.82,Makassar,60000
260202C003,HCI,2 Feb 2026,,12.5,Makassar,85000
260202C010,HCI,2 Feb 2026,,6.5,Makassar,65000
260202C012,HCI,2 Feb 2026,,3.38,Makassar,23000
260202D038,AHI,2 Feb 2026,,4.12,Makassar,28000
260202C014,HCI,2 Feb 2026,,8.82,Makassar,60000
260202D056,AHI,2 Feb 2026,,4.41,Makassar,30000
260202C011,HCI,2 Feb 2026,,4.85,Makassar,33000
260202C008,HCI,2 Feb 2026,,4.56,Makassar,31000
260202C015,HCI,2 Feb 2026,,13.24,Makassar,90000
260202C007,HCI,2 Feb 2026,,10.59,Makassar,72000
260202C009,HCI,2 Feb 2026,,5.15,Makassar,35000
260202C018,HCI,2 Feb 2026,,4.41,Makassar,30000
260202D054,AHI,2 Feb 2026,,5.88,Makassar,40000
260202C024,AHI,2 Feb 2026,,10.44,Makassar,71000
260202D037,HCI,2 Feb 2026,,3.38,Makassar,23000
260202D034,HCI,2 Feb 2026,,11.03,Makassar,75000
260202D059,FBI,2 Feb 2026,,6.7,Makassar,67000
260202C204,HCI,2 Feb 2026,,6.3,Makassar,63000
260202C016,HCI,2 Feb 2026,,4.3,Makassar,43000
260202D058,HCI,2 Feb 2026,,2.85,Makassar,28500
260202C004,HCI,2 Feb 2026,,11.76,Makassar,80000
260202C005,HCI,2 Feb 2026,,12.21,Makassar,83000
260203C014,HCI,3 Feb 2026,Solar,8.09,Makassar,55000
260203C007,HCI,3 Feb 2026,Solar,12.94,Makassar,88000
260203C006,HCI,3 Feb 2026,Solar,13.24,Gowa,90000
260203C019,AHI,3 Feb 2026,Solar,10.29,Makassar,70000
260203D064,HCI,3 Feb 2026,Solar,4.85,Makassar,33000
260203D063,HCI,3 Feb 2026,Solar,11.47,Makassar,78000
260203C010,HCI,3 Feb 2026,Solar,14.71,Makassar,100000
260203C004,HCI,3 Feb 2026,Solar,11.03,Maros,75000
260203C011,HCI,3 Feb 2026,Pertalite,9.3,Makassar,93000
260203D066,HCI,3 Feb 2026,Solar,5.29,Gowa,36000
260203D068,HCI,3 Feb 2026,Solar,5.88,Makassar,40000
260203C005,HCI,3 Feb 2026,Solar,11.47,Gowa,78000
260203C020,AHI,3 Feb 2026,Solar,14.71,Gowa,100000
260203C131,HCI,3 Feb 2026,Solar,7.35,Makassar,50000
260203C003,HCI,3 Feb 2026,Solar,10.0,Makassar,68000
260203C008,HCI,3 Feb 2026,Solar,12.79,Takalar,87000
260203C009,HCI,3 Feb 2026,Solar,8.24,Makassar,56000
260203D062,HCI,3 Feb 2026,Pertalite,3.35,Makassar,33500
260203C012,HCI,3 Feb 2026,Pertalite,8.0,Makassar,80000
260203D069,AHI,3 Feb 2026,Pertalite,2.0,Makassar,20000
260203D070,FBI,3 Feb 2026,Pertalite,3.45,Makassar,34500
260203C013,HCI,3 Feb 2026,Solar,14.41,Makassar,98000
260203C002,HCI,3 Feb 2026,Solar,12.21,Maros,83000
260204C011,HCI,4 Feb 2026,Solar,14.26,Maros,97000
260204C012,HCI,4 Feb 2026,Solar,11.91,Makassar,81000
260204C013,HCI,4 Feb 2026,Solar,8.09,Maros,55000
260204C014,HCI,4 Feb 2026,Solar,7.94,Gowa,54000
260204C015,HCI,4 Feb 2026,Solar,12.5,Makassar,85000
260204C016,HCI,4 Feb 2026,Solar,9.56,Makassar,65000
260204C017,HCI,4 Feb 2026,Solar,8.09,Makassar,55000
260204C018,HCI,4 Feb 2026,Pertalite,4.7,Makassar,47000
260204C019,HCI,4 Feb 2026,Pertalite,2.65,Makassar,26500
260204C020,HCI,4 Feb 2026,Pertalite,1.9,Makassar,19000
260204C028,AHI,4 Feb 2026,Solar,11.03,Makassar,75000
260204C029,AHI,4 Feb 2026,,8.77,Gowa,94000
260204D066,AHI,4 Feb 2026,Solar,2.13,Makassar,14500
260204D068,AHI,4 Feb 2026,Solar,7.06,Makassar,48000
260204D069,AHI,4 Feb 2026,Solar,5.88,Makassar,40000
260204D070,AHI,4 Feb 2026,Solar,8.82,Gowa,60000
260204D083,HCI,4 Feb 2026,Solar,6.18,Makassar,42000
260204D087,AHI,4 Feb 2026,Solar,11.76,Makassar,80000
260204D094,HCI,4 Feb 2026,Solar,11.03,Makassar,75000
260204D120,HCI,4 Feb 2026,Pertalite,3.6,Makassar,36000
260204D131,AHI,4 Feb 2026,Solar,7.35,Makassar,50000
260205C016,HCI,5 Feb 2026,Solar,13.68,Makassar,93000
260205C012,HCI,5 Feb 2026,Solar,11.32,Makassar,77000
260205C011,HCI,5 Feb 2026,Solar,8.09,Makassar,55000
260205C008,HCI,5 Feb 2026,Solar,14.71,Gowa,100000
260205C005,HCI,5 Feb 2026,Solar,11.47,Makassar,78000
260205C013,HCI,5 Feb 2026,Pertalite,11.95,Makassar,119500
260205C015,HCI,5 Feb 2026,Solar,7.35,Makassar,50000
260205C018,HCI,5 Feb 2026,Solar,8.82,Makassar,60000
260205C009,HCI,5 Feb 2026,Solar,7.35,Makassar,50000
260205C014,HCI,5 Feb 2026,Solar,15.59,Gowa,106000
260205C006,HCI,5 Feb 2026,Solar,11.18,Maros,76000
260205C010,HCI,5 Feb 2026,Solar,10.59,Takalar,72000
260205C019,AHI,5 Feb 2026,Pertalite,10.5,Maros,105000
260205C004,HCI,5 Feb 2026,Solar,17.35,Maros,118000
260205C007,HCI,5 Feb 2026,Solar,14.71,Gowa,100000
260205D091,HCI,5 Feb 2026,Solar,7.13,Gowa,48500
260205D107,AHI,5 Feb 2026,Solar,11.03,Makassar,75000
260205D089,HCI,5 Feb 2026,Solar,6.25,Makassar,42500
260205D126,AHI,5 Feb 2026,Solar,2.94,Makassar,20000
260205D181,HCI,5 Feb 2026,Pertalite,5.0,Makassar,50000
260205D108,AHI,5 Feb 2026,Solar,3.68,Makassar,25000
260205D086,HCI,5 Feb 2026,Solar,2.94,Makassar,20000
260205D099,HCI,5 Feb 2026,Solar,2.21,Makassar,15000
260205D090,HCI,5 Feb 2026,Solar,3.24,Makassar,22000
260205D127,AHI,5 Feb 2026,Pertalite,3.55,Makassar,35500
260205D137,FBI,5 Feb 2026,Pertalite,2.15,Makassar,21500
260206C013,HCI,6 Feb 2026,Solar,13.97,Makassar,95000
260206C016,HCI,6 Feb 2026,Solar,19.56,Makassar,133000
260206D094,HCI,6 Feb 2026,Solar,5.88,Makassar,40000
260206D072,HCI,6 Feb 2026,Solar,7.35,Makassar,50000
260206C017,HCI,6 Feb 2026,Solar,5.59,Gowa,38000
260206C024,HCI,6 Feb 2026,Solar,5.15,Gowa,35000
260206C022,AHI,6 Feb 2026,Solar,12.65,Gowa,86000
260206C007,HCI,6 Feb 2026,Solar,14.71,Makassar,100000
260206C008,HCI,6 Feb 2026,Solar,12.5,Makassar,85000
260206C015,HCI,6 Feb 2026,Pertalite,7.8,Makassar,78000
260206C019,HCI,6 Feb 2026,Pertalite,4.9,Makassar,49000
260206C006,HCI,6 Feb 2026,Solar,18.38,Maros,125000
260206D095,HCI,6 Feb 2026,Solar,4.26,Makassar,29000
260206C018,HCI,6 Feb 2026,Solar,9.56,Gowa,65000
260206D073,HCI,6 Feb 2026,Solar,8.82,Makassar,60000
260206C009,HCI,6 Feb 2026,Solar,17.65,Gowa,120000
260206C014,HCI,6 Feb 2026,Solar,14.71,Makassar,100000
260206D071,AHI,6 Feb 2026,,,Makassar,0
260206C020,HCI,6 Feb 2026,Solar,4.85,Makassar,33000
260206D087,AHI,6 Feb 2026,Solar,6.47,Makassar,44000
260206C012,HCI,6 Feb 2026,Solar,10.29,Makassar,70000
260206D075,AHI,6 Feb 2026,Solar,4.41,Gowa,30000
260206D086,AHI,6 Feb 2026,Solar,4.41,Makassar,30000
260206D088,HCI,6 Feb 2026,Pertalite,4.8,Gowa,48000
260206D170,HCI,6 Feb 2026,Pertalite,5.5,Makassar,55000
260206D120,AHI,6 Feb 2026,Pertalite,4.85,Makassar,48500
260206D121,FBI,6 Feb 2026,Pertalite,3.75,Makassar,37500
260206C011,HCI,6 Feb 2026,Solar,12.5,Makassar,85000
260206C010,HCI,6 Feb 2026,Solar,13.97,Gowa,95000
260207C012,HCI,7 Feb 2026,Dexlite,3.17,Makassar,43000
260207D068,HCI,7 Feb 2026,Solar,3.53,Gowa,24000
260207D037,HCI,7 Feb 2026,Solar,3.68,Makassar,25000
260207D041,HCI,7 Feb 2026,Solar,3.38,Makassar,23000
260207C013,HCI,7 Feb 2026,Solar,6.91,Maros,47000
260207D071,AHI,7 Feb 2026,Solar,2.94,Makassar,20000
260207C017,HCI,7 Feb 2026,Solar,3.24,Makassar,22000
260207D040,AHI,7 Feb 2026,Solar,5.88,Makassar,40000
260207C014,HCI,7 Feb 2026,Solar,11.91,Makassar,81000
260207C010,HCI,7 Feb 2026,Solar,4.41,Makassar,30000
260207D038,AHI,7 Feb 2026,Solar,4.41,Gowa,30000
260207C023,HCI,7 Feb 2026,Solar,10.0,Gowa,68000
260207C004,HCI,7 Feb 2026,Solar,10.74,Maros,73000
260207C006,HCI,7 Feb 2026,Solar,11.03,Gowa,75000
260207C011,HCI,7 Feb 2026,Pertalite,8.6,Makassar,86000
260207C016,HCI,7 Feb 2026,Solar,8.09,Makassar,55000
260207C018,HCI,7 Feb 2026,Solar,9.56,Makassar,65000
260207C021,HCI,7 Feb 2026,Solar,2.94,Makassar,20000
260207D072,AHI,7 Feb 2026,Solar,3.97,Makassar,27000
260207C008,HCI,7 Feb 2026,Solar,19.12,Takalar,130000
260207C015,HCI,7 Feb 2026,Solar,18.09,Makassar,123000
260207C003,HCI,7 Feb 2026,Solar,15.44,Makassar,105000
260207C002,HCI,7 Feb 2026,Solar,16.76,Maros,114000
260207C005,HCI,7 Feb 2026,Solar,11.76,Gowa,80000
260207C019,HCI,7 Feb 2026,Pertalite,6.5,Makassar,65000
260207C020,HCI,7 Feb 2026,Pertalite,6.0,Makassar,60000
260207C022,AHI,7 Feb 2026,Pertalite,5.59,Maros,38000
260207C255,HCI,7 Feb 2026,Pertalite,3.6,Makassar,36000
260207D073,HCI,7 Feb 2026,Solar,2.65,Makassar,18000
260207C009,HCI,7 Feb 2026,Solar,7.35,Makassar,50000
260207C007,HCI,7 Feb 2026,Solar,6.91,Makassar,47000
260208C003,HCI,8 Feb 2026,Solar,11.32,Makassar,77000
260208C015,AHI,8 Feb 2026,Solar,13.53,Makassar,92000
260208C007,HCI,8 Feb 2026,Pertalite,12.4,Makassar,124000
260208C002,HCI,8 Feb 2026,Solar,16.62,Maros,113000
260208C005,HCI,8 Feb 2026,Solar,8.09,Makassar,55000
260208C006,HCI,8 Feb 2026,Pertalite,9.15,Makassar,91500
260208C004,HCI,8 Feb 2026,Solar,11.91,Gowa,81000
260208D061,AHI,8 Feb 2026,Solar,6.47,Makassar,44000
260208D060,AHI,8 Feb 2026,Solar,4.26,Makassar,29000
260208D004,AHI,8 Feb 2026,Solar,6.62,Makassar,45000
260208D005,AHI,8 Feb 2026,Solar,4.41,Makassar,30000
260208D001,HCI,8 Feb 2026,Solar,10.29,Gowa,70000
260208D002,HCI,8 Feb 2026,Solar,9.41,Makassar,64000
260208D032,AHI,8 Feb 2026,Pertalite,4.9,Gowa,49000
260209C025,HCI,9 Feb 2026,Solar,11.18,Maros,76000
260209C026,HCI,9 Feb 2026,Solar,11.76,Makassar,80000
260209C027,HCI,9 Feb 2026,Solar,11.03,Maros,75000
260209C028,HCI,9 Feb 2026,Solar,12.79,Gowa,87000
260209C029,HCI,9 Feb 2026,Solar,11.76,Gowa,80000
260209C030,HCI,9 Feb 2026,Solar,5.88,Makassar,40000
260209C031,HCI,9 Feb 2026,Solar,10.29,Takalar,70000
260209C032,HCI,9 Feb 2026,Solar,6.62,Makassar,45000
260209C033,HCI,9 Feb 2026,Solar,5.88,Makassar,40000
260209C034,HCI,9 Feb 2026,Pertalite,8.8,Makassar,88000
260209C035,HCI,9 Feb 2026,Solar,5.44,Makassar,37000
260209C036,HCI,9 Feb 2026,Solar,11.03,Gowa,75000
260209C037,HCI,9 Feb 2026,Solar,11.03,Makassar,75000
260209C038,HCI,9 Feb 2026,Solar,2.65,Makassar,18000
260209C039,HCI,9 Feb 2026,Solar,7.35,Makassar,50000
260209C040,HCI,9 Feb 2026,Solar,11.91,Makassar,81000
260209C041,HCI,9 Feb 2026,Pertalite,3.8,Makassar,38000
260209D112,HCI,9 Feb 2026,Solar,3.09,Makassar,21000
260209D110,AHI,9 Feb 2026,Solar,5.44,Gowa,37000
260209D109,HCI,9 Feb 2026,Solar,8.09,Makassar,55000
260209D111,AHI,9 Feb 2026,Solar,5.74,Makassar,39000
260209C043,HCI,9 Feb 2026,Pertalite,1.9,Makassar,19000
260209C044,HCI,9 Feb 2026,Solar,9.26,Gowa,63000
260209D135,AHI,9 Feb 2026,Pertalite,2.75,Makassar,27500
260209D136,AHI,9 Feb 2026,Solar,3.68,Makassar,25000
260209D138,FBI,9 Feb 2026,Pertalite,5.45,Makassar,54500
260209C330,AHI,9 Feb 2026,Solar,8.53,Makassar,58000
260209D147,AHI,9 Feb 2026,Pertalite,3.68,Makassar,25000
260209C049,AHI,9 Feb 2026,Solar,8.82,Makassar,60000
260209C050,AHI,9 Feb 2026,Solar,9.85,Gowa,67000
260209D133,HCI,9 Feb 2026,Solar,3.97,Makassar,27000
260209D134,HCI,9 Feb 2026,Solar,4.47,Makassar,23000
260210C031,HCI,10 Feb 2026,Solar,8.53,Makassar,58000
260210C041,AHI,10 Feb 2026,Solar,11.76,Maros,80000
260210C024,HCI,10 Feb 2026,Solar,19.56,Maros,133000
260210C028,HCI,10 Feb 2026,Solar,10.0,Gowa,68000
260210C027,HCI,10 Feb 2026,Solar,16.18,Gowa,110000
260210C039,HCI,10 Feb 2026,Solar,10.29,Makassar,70000
260210C035,HCI,10 Feb 2026,Solar,19.85,Pangkep,135000
260210C029,HCI,10 Feb 2026,Solar,8.82,Makassar,60000
260210C042,HCI,10 Feb 2026,Solar,19.12,Makassar,130000
260210C033,HCI,10 Feb 2026,Pertalite,3.0,Makassar,30000
260210C034,HCI,10 Feb 2026,Pertalite,7.2,Makassar,72000
260210C038,HCI,10 Feb 2026,Solar,13.09,Gowa,89000
260210C025,HCI,10 Feb 2026,Solar,13.24,Makassar,90000
260210C037,HCI,10 Feb 2026,Solar,10.74,Makassar,73000
260210C036,HCI,10 Feb 2026,Solar,12.5,Makassar,85000
260210D006,AHI,10 Feb 2026,Solar,3.68,Makassar,25000
260210D007,HCI,10 Feb 2026,Solar,2.65,Makassar,18000
260210D003,HCI,10 Feb 2026,Solar,8.82,Gowa,60000
260210C026,HCI,10 Feb 2026,Solar,7.35,Makassar,50000
260210D089,FBI,10 Feb 2026,Pertalite,4.6,Makassar,46000
260210D005,AHI,10 Feb 2026,Pertalite,3.7,Makassar,37000
260210C032,HCI,10 Feb 2026,Pertalite,7.6,Makassar,76000
260210C030,HCI,10 Feb 2026,Solar,25.15,Makassar,171000
260210C040,HCI,10 Feb 2026,Solar,8.09,Makassar,55000
260211C309,HCI,11 Feb 2026,Solar,10.29,Makassar,70000
260211C010,HCI,11 Feb 2026,Solar,11.18,Makassar,76000
260211C006,HCI,11 Feb 2026,Solar,16.18,Gowa,110000
260211C004,HCI,11 Feb 2026,Solar,14.71,Makassar,100000
260211C019,HCI,11 Feb 2026,Solar,8.16,Makassar,55500
260211C020,AHI,11 Feb 2026,Solar,13.24,Maros,90000
260211C009,HCI,11 Feb 2026,Solar,10.29,Makassar,70000
260211C011,HCI,11 Feb 2026,Pertalite,7.4,Makassar,74000
260211C005,HCI,11 Feb 2026,Solar,12.5,Gowa,85000
260211C008,HCI,11 Feb 2026,Solar,14.71,Takalar,100000
260211C012,HCI,11 Feb 2026,Solar,14.71,Makassar,100000
260211C002,HCI,11 Feb 2026,Solar,18.09,Maros,123000
260211C007,HCI,11 Feb 2026,Solar,8.68,Makassar,59000
260211C018,HCI,11 Feb 2026,Pertalite,9.4,Makassar,94000
260211C003,HCI,11 Feb 2026,Pertalite,10.9,Makassar,109000
260211D040,HCI,11 Feb 2026,Solar,5.88,Makassar,40000
260211D038,HCI,11 Feb 2026,Solar,8.97,Gowa,61000
260211D087,AHI,11 Feb 2026,Solar,3.82,Makassar,26000
260211D143,HCI,11 Feb 2026,Pertalite,3.5,Makassar,35000
260211D036,HCI,11 Feb 2026,Solar,3.09,Makassar,21000
260211D039,HCI,11 Feb 2026,Solar,6.62,Makassar,45000
260211D146,AHI,11 Feb 2026,Solar,6.47,Makassar,44000
260211D088,AHI,11 Feb 2026,Solar,5.88,Makassar,40000
260211D086,AHI,11 Feb 2026,Solar,4.41,Makassar,30000
260211D037,HCI,11 Feb 2026,Solar,5.88,Makassar,40000
260211D084,HCI,11 Feb 2026,Solar,5.66,Makassar,38500
260212C018,HCI,12 Feb 2026,Solar,3.82,Makassar,26000
260212C010,HCI,12 Feb 2026,Solar,12.35,Gowa,84000
260212C008,HCI,12 Feb 2026,Solar,9.56,Maros,65000
260212C006,HCI,12 Feb 2026,Solar,29.41,Maros,200000
260212C019,HCI,12 Feb 2026,Solar,15.15,Makassar,103000
260212C017,HCI,12 Feb 2026,Solar,12.5,Makassar,85000
260212C011,HCI,12 Feb 2026,Solar,8.82,Makassar,60000
260212C015,HCI,12 Feb 2026,Pertalite,8.5,Makassar,85000
260212C013,HCI,12 Feb 2026,Solar,9.85,Makassar,67000
260212C014,HCI,12 Feb 2026,Solar,14.71,Makassar,100000
260212C012,HCI,12 Feb 2026,Solar,10.29,Makassar,70000
260212C023,AHI,12 Feb 2026,Solar,11.32,Makassar,77000
260212C016,HCI,12 Feb 2026,Solar,10.29,Makassar,70000
260212C020,HCI,12 Feb 2026,Pertalite,9.2,Makassar,92000
260212C009,HCI,12 Feb 2026,Solar,10.29,Gowa,70000
260212C007,HCI,12 Feb 2026,Solar,9.85,Makassar,67000
260212D070,AHI,12 Feb 2026,Solar,5.88,Gowa,40000
260212D068,AHI,12 Feb 2026,Solar,6.76,Makassar,46000
260212D072,AHI,12 Feb 2026,Solar,6.62,Makassar,45000
260212D071,HCI,12 Feb 2026,Dexlite,5.44,Makassar,111000
260212D108,FBI,12 Feb 2026,Pertalite,3.9,Makassar,39000
260213C004,HCI,13 Feb 2026,Dexlite,28.99,Maros,400000
260213C005,HCI,13 Feb 2026,Solar,2.94,Makassar,20000
260213C006,HCI,13 Feb 2026,Solar,11.03,Maros,75000
260213C007,HCI,13 Feb 2026,Dexlite,16.38,Gowa,222000
260213C008,HCI,13 Feb 2026,Solar,12.21,Gowa,83000
260213C009,HCI,13 Feb 2026,Solar,25.44,Makassar,173000
260213C010,HCI,13 Feb 2026,Solar,13.24,Takalar,90000
260213C011,HCI,13 Feb 2026,Solar,4.41,Makassar,30000
260213C012,HCI,13 Feb 2026,Solar,6.62,Makassar,45000
260213C013,HCI,13 Feb 2026,Pertalite,8.1,Makassar,81000
260213C014,HCI,13 Feb 2026,Dexlite,10.87,Makassar,150000
260213C015,HCI,13 Feb 2026,Solar,13.24,Makassar,90000
260213C016,HCI,13 Feb 2026,Solar,8.09,Makassar,55000
260213C017,HCI,13 Feb 2026,Solar,13.97,Makassar,95000
260213C018,HCI,13 Feb 2026,Solar,10.15,Makassar,69000
260213C021,AHI,13 Feb 2026,Solar,14.71,Makassar,100000
260213C022,AHI,13 Feb 2026,Dexlite,14.13,Gowa,195000
260213C298,HCI,13 Feb 2026,Pertalite,1.9,Makassar,19000
260213D065,AHI,13 Feb 2026,Solar,4.26,Makassar,29000
260213D066,AHI,13 Feb 2026,Solar,8.09,Makassar,55000
260213D067,HCI,13 Feb 2026,Pertalite,3.0,Makassar,30000
260213D068,HCI,13 Feb 2026,Dexlite,3.76,Makassar,51000
260213D069,AHI,13 Feb 2026,Solar,6.62,Gowa,45000
260213D073,AHI,13 Feb 2026,Pertalite,2.6,Makassar,26000
260213D074,HCI,13 Feb 2026,Solar,5.63,Makassar,29000
260213D075,AHI,13 Feb 2026,Solar,3.68,Makassar,25000
260213D076,HCI,13 Feb 2026,Solar,4.47,Makassar,23000
260213D077,HCI,13 Feb 2026,Dexlite,3.69,Makassar,50000
260213D078,FBI,13 Feb 2026,Pertalite,5.0,Makassar,50000
260213D137,HCI,13 Feb 2026,Pertalite,3.0,Makassar,30000
260214C009,HCI,14 Feb 2026,Solar,7.35,Takalar,50000
260214C011,HCI,14 Feb 2026,Solar,16.18,Makassar,110000
260214C006,HCI,14 Feb 2026,Solar,14.26,Gowa,97000
260214C019,HCI,14 Feb 2026,Pertalite,1.0,Makassar,10000
260214C017,HCI,14 Feb 2026,Pertalite,10.3,Makassar,103000
260214C008,HCI,14 Feb 2026,Solar,7.35,Makassar,50000
260214C010,HCI,14 Feb 2026,Solar,8.53,Makassar,58000
260214C018,HCI,14 Feb 2026,Dexlite,11.59,Makassar,160000
260214C021,AHI,14 Feb 2026,Solar,10.29,Makassar,70000
260214C007,HCI,14 Feb 2026,Solar,13.97,Gowa,95000
260214C004,HCI,14 Feb 2026,Solar,13.97,Makassar,95000
260214C020,AHI,14 Feb 2026,Pertalite,10.1,Maros,101000
260214C003,HCI,14 Feb 2026,Solar,14.41,Maros,98000
260214C005,HCI,14 Feb 2026,Dexlite,10.87,Makassar,150000
260214D048,HCI,14 Feb 2026,Solar,2.5,Makassar,17000
260214D049,HCI,14 Feb 2026,Solar,17.65,Makassar,120000
260214D092,HCI,14 Feb 2026,Solar,3.68,Makassar,25000
260214D052,AHI,14 Feb 2026,Solar,9.26,Makassar,63000
260214D051,HCI,14 Feb 2026,Solar,5.88,Makassar,40000
260214D090,AHI,14 Feb 2026,Dexlite,5.8,Makassar,80000
260214D050,HCI,14 Feb 2026,Solar,4.41,Makassar,30000
260214D070,AHI,14 Feb 2026,Solar,5.88,Makassar,40000
260214D089,HCI,14 Feb 2026,Pertalite,2.2,Makassar,22000
260215C004,HCI,15 Feb 2026,Solar,14.71,Maros,100000
260215C005,HCI,15 Feb 2026,Solar,14.71,Gowa,100000
260215C006,HCI,15 Feb 2026,Solar,16.76,Takalar,114000
260215C007,HCI,15 Feb 2026,Pertalite,9.6,Gowa,96000
260215C008,HCI,15 Feb 2026,Solar,9.71,Gowa,66000
260215C009,HCI,15 Feb 2026,Solar,13.68,Makassar,93000
260215D018,HCI,15 Feb 2026,Solar,5.44,Makassar,37000
260215D019,HCI,15 Feb 2026,Solar,4.12,Gowa,28000
260215D021,AHI,15 Feb 2026,Solar,4.41,Makassar,30000
260215D020,HCI,15 Feb 2026,Solar,4.71,Makassar,32000
260215C013,HCI,15 Feb 2026,Pertalite,2.4,Makassar,24000
260215C012,HCI,15 Feb 2026,Solar,6.62,Makassar,45000
260215C011,HCI,15 Feb 2026,Pertalite,8.9,Makassar,89000
260215D029,HCI,15 Feb 2026,Solar,6.32,Makassar,43000
260215D035,AHI,15 Feb 2026,Pertalite,7.8,Makassar,78000
260215D017,AHI,15 Feb 2026,Solar,11.03,Makassar,75000
260215D058,AHI,15 Feb 2026,Solar,4.85,Makassar,33000
260215C016,AHI,15 Feb 2026,Solar,14.26,Makassar,97000
260216C015,HCI,16 Feb 2026,Solar,4.26,Makassar,29000
260216C023,HCI,16 Feb 2026,Solar,4.41,Makassar,30000
260216C026,AHI,16 Feb 2026,Solar,10.74,Makassar,73000
260216C014,HCI,16 Feb 2026,Solar,12.79,Makassar,87000
260216C140,HCI,16 Feb 2026,Solar,8.82,Makassar,60000
260216D147,AHI,16 Feb 2026,Solar,3.68,Makassar,25000
260216C021,HCI,16 Feb 2026,Solar,8.09,Makassar,55000
260216C027,AHI,16 Feb 2026,Solar,18.97,Gowa,129000
260216C143,HCI,16 Feb 2026,Solar,8.09,Makassar,55000
260216D148,AHI,16 Feb 2026,Solar,5.88,Makassar,40000
260216C008,HCI,16 Feb 2026,Solar,22.06,Gowa,150000
260216C011,HCI,16 Feb 2026,Solar,4.41,Makassar,30000
260216C024,HCI,16 Feb 2026,Solar,6.18,Gowa,42000
260216C013,HCI,16 Feb 2026,Pertalite,9.6,Makassar,96000
260216C338,HCI,16 Feb 2026,Pertalite,7.55,Makassar,75500
260216C138,HCI,16 Feb 2026,Solar,10.59,Makassar,72000
260216C141,HCI,16 Feb 2026,Solar,4.71,Makassar,32000
260216C016,HCI,16 Feb 2026,Solar,3.68,Makassar,25000
260216D121,HCI,16 Feb 2026,Solar,4.93,Makassar,33500
260216D120,HCI,16 Feb 2026,Solar,5.0,Makassar,34000
260216C004,HCI,16 Feb 2026,Solar,16.18,Maros,110000
260216D119,HCI,16 Feb 2026,Solar,2.94,Makassar,20000
260216C020,HCI,16 Feb 2026,Solar,7.35,Makassar,50000
260216C006,HCI,16 Feb 2026,Solar,12.21,Maros,83000
260216C005,HCI,16 Feb 2026,Solar,16.18,Makassar,110000
260216D118,HCI,16 Feb 2026,Solar,4.41,Makassar,30000
260216C139,HCI,16 Feb 2026,Solar,3.09,Makassar,21000
260216C019,HCI,16 Feb 2026,Solar,26.47,Makassar,180000
260216C009,HCI,16 Feb 2026,Solar,10.29,Makassar,70000
260216C012,HCI,16 Feb 2026,Solar,4.41,Makassar,30000
260216C022,HCI,16 Feb 2026,Solar,3.68,Makassar,25000
260216D156,FBI,16 Feb 2026,Pertalite,4.55,Makassar,45500
260216D162,HCI,16 Feb 2026,Pertalite,3.05,Makassar,30500
260216C301,HCI,16 Feb 2026,Pertalite,2.9,Makassar,29000
260216C010,HCI,16 Feb 2026,Solar,15.59,Takalar,106000
260216D172,AHI,16 Feb 2026,Solar,2.94,Makassar,20000
260216C007,HCI,16 Feb 2026,Solar,13.38,Gowa,91000
260217C019,HCI,17 Feb 2026,Solar,10.88,Makassar,74000
260217C020,HCI,17 Feb 2026,Solar,6.62,Makassar,45000
260217C007,HCI,17 Feb 2026,Solar,20.59,Maros,140000
260217C010,HCI,17 Feb 2026,Solar,11.03,Gowa,75000
260217C189,HCI,17 Feb 2026,Solar,7.79,Makassar,53000
260217C244,HCI,17 Feb 2026,,,Makassar,
260217C021,HCI,17 Feb 2026,Solar,10.44,Makassar,71000
260217C015,HCI,17 Feb 2026,Solar,18.38,Gowa,125000
260217D061,HCI,17 Feb 2026,Solar,8.38,Makassar,57000
260217C016,HCI,17 Feb 2026,Pertalite,10.2,Makassar,102000
260217C014,HCI,17 Feb 2026,Solar,12.06,Makassar,82000
260217C008,HCI,17 Feb 2026,Solar,11.76,Makassar,80000
260217C023,AHI,17 Feb 2026,Solar,8.82,Makassar,60000
260217C013,HCI,17 Feb 2026,Solar,18.53,Takalar,126000
260217C018,HCI,17 Feb 2026,Solar,8.82,Makassar,60000
260217D060,HCI,17 Feb 2026,Solar,11.03,Gowa,75000
260217D117,AHI,17 Feb 2026,Solar,3.82,Makassar,26000
260217C011,HCI,17 Feb 2026,Solar,9.56,Gowa,65000
260217C017,HCI,17 Feb 2026,Solar,9.56,Makassar,65000
260217D059,AHI,17 Feb 2026,Pertalite,3.8,Makassar,38000
260217D108,FBI,17 Feb 2026,Pertalite,3.4,Makassar,34000
260217C012,HCI,17 Feb 2026,Pertalite,11.0,Makassar,110000
260217C009,HCI,17 Feb 2026,Solar,10.88,Makassar,74000
260218C024,HCI,18 Feb 2026,Solar,17.65,Maros,120000
260218C025,HCI,18 Feb 2026,Solar,10.88,Makassar,74000
260218C026,HCI,18 Feb 2026,Solar,13.97,Makassar,95000
260218C027,HCI,18 Feb 2026,Solar,20.59,Gowa,140000
260218C028,HCI,18 Feb 2026,Solar,14.71,Gowa,100000
260218C029,HCI,18 Feb 2026,Solar,10.29,Makassar,70000
260218C030,HCI,18 Feb 2026,Solar,14.71,Makassar,100000
260218C031,HCI,18 Feb 2026,Solar,8.82,Makassar,60000
260218C032,HCI,18 Feb 2026,Solar,8.82,Makassar,60000
260218C033,HCI,18 Feb 2026,Pertalite,14.0,Makassar,140000
260218C034,HCI,18 Feb 2026,Solar,12.5,Makassar,85000
260218C035,HCI,18 Feb 2026,Solar,2.5,Makassar,17000
260218C036,HCI,18 Feb 2026,Solar,15.29,Makassar,104000
260218C037,HCI,18 Feb 2026,Solar,6.62,Makassar,45000
260218C038,HCI,18 Feb 2026,Solar,2.94,Makassar,20000
260218C039,HCI,18 Feb 2026,Solar,15.74,Maros,107000
260218C040,HCI,18 Feb 2026,Solar,5.15,Gowa,35000
260218C041,HCI,18 Feb 2026,Solar,10.37,Makassar,70500
260218C042,HCI,18 Feb 2026,Solar,11.76,Makassar,80000
260218C043,HCI,18 Feb 2026,Solar,7.35,Makassar,50000
260218C044,AHI,18 Feb 2026,Pertalite,6.9,Makassar,69000
260218C045,AHI,18 Feb 2026,Solar,10.29,Makassar,70000
260218C290,HCI,18 Feb 2026,Pertalite,7.4,Makassar,74000
260218D055,HCI,18 Feb 2026,Solar,3.82,Makassar,26000
260218D056,HCI,18 Feb 2026,Solar,4.26,Makassar,29000
260218D057,AHI,18 Feb 2026,Solar,7.35,Makassar,50000
260218D058,AHI,18 Feb 2026,Solar,5.88,Makassar,40000
260219C024,HCI,19 Feb 2026,Solar,13.24,Maros,90000
260219C025,HCI,19 Feb 2026,Solar,13.24,Makassar,90000
260219C026,HCI,19 Feb 2026,Solar,7.94,Makassar,54000
260219C027,HCI,19 Feb 2026,Solar,13.09,Gowa,89000
260219C028,HCI,19 Feb 2026,Solar,11.76,Gowa,80000
260219C029,HCI,19 Feb 2026,Solar,11.76,Makassar,80000
260219C030,HCI,19 Feb 2026,Solar,10.29,Makassar,70000
260219C031,HCI,19 Feb 2026,Solar,10.59,Makassar,72000
260219C032,HCI,19 Feb 2026,Solar,11.32,Gowa,77000
260219C033,HCI,19 Feb 2026,Pertalite,9.0,Makassar,90000
260219C034,HCI,19 Feb 2026,Solar,4.41,Makassar,30000
260219C035,HCI,19 Feb 2026,Solar,9.85,Makassar,67000
260219C036,HCI,19 Feb 2026,Pertalite,3.2,Makassar,32000
260219C037,HCI,19 Feb 2026,Solar,10.0,Gowa,68000
260219C038,HCI,19 Feb 2026,Solar,14.71,Makassar,100000
260219C039,HCI,19 Feb 2026,Solar,6.62,Makassar,45000
260219C040,HCI,19 Feb 2026,Pertalite,10.4,Makassar,104000
260219C041,HCI,19 Feb 2026,Solar,3.24,Makassar,22000
260219C042,HCI,19 Feb 2026,Solar,3.82,Makassar,26000
260219C044,AHI,19 Feb 2026,Pertalite,18.7,Makassar,187000
260219C045,AHI,19 Feb 2026,Solar,9.56,Gowa,65000
260219D004,HCI,19 Feb 2026,Solar,7.79,Makassar,53000
260219D062,HCI,19 Feb 2026,Solar,3.09,Makassar,21000
260219D063,AHI,19 Feb 2026,Solar,7.79,Makassar,53000
260219D064,HCI,19 Feb 2026,Solar,3.68,Makassar,25000
260219D065,HCI,19 Feb 2026,Solar,3.68,Makassar,25000
260219D066,AHI,19 Feb 2026,Solar,3.82,Gowa,26000
260219D098,AHI,19 Feb 2026,Solar,5.88,Makassar,40000
260219D099,AHI,19 Feb 2026,Solar,5.15,Makassar,35000
260219D101,AHI,19 Feb 2026,Solar,4.85,Makassar,33000
260219D115,FBI,19 Feb 2026,Pertalite,2.3,Makassar,23000
260219C043,HCI,19 Feb 2026,Pertalite,8.53,Makassar,58000
260220C004,HCI,20 Feb 2026,Solar,12.06,Maros,82000
260220C025,AHI,20 Feb 2026,Solar,14.71,Makassar,100000
260220C014,HCI,20 Feb 2026,Solar,7.35,Makassar,50000
260220C006,HCI,20 Feb 2026,Solar,8.82,Makassar,60000
260220C009,HCI,20 Feb 2026,Solar,9.56,Makassar,65000
260220C013,HCI,20 Feb 2026,Pertalite,9.2,Makassar,92000
260220C012,HCI,20 Feb 2026,Solar,7.79,Makassar,53000
260220C008,HCI,20 Feb 2026,Solar,13.24,Gowa,90000
260220C010,HCI,20 Feb 2026,Solar,16.18,Takalar,110000
260220C011,HCI,20 Feb 2026,Solar,9.12,Makassar,62000
260220C005,HCI,20 Feb 2026,Solar,12.35,Makassar,84000
260220C007,HCI,20 Feb 2026,Solar,11.03,Gowa,75000
260220C024,AHI,20 Feb 2026,Pertalite,10.4,Makassar,104000
260220C015,HCI,20 Feb 2026,Solar,8.82,Makassar,60000
260220D045,AHI,20 Feb 2026,Solar,10.0,Makassar,68000
260220D086,HCI,20 Feb 2026,Solar,6.18,Makassar,42000
260220D043,AHI,20 Feb 2026,Solar,14.71,Makassar,100000
260220D046,HCI,20 Feb 2026,Solar,10.29,Gowa,70000
260220D042,HCI,20 Feb 2026,Solar,5.59,Makassar,38000
260220D127,AHI,20 Feb 2026,Solar,3.68,Makassar,25000
260220D088,HCI,20 Feb 2026,Solar,6.03,Makassar,41000
260220D104,FBI,20 Feb 2026,Pertalite,4.0,Makassar,40000
260220D090,AHI,20 Feb 2026,Pertalite,3.45,Makassar,34500
260220D089,HCI,20 Feb 2026,Pertalite,4.26,Makassar,29000
260220D044,HCI,20 Feb 2026,Solar,2.65,Makassar,18000
260221C005,HCI,21 Feb 2026,Solar,12.21,Maros,83000
260221C006,HCI,21 Feb 2026,Solar,15.44,Makassar,105000
260221C007,HCI,21 Feb 2026,Solar,9.56,Makassar,65000
260221C008,HCI,21 Feb 2026,Solar,13.97,Gowa,95000
260221C009,HCI,21 Feb 2026,Solar,13.09,Gowa,89000
260221C010,HCI,21 Feb 2026,Solar,6.62,Makassar,45000
260221C011,HCI,21 Feb 2026,Solar,8.09,Makassar,55000
260221C012,HCI,21 Feb 2026,Pertalite,15.0,Makassar,150000
260221C019,HCI,21 Feb 2026,Solar,6.62,Makassar,45000
260221C020,HCI,21 Feb 2026,Solar,11.76,Makassar,80000
260221C022,AHI,21 Feb 2026,Solar,21.76,Maros,148000
260221C023,AHI,21 Feb 2026,Solar,11.76,Gowa,80000
260221D074,HCI,21 Feb 2026,Solar,6.62,Makassar,45000
260221D075,HCI,21 Feb 2026,Solar,18.68,Makassar,127000
260221D076,HCI,21 Feb 2026,Solar,13.24,Gowa,90000
260221D078,AHI,21 Feb 2026,Solar,6.18,Makassar,42000
260221D114,HCI,21 Feb 2026,Solar,3.24,Makassar,22000
260221D115,HCI,21 Feb 2026,Solar,5.88,Makassar,40000
260222C007,HCI,22 Feb 2026,Solar,16.18,Maros,110000
260222C008,HCI,22 Feb 2026,Solar,14.71,Makassar,100000
260222C009,HCI,22 Feb 2026,Solar,10.29,Gowa,70000
260222C010,HCI,22 Feb 2026,Solar,11.03,Makassar,75000
260222C011,HCI,22 Feb 2026,Pertalite,5.7,Makassar,57000
260222C012,HCI,22 Feb 2026,Solar,6.91,Makassar,47000
260222C013,HCI,22 Feb 2026,Solar,11.03,Makassar,75000
260222D046,AHI,22 Feb 2026,Solar,4.41,Makassar,30000
260222D047,AHI,22 Feb 2026,Solar,3.68,Makassar,25000
260222D048,HCI,22 Feb 2026,Solar,5.15,Gowa,35000
260222D049,HCI,22 Feb 2026,Solar,7.21,Makassar,49000
260222D050,AHI,22 Feb 2026,Solar,6.62,Makassar,45000
260222C014,HCI,22 Feb 2026,Solar,6.18,Makassar,42000
260222C015,HCI,22 Feb 2026,Pertalite,3.0,Makassar,30000
260222C018,AHI,22 Feb 2026,Pertalite,6.7,Makassar,67000
260222D072,HCI,22 Feb 2026,Solar,4.85,Makassar,33000
260222D083,FBI,23 Feb 2026,Pertalite,4.45,Makassar,44500
260223C006,HCI,23 Feb 2026,Solar,11.03,Maros,75000
260223C007,HCI,23 Feb 2026,Solar,11.03,Makassar,75000
260223C008,HCI,23 Feb 2026,Solar,11.32,Maros,77000
260223C009,HCI,23 Feb 2026,Solar,18.09,Gowa,123000
260223C010,HCI,23 Feb 2026,Solar,11.03,Gowa,75000
260223C011,HCI,23 Feb 2026,Solar,9.85,Makassar,67000
260223C012,HCI,23 Feb 2026,Solar,16.91,Takalar,115000
260223C013,HCI,23 Feb 2026,Solar,13.68,Makassar,93000
260223C014,HCI,23 Feb 2026,Solar,11.03,Makassar,75000
260223C015,HCI,23 Feb 2026,Pertalite,8.6,Makassar,86000
260223C016,HCI,23 Feb 2026,Solar,13.24,Makassar,90000
260223C017,HCI,23 Feb 2026,Solar,8.82,Makassar,60000
260223C018,HCI,23 Feb 2026,Solar,6.62,Makassar,45000
260223C019,HCI,23 Feb 2026,Solar,8.82,Makassar,60000
260223C020,HCI,23 Feb 2026,Solar,8.68,Makassar,59000
260223C024,HCI,23 Feb 2026,Solar,1.47,Makassar,10000
260223C027,AHI,23 Feb 2026,Solar,8.82,Makassar,60000
260223C028,AHI,23 Feb 2026,Solar,11.03,Gowa,75000
260223D111,HCI,23 Feb 2026,Solar,7.35,Makassar,50000
260223D113,AHI,23 Feb 2026,Solar,5.88,Gowa,40000
260223D120,AHI,23 Feb 2026,Solar,4.41,Makassar,30000
260223D121,AHI,23 Feb 2026,Solar,1.47,Makassar,10000
260223D141,HCI,23 Feb 2026,Pertalite,3.4,Makassar,34000
260223D150,FBI,24 Feb 2026,Pertalite,4.4,Makassar,44000
260224C023,HCI,24 Feb 2026,Solar,17.65,Maros,120000
260224C024,HCI,24 Feb 2026,Solar,11.76,Makassar,80000
260224C025,HCI,24 Feb 2026,Solar,8.09,Maros,55000
260224C026,HCI,24 Feb 2026,Solar,11.76,Gowa,80000
260224C027,HCI,24 Feb 2026,Solar,13.24,Gowa,90000
260224C028,HCI,24 Feb 2026,Solar,3.97,Makassar,27000
260224C029,HCI,24 Feb 2026,Solar,11.76,Takalar,80000
260224C030,HCI,24 Feb 2026,Solar,10.0,Makassar,68000
260224C031,HCI,24 Feb 2026,Solar,24.56,Makassar,167000
260224C032,HCI,24 Feb 2026,Pertalite,12.6,Makassar,126000
260224C033,HCI,24 Feb 2026,Solar,10.29,Makassar,70000
260224C036,HCI,24 Feb 2026,Solar,13.82,Makassar,94000
260224C037,HCI,24 Feb 2026,Solar,7.06,Makassar,48000
260224C038,AHI,24 Feb 2026,Pertalite,8.8,Makassar,88000
260224C039,HCI,24 Feb 2026,Solar,6.91,Makassar,47000
260224C040,AHI,24 Feb 2026,Solar,10.0,Maros,68000
260224C289,HCI,24 Feb 2026,Solar,10.74,Makassar,73000
260224C311,HCI,24 Feb 2026,Pertalite,6.8,Maros,68000
260224D085,HCI,24 Feb 2026,Pertalite,3.3,Makassar,33000
260224D088,AHI,24 Feb 2026,Dexlite,7.01,Makassar,95000
260224D089,HCI,24 Feb 2026,Solar,7.5,Gowa,51000
260224D138,AHI,24 Feb 2026,Solar,6.47,Makassar,44000
260225C008,HCI,25 Feb 2026,Solar,20.59,Makassar,140000
260225C014,HCI,25 Feb 2026,Solar,11.03,Makassar,75000
260225C015,HCI,25 Feb 2026,Solar,10.74,Maros,73000
260225C017,HCI,25 Feb 2026,Solar,13.24,Gowa,90000
260225C019,HCI,25 Feb 2026,Solar,7.35,Gowa,50000
260225C020,HCI,25 Feb 2026,Solar,7.35,Makassar,50000
260225C021,HCI,25 Feb 2026,Solar,13.24,Takalar,90000
260225C022,HCI,25 Feb 2026,Solar,16.32,Makassar,111000
260225C024,HCI,25 Feb 2026,Solar,10.59,Makassar,72000
260225C025,HCI,25 Feb 2026,Pertalite,7.2,Makassar,72000
260225C026,HCI,25 Feb 2026,Solar,13.53,Makassar,92000
260225C027,HCI,25 Feb 2026,Solar,36.76,Makassar,250000
260225C029,HCI,25 Feb 2026,Solar,13.24,Gowa,90000
260225C030,HCI,25 Feb 2026,Pertalite,3.3,Gowa,33000
260225C031,HCI,25 Feb 2026,Solar,4.41,Makassar,30000
260225C035,AHI,25 Feb 2026,Pertalite,5.5,Maros,55000
260225C036,AHI,25 Feb 2026,Solar,9.71,Makassar,66000
260225D073,HCI,25 Feb 2026,Solar,5.59,Makassar,38000
260225D074,AHI,25 Feb 2026,Solar,4.41,Makassar,30000
260225D075,AHI,25 Feb 2026,Solar,5.88,Makassar,40000
260225D076,AHI,25 Feb 2026,Solar,4.41,Makassar,30000
260225D077,AHI,25 Feb 2026,Solar,5.88,Gowa,40000
260225D118,AHI,25 Feb 2026,Solar,6.76,Makassar,46000
260225D141,HCI,25 Feb 2026,Pertalite,4.8,Makassar,48000
260226C013,HCI,26 Feb 2026,Solar,6.84,Makassar,46500
260226C017,HCI,26 Feb 2026,Solar,9.56,Makassar,65000
260226C014,HCI,26 Feb 2026,Solar,11.76,Maros,80000
260226C018,HCI,26 Feb 2026,Solar,9.56,Makassar,65000
260226C020,HCI,26 Feb 2026,Solar,6.62,Makassar,45000
260226C021,HCI,26 Feb 2026,Pertalite,7.9,Makassar,79000
260226C030,AHI,26 Feb 2026,Solar,8.24,Makassar,56000
260226C246,HCI,26 Feb 2026,Solar,5.88,Makassar,40000
260226C015,HCI,26 Feb 2026,Solar,13.24,Gowa,90000
260226C016,HCI,26 Feb 2026,Solar,11.76,Gowa,80000
260226C029,AHI,26 Feb 2026,Pertalite,7.3,Makassar,73000
260226C027,HCI,26 Feb 2026,Pertalite,5.6,Makassar,56000
260226C019,HCI,26 Feb 2026,Solar,13.53,Makassar,92000
260226C012,HCI,26 Feb 2026,Solar,13.24,Makassar,90000
260226D075,AHI,26 Feb 2026,Solar,4.26,Makassar,29000
260226D070,HCI,26 Feb 2026,Solar,9.56,Makassar,65000
260226D071,HCI,26 Feb 2026,Solar,8.09,Gowa,55000
260226D073,AHI,26 Feb 2026,Solar,4.41,Makassar,30000
260226D159,AHI,26 Feb 2026,Pertalite,2.25,Makassar,22500
260226D146,FBI,26 Feb 2026,Pertalite,2.35,Makassar,23500
260227C005,HCI,27 Feb 2026,Solar,11.03,Maros,75000
260227C006,HCI,27 Feb 2026,Solar,8.68,Makassar,59000
260227C007,HCI,27 Feb 2026,Solar,13.97,Maros,95000
260227C008,HCI,27 Feb 2026,Solar,13.53,Gowa,92000
260227C009,HCI,27 Feb 2026,Solar,14.71,Makassar,100000
260227C010,HCI,27 Feb 2026,Solar,11.32,Makassar,77000
260227C011,HCI,27 Feb 2026,Solar,10.29,Takalar,70000
260227C012,HCI,27 Feb 2026,Solar,5.88,Makassar,40000
260227C013,HCI,27 Feb 2026,Solar,13.97,Makassar,95000
260227C014,HCI,27 Feb 2026,Pertalite,10.2,Makassar,102000
260227C015,HCI,27 Feb 2026,Solar,10.74,Makassar,73000
260227C016,HCI,27 Feb 2026,Solar,10.0,Makassar,68000
260227C017,HCI,27 Feb 2026,Pertalite,4.8,Makassar,48000
260227C018,HCI,27 Feb 2026,Solar,8.38,Makassar,57000
260227C022,AHI,27 Feb 2026,Solar,12.5,Maros,85000
260227D086,HCI,27 Feb 2026,Solar,4.41,Makassar,30000
260227D089,AHI,27 Feb 2026,Solar,11.76,Makassar,80000
260227D090,HCI,27 Feb 2026,Solar,4.41,Makassar,30000
260227D130,FBI,27 Feb 2026,Pertalite,5.65,Makassar,56500
260228C015,HCI,28 Feb 2026,Solar,13.97,Maros,95000
260228C016,HCI,28 Feb 2026,Solar,11.84,Makassar,80500
260228C017,HCI,28 Feb 2026,Solar,8.82,Maros,60000
260228C018,HCI,28 Feb 2026,Solar,11.03,Gowa,75000
260228C019,HCI,28 Feb 2026,Solar,8.53,Gowa,58000
260228C020,HCI,28 Feb 2026,Solar,11.03,Makassar,75000
260228C021,HCI,28 Feb 2026,Solar,8.82,Makassar,60000
260228C022,HCI,28 Feb 2026,Solar,3.38,Makassar,23000
260228C023,HCI,28 Feb 2026,Solar,13.24,Makassar,90000
260228C024,HCI,28 Feb 2026,Pertalite,8.8,Makassar,88000
260228C027,HCI,28 Feb 2026,Solar,8.24,Makassar,56000
260228C028,HCI,28 Feb 2026,Pertalite,3.0,Makassar,30000
260228C032,AHI,28 Feb 2026,Solar,8.82,Makassar,60000
260228C033,AHI,28 Feb 2026,Solar,13.24,Makassar,90000
260228D077,HCI,28 Feb 2026,Pertalite,3.0,Makassar,30000
260228D078,AHI,28 Feb 2026,Solar,13.24,Makassar,90000
260228D079,HCI,28 Feb 2026,Solar,5.0,Makassar,34000
260228D081,HCI,28 Feb 2026,Solar,11.32,Makassar,42000
260228D103,AHI,28 Feb 2026,Solar,5.15,Makassar,35000
260228D107,AHI,28 Feb 2026,Solar,5.15,Makassar,35000
260228D109,AHI,28 Feb 2026,Solar,6.18,Makassar,42000
260228D124,AHI,28 Feb 2026,Pertalite,2.75,Makassar,27500
260301D075,HCI,1 Mar 2026,Solar,3.68,Makassar,25000
260301D004,AHI,1 Mar 2026,Solar,3.68,Makassar,25000
260301C004,HCI,1 Mar 2026,Solar,8.09,Maros,55000
260301C005,HCI,1 Mar 2026,Solar,10.74,Makassar,73000
260301C006,HCI,1 Mar 2026,Solar,11.03,Gowa,75000
260301C007,HCI,1 Mar 2026,Solar,10.29,Gowa,70000
260301C008,HCI,1 Mar 2026,Solar,10.44,Makassar,71000
260301C009,HCI,1 Mar 2026,Pertalite,9.2,Makassar,92000
260301D001,AHI,1 Mar 2026,Solar,5.59,Gowa,38000
260301D003,HCI,1 Mar 2026,Solar,3.68,Makassar,25000
260301D005,AHI,1 Mar 2026,Solar,5.15,Makassar,35000
260301D002,HCI,1 Mar 2026,Solar,13.24,Makassar,90000
260301C116,AHI,1 Mar 2026,Pertalite,7.9,Makassar,79000
260301C115,AHI,1 Mar 2026,Solar,10.29,Gowa,70000
260301D067,AHI,1 Mar 2026,Solar,4.85,Makassar,33000
260301D069,AHI,1 Mar 2026,Solar,5.15,Makassar,35000
260301D076,HCI,1 Mar 2026,Solar,4.34,Makassar,29500
260301D077,HCI,1 Mar 2026,Solar,4.41,Makassar,30000
260302C002,HCI,2 Mar 2026,Solar,29.12,Maros,198000
260302C003,HCI,2 Mar 2026,Solar,11.76,Makassar,80000
260302C004,HCI,2 Mar 2026,Solar,11.03,Maros,75000
260302C005,HCI,2 Mar 2026,Solar,16.47,Gowa,112000
260302C006,HCI,2 Mar 2026,Solar,9.85,Gowa,67000
260302C007,HCI,2 Mar 2026,Solar,8.38,Makassar,57000
260302C008,HCI,2 Mar 2026,Solar,12.35,Makassar,84000
260302C009,HCI,2 Mar 2026,Solar,6.32,Makassar,43000
260302C010,HCI,2 Mar 2026,Solar,11.03,Makassar,75000
260302C011,HCI,2 Mar 2026,Pertalite,12.1,Makassar,121000
260302C012,HCI,2 Mar 2026,Solar,5.88,Makassar,40000
260302C013,HCI,2 Mar 2026,Solar,6.91,Makassar,47000
260302C014,HCI,2 Mar 2026,Solar,5.29,Makassar,36000
260302C015,HCI,2 Mar 2026,Solar,6.91,Makassar,47000
260302C016,HCI,2 Mar 2026,Solar,12.5,Makassar,85000
260302C017,HCI,2 Mar 2026,Solar,13.38,Makassar,91000
260302C018,HCI,2 Mar 2026,Solar,19.12,Makassar,130000
260302C019,HCI,2 Mar 2026,Solar,5.59,Gowa,38000
260302C020,HCI,2 Mar 2026,Solar,8.24,Makassar,56000
260302C021,HCI,2 Mar 2026,Solar,5.88,Makassar,40000
260302C022,AHI,2 Mar 2026,Solar,10.59,Makassar,72000
260302C023,AHI,2 Mar 2026,Solar,14.71,Gowa,100000
260302C205,HCI,2 Mar 2026,Solar,4.41,Makassar,30000
260302D092,AHI,2 Mar 2026,Solar,3.68,Makassar,25000
260302D094,HCI,2 Mar 2026,Solar,5.88,Makassar,40000
260302D095,HCI,2 Mar 2026,Solar,7.35,Makassar,50000
260302D096,HCI,2 Mar 2026,Solar,5.44,Gowa,37000
260302D106,HCI,2 Mar 2026,Solar,4.41,Makassar,30000
260302D111,AHI,2 Mar 2026,Pertalite,2.9,Makassar,29000
260302D114,FBI,2 Mar 2026,Pertamax,4.8,Makassar,96000
260302D127,AHI,2 Mar 2026,Pertalite,3.5,Makassar,35000
260303C025,HCI,3 Mar 2026,Solar,14.41,Maros,98000
260303C026,HCI,3 Mar 2026,Solar,8.82,Makassar,60000
260303C027,HCI,3 Mar 2026,Solar,15.44,Maros,105000
260303C028,HCI,3 Mar 2026,Solar,9.71,Gowa,66000
260303C029,HCI,3 Mar 2026,Solar,11.76,Gowa,80000
260303C030,HCI,3 Mar 2026,Solar,8.24,Makassar,56000
260303C031,HCI,3 Mar 2026,Solar,9.56,Takalar,65000
260303C032,HCI,3 Mar 2026,Solar,5.15,Makassar,35000
260303C033,HCI,3 Mar 2026,Solar,17.65,Makassar,120000
260303C034,HCI,3 Mar 2026,Pertalite,13.0,Makassar,130000
260303C035,HCI,3 Mar 2026,Solar,33.38,Makassar,227000
260303C036,HCI,3 Mar 2026,Solar,13.24,Makassar,90000
260303C037,HCI,3 Mar 2026,Solar,7.21,Makassar,49000
260303C038,HCI,3 Mar 2026,Solar,14.71,Makassar,100000
260303C039,HCI,3 Mar 2026,Solar,11.03,Makassar,75000
260303C040,HCI,3 Mar 2026,Solar,13.24,Makassar,90000
260303C043,AHI,3 Mar 2026,Pertalite,8.2,Maros,82000
260303C044,AHI,3 Mar 2026,Solar,12.94,Gowa,88000
260303C350,HCI,3 Mar 2026,Pertalite,2.1,Makassar,21000
260303D068,HCI,3 Mar 2026,Solar,6.03,Makassar,41000
260303D072,HCI,3 Mar 2026,Solar,4.85,Gowa,33000
260303D097,FBI,3 Mar 2026,Pertalite,5.0,Makassar,50000
260303D099,AHI,3 Mar 2026,Solar,9.56,Makassar,65000
260303D101,AHI,3 Mar 2026,Solar,9.41,Makassar,64000
260304C004,HCI,4 Mar 2026,Solar,15.44,Maros,105000
260304C005,HCI,4 Mar 2026,Solar,15.15,Makassar,103000
260304C006,HCI,4 Mar 2026,Solar,8.82,Maros,60000
260304C007,HCI,4 Mar 2026,Solar,23.68,Gowa,161000
260304C008,HCI,4 Mar 2026,Solar,12.21,Gowa,83000
260304C009,HCI,4 Mar 2026,Solar,14.71,Makassar,100000
260304C010,HCI,4 Mar 2026,Solar,8.24,Takalar,56000
260304C011,HCI,4 Mar 2026,Solar,18.38,Makassar,125000
260304C012,HCI,4 Mar 2026,Pertalite,10.0,Makassar,100000
260304C018,HCI,4 Mar 2026,Solar,10.29,Makassar,70000
260304C021,AHI,4 Mar 2026,Pertalite,8.6,Makassar,86000
260304C022,AHI,4 Mar 2026,Solar,8.24,Gowa,56000
260304D051,AHI,4 Mar 2026,Solar,3.68,Makassar,25000
260304D052,AHI,4 Mar 2026,Solar,4.41,Makassar,30000
260304D053,HCI,4 Mar 2026,Solar,8.82,Makassar,60000
260304D054,HCI,4 Mar 2026,Solar,7.94,Makassar,54000
260304D129,AHI,4 Mar 2026,Solar,10.29,Makassar,70000
260304D130,HCI,4 Mar 2026,Solar,7.94,Makassar,54000
260305C004,HCI,5 Mar 2026,Solar,22.06,Maros,150000
260305C005,HCI,5 Mar 2026,Solar,15.44,Makassar,105000
260305C006,HCI,5 Mar 2026,Solar,10.29,Maros,70000
260305C007,HCI,5 Mar 2026,Solar,13.53,Gowa,92000
260305C008,HCI,5 Mar 2026,Solar,16.18,Gowa,110000
260305C009,HCI,5 Mar 2026,Dexlite,13.51,Makassar,200000
260305C010,HCI,5 Mar 2026,Solar,7.94,Takalar,54000
260305C011,HCI,5 Mar 2026,Solar,10.29,Makassar,70000
260305C012,HCI,5 Mar 2026,Solar,17.94,Makassar,122000
260305C013,HCI,5 Mar 2026,Pertalite,10.0,Makassar,100000
260305C014,HCI,5 Mar 2026,Solar,12.65,Makassar,86000
260305C015,HCI,5 Mar 2026,Solar,8.09,Makassar,55000
260305C016,HCI,5 Mar 2026,Solar,15.44,Makassar,105000
260305C017,HCI,5 Mar 2026,Solar,12.94,Makassar,88000
260305C018,HCI,5 Mar 2026,Pertalite,3.7,Makassar,37000
260305C019,HCI,5 Mar 2026,Pertalite,4.0,Makassar,40000
260305C022,AHI,5 Mar 2026,Solar,11.76,Maros,80000
260305D077,AHI,5 Mar 2026,Solar,4.41,Makassar,30000
260305D078,AHI,5 Mar 2026,Solar,8.82,Makassar,60000
260305D079,HCI,5 Mar 2026,Dexlite,6.28,Makassar,91000
260305D080,AHI,5 Mar 2026,Solar,14.71,Makassar,100000
260305D081,HCI,5 Mar 2026,Solar,6.62,Gowa,45000
260305D084,HCI,5 Mar 2026,Solar,5.29,Gowa,36000
260305D089,AHI,5 Mar 2026,Pertalite,2.75,Makassar,27500
260305D090,AHI,5 Mar 2026,Solar,6.32,Makassar,43000
260305D123,FBI,5 Mar 2026,Pertalite,5.6,Makassar,56000
260306C030,HCI,6 Mar 2026,Dexlite,17.52,Makassar,254000
260306C035,AHI,6 Mar 2026,Dexlite,13.79,Makassar,200000
260306C023,HCI,6 Mar 2026,Solar,11.76,Makassar,80000
260306C022,HCI,6 Mar 2026,Solar,11.76,Gowa,80000
260306C025,HCI,6 Mar 2026,Dexlite,12.45,Makassar,180500
260306C029,HCI,6 Mar 2026,Solar,4.56,Makassar,31000
260306D173,HCI,6 Mar 2026,Dexlite,5.72,Makassar,83000
260306D107,AHI,6 Mar 2026,Dexlite,6.9,Makassar,100000
260306C019,HCI,6 Mar 2026,Dexlite,8.45,Makassar,125000
260306C027,HCI,6 Mar 2026,Pertalite,10.0,Makassar,100000
260306D072,AHI,6 Mar 2026,Solar,4.41,Makassar,30000
260306D073,HCI,6 Mar 2026,Solar,7.35,Makassar,50000
260306D075,AHI,6 Mar 2026,Dexlite,6.21,Makassar,90000
260306C026,HCI,6 Mar 2026,Solar,10.29,Makassar,70000
260306C021,HCI,6 Mar 2026,Dexlite,20.69,Gowa,300000
260306C024,HCI,6 Mar 2026,Solar,17.06,Takalar,116000
260306D076,HCI,6 Mar 2026,Dexlite,3.79,Gowa,55000
260306D169,HCI,6 Mar 2026,Dexlite,6.9,Makassar,100000
260306D170,HCI,6 Mar 2026,Dexlite,5.07,Makassar,75000
260306D110,HCI,6 Mar 2026,Solar,8.09,Makassar,55000
260306C018,HCI,6 Mar 2026,Solar,14.71,Maros,100000
260306D109,HCI,6 Mar 2026,Dexlite,3.45,Makassar,50000
260306C028,HCI,6 Mar 2026,Dexlite,7.43,Gowa,110000
260306C031,HCI,6 Mar 2026,Pertalite,6.0,Makassar,60000
260306D130,AHI,6 Mar 2026,Pertalite,3.7,Makassar,37000
260306D143,AHI,6 Mar 2026,Pertalite,2.3,Makassar,23000
260306D136,FBI,6 Mar 2026,Pertalite,4.65,Makassar,46500
260306C020,HCI,6 Mar 2026,Solar,16.91,Maros,115000
260306C032,HCI,6 Mar 2026,Solar,10.29,Makassar,70000
260307C003,HCI,7 Mar 2026,Solar,11.47,Maros,78000
260307C004,HCI,7 Mar 2026,Dexlite,13.79,Makassar,200000
260307C005,HCI,7 Mar 2026,Solar,8.82,Maros,60000
260307C006,HCI,7 Mar 2026,Dexlite,9.79,Gowa,140000
260307C007,HCI,7 Mar 2026,Solar,11.03,Gowa,75000
260307C008,HCI,7 Mar 2026,Solar,10.59,Makassar,72000
260307C009,HCI,7 Mar 2026,Solar,11.76,Makassar,80000
260307C010,HCI,7 Mar 2026,Solar,5.88,Makassar,40000
260307C011,HCI,7 Mar 2026,Dexlite,4.62,Makassar,67000
260307C012,HCI,7 Mar 2026,Pertalite,9.4,Makassar,94000
260307C013,HCI,7 Mar 2026,Dexlite,11.72,Makassar,170000
260307C014,HCI,7 Mar 2026,Solar,8.68,Makassar,59000
260307C015,HCI,7 Mar 2026,Solar,11.03,Makassar,75000
260307C016,HCI,7 Mar 2026,Solar,16.18,Makassar,110000
260307C017,HCI,7 Mar 2026,Solar,9.56,Gowa,65000
260307C020,AHI,7 Mar 2026,Dexlite,13.51,Makassar,200000
260307C262,HCI,7 Mar 2026,Pertalite,10.3,Makassar,103000
260307C263,HCI,7 Mar 2026,Solar,9.56,Makassar,65000
260307C290,HCI,7 Mar 2026,Pertalite,3.1,Makassar,31000
260307D082,AHI,7 Mar 2026,Solar,4.56,Makassar,31000
260307D083,AHI,7 Mar 2026,Dexlite,6.9,Makassar,100000
260307D084,AHI,7 Mar 2026,Solar,3.82,Makassar,26000
260307D085,AHI,7 Mar 2026,Solar,3.24,Makassar,22000
260307D086,HCI,7 Mar 2026,Solar,5.15,Gowa,35000
260307D097,HCI,7 Mar 2026,Pertalite,4.8,Gowa,48000
260307D098,HCI,7 Mar 2026,Dexlite,4.73,Makassar,70000
260307D101,HCI,7 Mar 2026,Dexlite,3.1,Makassar,45000
260307D111,HCI,7 Mar 2026,Solar,4.71,Makassar,32000
260307D117,HCI,7 Mar 2026,Solar,4.41,Makassar,30000
260307D135,HCI,7 Mar 2026,Pertalite,4.6,Gowa,46000
260307D167,AHI,7 Mar 2026,Dexlite,6.89,Makassar,102000
260308C002,HCI,8 Mar 2026,Solar,16.47,Makassar,112000
260308C003,HCI,8 Mar 2026,Solar,9.26,Makassar,63000
260308C004,HCI,8 Mar 2026,Solar,10.88,Maros,74000
260308C005,HCI,8 Mar 2026,Solar,9.41,Gowa,64000
260308C006,HCI,8 Mar 2026,Solar,11.47,Gowa,78000
260308C007,HCI,8 Mar 2026,Solar,13.24,Makassar,90000
260308C008,HCI,8 Mar 2026,Solar,11.76,Takalar,80000
260308C009,HCI,8 Mar 2026,Pertalite,8.7,Makassar,87000
260308D053,HCI,8 Mar 2026,Solar,3.82,Gowa,26000
260308D051,AHI,8 Mar 2026,Solar,5.22,Makassar,35500
260308D055,AHI,8 Mar 2026,Solar,5.15,Makassar,35000
260308D054,HCI,8 Mar 2026,Solar,4.41,Makassar,30000
260308C010,HCI,8 Mar 2026,Solar,5.59,Makassar,38000
260308C014,AHI,8 Mar 2026,Solar,10.29,Makassar,70000
260308C223,HCI,8 Mar 2026,Pertalite,2.4,Makassar,24000
260308D060,HCI,8 Mar 2026,Solar,4.41,Makassar,30000
260308D058,AHI,8 Mar 2026,Solar,4.41,Gowa,30000
260308D066,AHI,8 Mar 2026,Pertalite,2.0,Makassar,20000
260308D059,AHI,8 Mar 2026,Solar,5.44,Makassar,37000
260307D168,AHI,8 Mar 2026,Solar,4.41,Makassar,30000
260308D074,HCI,8 Mar 2026,Pertalite,3.7,Makassar,37000
260308D064,HCI,8 Mar 2026,Solar,4.85,Makassar,33000
260308D062,HCI,8 Mar 2026,Solar,5.88,Makassar,40000
260309C006,HCI,9 Mar 2026,Dexlite,11.59,Makassar,168000
260309C007,HCI,9 Mar 2026,Solar,11.18,Makassar,76000
260309C008,HCI,9 Mar 2026,Dexlite,9.66,Maros,140000
260309C009,HCI,9 Mar 2026,Solar,19.85,Gowa,135000
260309C010,HCI,9 Mar 2026,Solar,15.44,Gowa,105000
260309C011,HCI,9 Mar 2026,Solar,11.76,Makassar,80000
260309C012,HCI,9 Mar 2026,Solar,6.32,Makassar,43000
260309C013,HCI,9 Mar 2026,Solar,7.35,Makassar,50000
260309C014,HCI,9 Mar 2026,Solar,3.97,Makassar,27000
260309C015,HCI,9 Mar 2026,Pertalite,13.9,Makassar,139000
260309C016,HCI,9 Mar 2026,Solar,13.53,Makassar,92000
260309C017,HCI,9 Mar 2026,Solar,14.12,Makassar,96000
260309C018,HCI,9 Mar 2026,Solar,16.18,Makassar,110000
260309C019,HCI,9 Mar 2026,Solar,5.88,Makassar,40000
260309C020,HCI,9 Mar 2026,Dexlite,16.55,Makassar,245000
260309C021,HCI,9 Mar 2026,Solar,9.71,Gowa,66000
260309C022,HCI,9 Mar 2026,Solar,8.09,Gowa,55000
260309C023,HCI,9 Mar 2026,Solar,7.65,Makassar,52000
260309C024,HCI,9 Mar 2026,Solar,32.35,Makassar,220000
260309C025,HCI,9 Mar 2026,Solar,1.47,Makassar,10000
260309C026,HCI,9 Mar 2026,Solar,10.29,Makassar,70000
260309C027,HCI,9 Mar 2026,Solar,12.94,Takalar,88000
260309C028,AHI,9 Mar 2026,Pertalite,10.0,Maros,100000
260309C029,AHI,9 Mar 2026,Solar,11.76,Gowa,80000
260309C191,HCI,9 Mar 2026,Pertalite,3.2,Makassar,32000
260309D086,HCI,9 Mar 2026,Dexlite,4.28,Makassar,258000
260309D087,HCI,9 Mar 2026,Solar,7.35,Makassar,50000
260309D088,HCI,9 Mar 2026,Solar,5.29,Makassar,36000
260309D089,AHI,9 Mar 2026,Solar,5.15,Makassar,35000
260309D090,HCI,9 Mar 2026,Solar,6.62,Makassar,45000
260309D105,HCI,9 Mar 2026,Solar,8.97,Makassar,61000
260309D106,HCI,9 Mar 2026,Solar,7.35,Makassar,50000
260309D108,AHI,9 Mar 2026,Dexlite,4.83,Makassar,70000
260309D116,HCI,9 Mar 2026,Dexlite,2.41,Makassar,35000
260309D117,FBI,9 Mar 2026,Pertalite,5.0,Makassar,50000
260309D120,AHI,9 Mar 2026,Solar,3.24,Makassar,22000
260309D125,HCI,9 Mar 2026,Pertalite,2.6,Makassar,26000
260309D167,FBI,10 Mar 2026,Pertalite,4.4,Makassar,44000
260310C016,HCI,10 Mar 2026,Solar,11.76,Maros,80000
260310C017,HCI,10 Mar 2026,Solar,10.29,Makassar,70000
260310C018,HCI,10 Mar 2026,Solar,13.24,Maros,90000
260310C019,HCI,10 Mar 2026,Solar,13.24,Gowa,90000
260310C020,HCI,10 Mar 2026,Solar,10.0,Gowa,68000
260310C021,HCI,10 Mar 2026,Solar,5.88,Makassar,40000
260310C022,HCI,10 Mar 2026,Solar,11.47,Takalar,78000
260310C023,HCI,10 Mar 2026,Solar,8.24,Makassar,56000
260310C024,HCI,10 Mar 2026,Solar,8.68,Makassar,59000
260310C025,HCI,10 Mar 2026,Pertalite,7.5,Makassar,75000
260310C026,HCI,10 Mar 2026,Solar,3.38,Makassar,23000
260310C029,HCI,10 Mar 2026,Solar,7.35,Makassar,50000
260310C030,HCI,10 Mar 2026,Solar,9.56,Makassar,65000
260310C032,HCI,10 Mar 2026,Solar,3.09,Makassar,21000
260310C033,HCI,10 Mar 2026,Solar,17.65,Makassar,120000
260310C034,HCI,10 Mar 2026,Solar,14.71,Makassar,100000
260310C035,HCI,10 Mar 2026,Solar,9.56,Makassar,65000
260310C036,HCI,10 Mar 2026,Solar,9.56,Makassar,65000
260310C037,HCI,10 Mar 2026,Solar,10.59,Gowa,72000
260310C038,AHI,10 Mar 2026,Solar,14.71,Maros,100000
260310C039,AHI,10 Mar 2026,Pertalite,10.6,Gowa,106000
260310C185,HCI,10 Mar 2026,Solar,9.71,Makassar,66000
260310D069,HCI,10 Mar 2026,Solar,7.94,Makassar,54000
260310D070,HCI,10 Mar 2026,Solar,4.41,Makassar,30000
260310D071,HCI,10 Mar 2026,Solar,2.94,Makassar,20000
260310D072,HCI,10 Mar 2026,Solar,7.36,Makassar,50000
260310D073,HCI,10 Mar 2026,Solar,5.44,Gowa,37000
260310D087,AHI,10 Mar 2026,Pertalite,4.0,Makassar,40000
260310D088,AHI,10 Mar 2026,Solar,5.15,Makassar,35000
260310D145,AHI,10 Mar 2026,Solar,3.68,Makassar,25000
260311C003,HCI,11 Mar 2026,Solar,8.53,Makassar,58000
260311C004,HCI,11 Mar 2026,Solar,16.91,Makassar,115000
260311C005,HCI,11 Mar 2026,Solar,12.5,Maros,85000
260311C006,HCI,11 Mar 2026,Solar,18.82,Gowa,128000
260311C007,HCI,11 Mar 2026,Solar,12.5,Gowa,85000
260311C008,HCI,11 Mar 2026,Solar,8.82,Makassar,60000
260311C009,HCI,11 Mar 2026,Solar,11.03,Takalar,75000
260311C010,HCI,11 Mar 2026,Solar,5.0,Makassar,34000
260311C011,HCI,11 Mar 2026,Solar,12.5,Makassar,85000
260311C012,HCI,11 Mar 2026,Pertalite,8.8,Makassar,88000
260311C013,HCI,11 Mar 2026,Solar,27.94,Makassar,190000
260311C014,HCI,11 Mar 2026,Solar,11.76,Makassar,80000
260311C015,HCI,11 Mar 2026,Solar,3.68,Makassar,25000
260311C016,HCI,11 Mar 2026,Solar,3.68,Makassar,25000
260311C017,HCI,11 Mar 2026,Solar,14.71,Makassar,100000
260311C018,HCI,11 Mar 2026,Solar,6.18,Makassar,42000
260311C019,HCI,11 Mar 2026,Solar,8.82,Makassar,60000
260311C020,HCI,11 Mar 2026,Solar,8.82,Makassar,60000
260311C021,HCI,11 Mar 2026,Solar,24.71,Gowa,168000
260311C022,HCI,11 Mar 2026,Solar,11.03,Gowa,75000
260311C023,HCI,11 Mar 2026,Solar,22.06,Makassar,150000
260311C024,HCI,11 Mar 2026,Solar,5.15,Makassar,35000
260311C025,HCI,11 Mar 2026,Solar,4.41,Makassar,30000
260311C028,AHI,11 Mar 2026,Pertalite,9.3,Makassar,93000
260311C029,AHI,11 Mar 2026,Solar,11.76,Gowa,80000
260311D042,HCI,11 Mar 2026,Solar,2.94,Makassar,20000
260311D043,AHI,11 Mar 2026,Pertalite,2.8,Makassar,28000
260311D045,AHI,11 Mar 2026,Solar,4.41,Makassar,30000
260311D046,AHI,11 Mar 2026,Solar,2.94,Gowa,20000
260311D059,HCI,11 Mar 2026,Solar,3.53,Makassar,24000
260311D152,AHI,11 Mar 2026,Pertalite,4.6,Makassar,46000
260311D155,HCI,11 Mar 2026,Pertalite,6.7,Makassar,67000
260312C017,HCI,12 Mar 2026,Solar,20.15,Maros,137000
260312C018,HCI,12 Mar 2026,Solar,12.28,Makassar,83500
260312C019,HCI,12 Mar 2026,Solar,10.29,Maros,70000
260312C020,HCI,12 Mar 2026,Solar,11.32,Gowa,77000
260312C021,HCI,12 Mar 2026,Dexlite,18.62,Gowa,270000
260312C022,HCI,12 Mar 2026,Solar,7.35,Makassar,50000
260312C023,HCI,12 Mar 2026,Solar,8.82,Takalar,60000
260312C024,HCI,12 Mar 2026,Solar,6.91,Makassar,47000
260312C025,HCI,12 Mar 2026,Dexlite,9.31,Makassar,135000
260312C026,HCI,12 Mar 2026,Pertalite,8.8,Makassar,88000
260312C027,HCI,12 Mar 2026,Dexlite,6.0,Makassar,87000
260312C028,HCI,12 Mar 2026,Dexlite,8.28,Makassar,120000
260312C029,HCI,12 Mar 2026,Solar,6.03,Makassar,41000
260312C030,HCI,12 Mar 2026,Solar,20.59,Takalar,140000
260312C031,HCI,12 Mar 2026,Solar,17.65,Makassar,120000
260312C032,HCI,12 Mar 2026,Solar,14.85,Makassar,101000
260312D083,HCI,12 Mar 2026,Solar,11.03,Gowa,75000
260312D079,HCI,12 Mar 2026,Solar,2.94,Makassar,20000
260312D080,AHI,12 Mar 2026,Solar,6.32,Makassar,43000
260312C033,HCI,12 Mar 2026,Solar,15.44,Makassar,105000
260312D094,AHI,12 Mar 2026,Dexlite,6.76,Makassar,100000
260312D116,FBI,12 Mar 2026,Pertalite,3.15,Makassar,31500
260312D178,AHI,12 Mar 2026,Solar,7.35,Makassar,50000
260312D180,AHI,12 Mar 2026,Pertalite,4.3,Makassar,43000
260312D138,HCI,12 Mar 2026,Pertalite,3.0,Makassar,30000
260312C034,AHI,12 Mar 2026,Dexlite,12.97,Maros,188000
260312D082,HCI,12 Mar 2026,Dexlite,3.45,Makassar,50000
260312D081,HCI,12 Mar 2026,Dexlite,5.52,Makassar,80000
260313C007,HCI,13 Mar 2026,Solar,22.21,Maros,151000
260313C008,HCI,13 Mar 2026,Dexlite,10.34,Makassar,150000
260313C009,HCI,13 Mar 2026,Solar,14.71,Maros,100000
260313C010,HCI,13 Mar 2026,Solar,11.76,Gowa,80000
260313C011,HCI,13 Mar 2026,Dexlite,15.52,Gowa,225000
260313C012,HCI,13 Mar 2026,Solar,8.09,Makassar,55000
260313C013,HCI,13 Mar 2026,Solar,9.56,Takalar,65000
260313C014,HCI,13 Mar 2026,Solar,5.88,Makassar,40000
260313C015,HCI,13 Mar 2026,Solar,3.97,Makassar,27000
260313C016,HCI,13 Mar 2026,Pertalite,12.0,Makassar,120000
260313C017,HCI,13 Mar 2026,Dexlite,20.83,Makassar,302000
260313C018,HCI,13 Mar 2026,Solar,13.97,Maros,95000
260313C019,HCI,13 Mar 2026,Solar,13.24,Makassar,90000
260313C020,HCI,13 Mar 2026,Solar,14.71,Makassar,100000
260313C021,HCI,13 Mar 2026,Solar,6.76,Makassar,46000
260313C022,HCI,13 Mar 2026,Solar,10.29,Makassar,70000
260313C023,HCI,13 Mar 2026,Solar,4.71,Makassar,32000
260313C024,HCI,13 Mar 2026,Solar,17.65,Makassar,120000
260313C025,HCI,13 Mar 2026,Solar,7.35,Makassar,50000
260313C026,HCI,13 Mar 2026,Solar,13.24,Makassar,90000
260313C027,AHI,13 Mar 2026,Pertalite,11.4,Makassar,114000
260313C028,AHI,13 Mar 2026,Solar,9.56,Gowa,65000
260313D072,HCI,13 Mar 2026,Solar,7.28,Makassar,49500
260313D073,HCI,13 Mar 2026,Solar,8.68,Makassar,59000
260313D074,AHI,13 Mar 2026,Solar,2.94,Makassar,20000
260313D075,HCI,13 Mar 2026,Pertalite,3.0,Gowa,30000
260313D083,HCI,13 Mar 2026,Solar,7.35,Gowa,50000
260313D084,AHI,13 Mar 2026,Solar,4.26,Makassar,29000
260313D090,HCI,13 Mar 2026,Solar,2.21,Makassar,15000
260313D092,HCI,13 Mar 2026,Solar,3.68,Makassar,25000
260313D093,HCI,13 Mar 2026,Solar,2.06,Makassar,14000
260313D183,HCI,13 Mar 2026,Solar,11.03,Makassar,75000
260313D186,FBI,13 Mar 2026,Pertalite,5.8,Makassar,58000
260314D141,AHI,14 Mar 2026,Solar,5.88,Makassar,40000
260314C020,HCI,14 Mar 2026,Solar,8.82,Makassar,60000
260314C007,HCI,14 Mar 2026,Solar,15.15,Makassar,103000
260313D182,HCI,14 Mar 2026,Dexlite,7.65,Makassar,104000
260314D142,HCI,14 Mar 2026,Solar,10.0,Makassar,68000
260314C010,HCI,14 Mar 2026,Solar,8.09,Gowa,55000
260314C019,HCI,14 Mar 2026,Solar,13.97,Gowa,95000
260314D057,HCI,14 Mar 2026,Solar,8.82,Makassar,60000
260314D058,HCI,14 Mar 2026,Solar,5.29,Makassar,36000
260314C013,HCI,14 Mar 2026,Solar,15.59,Makassar,106000
260314C016,HCI,14 Mar 2026,Dexlite,15.54,Gowa,230000
260314C015,HCI,14 Mar 2026,Pertalite,12.0,Makassar,120000
260314C021,HCI,14 Mar 2026,Pertalite,8.95,Makassar,89500
260314C014,HCI,14 Mar 2026,Solar,5.88,Makassar,40000
260314C024,AHI,14 Mar 2026,Solar,12.79,Makassar,87000
260314C008,HCI,14 Mar 2026,Solar,8.38,Maros,57000
260314C012,HCI,14 Mar 2026,Solar,14.71,Makassar,100000
260314D061,HCI,14 Mar 2026,Solar,4.41,Makassar,30000
260314D059,AHI,14 Mar 2026,Solar,8.82,Gowa,60000
260314C011,HCI,14 Mar 2026,Solar,10.29,Makassar,70000
260314C006,HCI,14 Mar 2026,Solar,17.65,Maros,120000
260314C017,HCI,14 Mar 2026,Solar,16.18,Pangkep,110000
260314D087,AHI,14 Mar 2026,Pertalite,6.3,Makassar,63000
260314D071,AHI,14 Mar 2026,Pertalite,6.95,Makassar,69500
260314D138,HCI,14 Mar 2026,Pertalite,1.4,Makassar,14000
260314C018,HCI,14 Mar 2026,Solar,17.94,Maros,122000
260314C009,HCI,14 Mar 2026,Solar,18.38,Gowa,125000
260315C010,HCI,15 Mar 2026,Solar,15.74,Maros,107000
260315C011,HCI,15 Mar 2026,Solar,13.24,Makassar,90000
260315C012,HCI,15 Mar 2026,Solar,13.38,Makassar,91000
260315C013,HCI,15 Mar 2026,Solar,11.76,Gowa,80000
260315C014,HCI,15 Mar 2026,Solar,10.15,Gowa,69000
260315C015,HCI,15 Mar 2026,Solar,5.44,Makassar,37000
260315C016,HCI,15 Mar 2026,Solar,10.88,Makassar,74000
260315C017,HCI,15 Mar 2026,Solar,10.88,Makassar,74000
260315C018,HCI,15 Mar 2026,Solar,14.71,Makassar,100000
260315C019,HCI,15 Mar 2026,Pertalite,11.0,Gowa,110000
260315C020,HCI,15 Mar 2026,Solar,14.71,Makassar,100000
260315C021,HCI,15 Mar 2026,Solar,8.97,Makassar,61000
260315C022,HCI,15 Mar 2026,Solar,2.94,Makassar,20000
260315C023,HCI,15 Mar 2026,Pertalite,7.25,Makassar,72500
260315C024,AHI,15 Mar 2026,Solar,8.82,Makassar,60000
260315D022,AHI,15 Mar 2026,Solar,3.24,Makassar,22000
260315D023,AHI,15 Mar 2026,Solar,3.38,Makassar,23000
260315D024,HCI,15 Mar 2026,Solar,6.62,Gowa,45000
260315D025,AHI,15 Mar 2026,Solar,3.97,Makassar,27000
260315D026,AHI,15 Mar 2026,Solar,7.35,Makassar,50000
260315D029,AHI,15 Mar 2026,Pertalite,10.3,Gowa,103000
260315D032,HCI,15 Mar 2026,Solar,3.24,Makassar,22000
260315D033,AHI,15 Mar 2026,Pertalite,2.7,Makassar,27000
260315D041,HCI,15 Mar 2026,Solar,5.88,Makassar,40000
260315D043,HCI,15 Mar 2026,Solar,3.68,Makassar,25000
260316C003,HCI,16 Mar 2026,Dexlite,13.79,Maros,200000
260316C004,HCI,16 Mar 2026,Solar,16.18,Makassar,110000
260316C005,HCI,16 Mar 2026,Solar,11.18,Maros,76000
260316C006,HCI,16 Mar 2026,Solar,16.03,Gowa,109000
260316C007,HCI,16 Mar 2026,Solar,16.91,Gowa,115000
260316C008,HCI,16 Mar 2026,Solar,8.24,Makassar,56000
260316C009,HCI,16 Mar 2026,Solar,13.53,Takalar,92000
260316C010,HCI,16 Mar 2026,Solar,7.65,Makassar,52000
260316C011,HCI,16 Mar 2026,Solar,14.71,Makassar,100000
260316C013,HCI,16 Mar 2026,Dexlite,17.36,Makassar,257000
260316C014,HCI,16 Mar 2026,Solar,20.15,Makassar,137000
260316C015,HCI,16 Mar 2026,Solar,12.5,Makassar,85000
260316C016,HCI,16 Mar 2026,Solar,8.82,Makassar,60000
260316C017,HCI,16 Mar 2026,Solar,5.44,Makassar,37000
260316C018,HCI,16 Mar 2026,Solar,7.21,Makassar,49000
260316C019,HCI,16 Mar 2026,Pertalite,3.9,Gowa,39000
260316C020,HCI,16 Mar 2026,Solar,14.71,Gowa,100000
260316C022,HCI,16 Mar 2026,Solar,11.32,Gowa,77000
260316C023,HCI,16 Mar 2026,Solar,10.29,Gowa,70000
260316C025,AHI,16 Mar 2026,Solar,25.0,Makassar,170000
260316C196,HCI,16 Mar 2026,,,Takalar,
260316C197,HCI,16 Mar 2026,Solar,11.76,Makassar,80000
260316C198,HCI,16 Mar 2026,Pertalite,3.4,Makassar,34000
260316C199,HCI,16 Mar 2026,Pertalite,3.7,Makassar,37000
260316C201,HCI,16 Mar 2026,Pertalite,2.5,Makassar,25000
260316C218,HCI,16 Mar 2026,Solar,6.91,Makassar,47000
260316C263,HCI,16 Mar 2026,Dexlite,4.48,Makassar,65000
260316C370,HCI,16 Mar 2026,Pertalite,2.3,Makassar,23000
260316D141,HCI,16 Mar 2026,Solar,4.12,Makassar,28000
260316D142,HCI,16 Mar 2026,Solar,5.88,Gowa,40000
260316D143,HCI,16 Mar 2026,Solar,4.41,Makassar,30000
260316D144,HCI,16 Mar 2026,Solar,5.15,Makassar,35000
260316D145,HCI,16 Mar 2026,Solar,6.18,Makassar,42000
260316D154,AHI,16 Mar 2026,Solar,4.41,Makassar,30000
260316D155,AHI,16 Mar 2026,Solar,15.59,Makassar,106000
260316D156,HCI,16 Mar 2026,Solar,4.26,Makassar,29000
260316D164,HCI,16 Mar 2026,Solar,6.62,Makassar,45000
260316D172,FBI,16 Mar 2026,Pertalite,5.65,Makassar,56500
260317C179,AHI,17 Mar 2026,Solar,16.18,Makassar,110000
260317C157,HCI,17 Mar 2026,Solar,13.97,Makassar,95000
260317C158,HCI,17 Mar 2026,Solar,10.29,Maros,70000
260317C159,HCI,17 Mar 2026,Dexlite,12.14,Makassar,176000
260317C161,HCI,17 Mar 2026,Dexlite,16.34,Gowa,237000
260317C163,HCI,17 Mar 2026,Solar,10.29,Gowa,70000
260317C164,HCI,17 Mar 2026,Solar,10.29,Makassar,70000
260317C165,HCI,17 Mar 2026,Solar,17.65,Makassar,120000
260317C166,HCI,17 Mar 2026,Pertalite,17.3,Takalar,173000
260317C167,HCI,17 Mar 2026,Solar,10.29,Maros,70000
260317C168,HCI,17 Mar 2026,Solar,12.5,Makassar,85000
260317C169,HCI,17 Mar 2026,Solar,17.35,Makassar,118000
260317C170,HCI,17 Mar 2026,Solar,16.18,Gowa,110000
260317C171,HCI,17 Mar 2026,Solar,5.29,Gowa,36000
260317C172,HCI,17 Mar 2026,Solar,14.71,Takalar,100000
260317C173,HCI,17 Mar 2026,Solar,9.71,Gowa,66000
260317C174,HCI,17 Mar 2026,Solar,13.38,Makassar,91000
260317C175,HCI,17 Mar 2026,Solar,11.03,Gowa,75000
260317C176,HCI,17 Mar 2026,,,Makassar,0
260317D070,HCI,17 Mar 2026,Solar,3.68,Makassar,25000
260317D074,HCI,17 Mar 2026,Solar,8.82,Makassar,60000
260317D072,HCI,17 Mar 2026,Solar,7.65,Makassar,52000
260317D073,HCI,17 Mar 2026,Solar,3.68,Makassar,25000
260317C177,HCI,17 Mar 2026,Solar,3.68,Gowa,25000
260317C178,HCI,17 Mar 2026,Pertalite,9.5,Makassar,95000
260317D117,HCI,17 Mar 2026,Solar,5.15,Makassar,35000
260317D088,AHI,17 Mar 2026,Pertalite,3.8,Makassar,38000
260317D091,AHI,17 Mar 2026,Solar,4.12,Makassar,28000
260317D103,FBI,17 Mar 2026,Pertalite,5.0,Makassar,50000
260317D136,HCI,17 Mar 2026,Solar,4.41,Makassar,30000
260317D132,HCI,17 Mar 2026,Solar,4.12,Makassar,28000
260317D111,AHI,17 Mar 2026,Solar,6.32,Makassar,43000
260318C003,HCI,18 Mar 2026,Solar,14.56,Maros,99000
260318C004,HCI,18 Mar 2026,Solar,14.12,Makassar,96000
260318C005,HCI,18 Mar 2026,Solar,15.15,Maros,103000
260318C006,HCI,18 Mar 2026,Dexlite,19.32,Gowa,286000
260318C007,HCI,18 Mar 2026,Solar,19.71,Gowa,134000
260318C008,HCI,18 Mar 2026,Dexlite,10.34,Makassar,150000
260318C009,HCI,18 Mar 2026,Solar,9.56,Makassar,65000
260318C010,HCI,18 Mar 2026,Solar,13.24,Makassar,90000
260318C011,HCI,18 Mar 2026,Dexlite,5.41,Makassar,80000
260318C012,HCI,18 Mar 2026,Pertalite,13.3,Makassar,133000
260318C013,HCI,18 Mar 2026,Solar,8.53,Makassar,58000
260318C014,HCI,18 Mar 2026,Solar,7.5,Makassar,51000
260318C015,HCI,18 Mar 2026,Dexlite,21.17,Makassar,307000
260318C016,HCI,18 Mar 2026,Solar,5.88,Makassar,40000
260318C017,HCI,18 Mar 2026,Dexlite,18.97,Makassar,275000
260318C018,HCI,18 Mar 2026,Solar,5.0,Makassar,34000
260318C019,HCI,18 Mar 2026,Dexlite,8.93,Makassar,125000
260318C020,HCI,18 Mar 2026,Solar,8.24,Makassar,56000
260318C021,HCI,18 Mar 2026,Dexlite,8.11,Gowa,120000
260318C022,HCI,18 Mar 2026,Solar,11.76,Takalar,80000
260318C153,HCI,18 Mar 2026,Solar,12.21,Makassar,83000
260318D055,AHI,18 Mar 2026,Solar,3.68,Makassar,25000
260318D056,HCI,18 Mar 2026,Solar,3.68,Makassar,25000
260318D057,AHI,18 Mar 2026,Dexlite,3.45,Makassar,50000
260318D058,HCI,18 Mar 2026,Dexlite,1.28,Makassar,19000
260318D059,AHI,18 Mar 2026,Solar,4.41,Gowa,30000
260318C311,HCI,18 Mar 2026,Solar,13.53,Makassar,92000
260318D082,AHI,18 Mar 2026,Solar,3.24,Makassar,22000
260318D101,FBI,18 Mar 2026,Pertalite,4.7,Makassar,47000
260318D077,HCI,18 Mar 2026,Dexlite,6.76,Makassar,100000
260318C151,AHI,18 Mar 2026,Solar,7.79,Maros,53000
260318C152,AHI,18 Mar 2026,Pertalite,10.4,Gowa,104000
260319C003,HCI,19 Mar 2026,Solar,14.71,Maros,100000
260319C004,HCI,19 Mar 2026,Solar,13.53,Maros,92000
260319C005,HCI,19 Mar 2026,Solar,8.82,Makassar,60000
260319C006,HCI,19 Mar 2026,Solar,8.53,Gowa,58000
260319C007,HCI,19 Mar 2026,Solar,8.38,Gowa,57000
260319C008,HCI,19 Mar 2026,Solar,7.06,Makassar,48000
260319C009,HCI,19 Mar 2026,Solar,18.09,Makassar,123000
260319C010,HCI,19 Mar 2026,Solar,14.71,Makassar,100000
260319C011,HCI,19 Mar 2026,Solar,12.5,Makassar,85000
260319C012,HCI,19 Mar 2026,Solar,12.5,Makassar,85000
260319C013,HCI,19 Mar 2026,Pertalite,2.6,Makassar,26000
260319C014,HCI,19 Mar 2026,Pertalite,10.9,Makassar,109000
260319C027,AHI,19 Mar 2026,Solar,11.47,Makassar,78000
260319C272,HCI,19 Mar 2026,Pertalite,5.2,Makassar,52000
260319C273,HCI,19 Mar 2026,Solar,17.06,Makassar,116000
260319C311,HCI,19 Mar 2026,Solar,3.68,Makassar,25000
260319D101,HCI,19 Mar 2026,Solar,10.0,Gowa,68000
260319D102,HCI,19 Mar 2026,Solar,4.41,Makassar,30000
260319D103,HCI,19 Mar 2026,Solar,3.68,Makassar,25000
260319D104,HCI,19 Mar 2026,Solar,6.76,Makassar,46000
260319D105,HCI,19 Mar 2026,Solar,4.56,Makassar,31000
260319D128,AHI,19 Mar 2026,Solar,3.68,Makassar,25000
260319D129,AHI,19 Mar 2026,Solar,6.18,Makassar,42000
260319D133,FBI,19 Mar 2026,Pertalite,6.7,Makassar,67000
260319D140,AHI,19 Mar 2026,Solar,5.88,Makassar,40000
260320C006,HCI,20 Mar 2026,Solar,9.56,Gowa,65000
260320D141,HCI,20 Mar 2026,Solar,3.97,Makassar,27000
260320D063,HCI,20 Mar 2026,Solar,4.85,Makassar,33000
260320C008,HCI,20 Mar 2026,Solar,8.09,Makassar,55000
260320D119,AHI,20 Mar 2026,Solar,4.41,Gowa,30000
260320C004,HCI,20 Mar 2026,Solar,11.03,Maros,75000
260320D120,HCI,20 Mar 2026,Solar,4.41,Makassar,30000
260320D064,AHI,20 Mar 2026,Solar,3.97,Makassar,27000
260320C124,HCI,20 Mar 2026,Pertalite,4.3,Makassar,43000
260320D126,HCI,20 Mar 2026,Solar,3.68,Makassar,25000
260320D157,HCI,20 Mar 2026,Solar,6.62,Makassar,45000
260320C223,HCI,20 Mar 2026,Solar,2.94,Makassar,20000
260320D124,AHI,20 Mar 2026,Solar,4.41,Makassar,30000
260320D066,HCI,20 Mar 2026,Solar,7.5,Gowa,51000
260320C007,HCI,20 Mar 2026,Solar,16.18,Gowa,110000
260320D118,AHI,20 Mar 2026,Solar,5.0,Makassar,34000
260320C059,AHI,20 Mar 2026,Solar,6.62,Makassar,45000
260320C005,HCI,20 Mar 2026,Solar,8.09,Makassar,55000
260320C033,HCI,20 Mar 2026,Solar,19.85,Gowa,135000
260320C132,HCI,20 Mar 2026,Pertalite,7.8,Makassar,78000
260320D158,AHI,20 Mar 2026,Pertalite,2.0,Makassar,20000
260320D140,HCI,20 Mar 2026,Pertalite,3.7,Makassar,37000
260320D062,HCI,20 Mar 2026,Solar,3.68,Makassar,25000
260323D048,HCI,23 Mar 2026,Solar,2.94,Makassar,20000
260323C012,HCI,23 Mar 2026,Solar,18.97,Maros,129000
260323D047,HCI,23 Mar 2026,Solar,4.41,Makassar,30000
260323C011,HCI,23 Mar 2026,Solar,11.62,Makassar,79000
260323D044,HCI,23 Mar 2026,Solar,6.91,Makassar,47000
260323C010,HCI,23 Mar 2026,Solar,13.24,Gowa,90000
260323C009,HCI,23 Mar 2026,Solar,11.76,Gowa,80000
260323C179,HCI,23 Mar 2026,Pertalite,11.3,Makassar,113000
260323C013,HCI,23 Mar 2026,Solar,6.18,Makassar,42000
260323D045,HCI,23 Mar 2026,Solar,4.41,Makassar,30000
260323C008,HCI,23 Mar 2026,Solar,15.0,Makassar,102000
260323C020,AHI,23 Mar 2026,Solar,10.81,Makassar,73500
260323C006,HCI,23 Mar 2026,Solar,15.44,Maros,105000
260323C007,HCI,23 Mar 2026,Solar,13.97,Makassar,95000
260324C074,AHI,24 Mar 2026,Solar,13.82,Makassar,94000
260324C004,HCI,24 Mar 2026,Solar,10.88,Maros,74000
260324C005,HCI,24 Mar 2026,Solar,10.0,Maros,68000
260324C006,HCI,24 Mar 2026,Solar,14.71,Gowa,100000
260324C007,HCI,24 Mar 2026,Solar,10.59,Gowa,72000
260324C008,HCI,24 Mar 2026,Solar,12.06,Makassar,82000
260324C009,HCI,24 Mar 2026,Solar,11.91,Gowa,81000
260324C011,HCI,24 Mar 2026,Pertalite,10.9,Makassar,109000
260324C012,HCI,24 Mar 2026,Solar,7.65,Makassar,52000
260324D032,HCI,24 Mar 2026,Solar,5.29,Makassar,36000
260324D034,HCI,24 Mar 2026,Solar,4.85,Makassar,33000
260324D035,HCI,24 Mar 2026,Solar,3.24,Makassar,22000
260324D036,HCI,24 Mar 2026,Solar,2.94,Makassar,20000
260324C014,HCI,24 Mar 2026,Solar,11.76,Makassar,80000
260324D080,AHI,24 Mar 2026,Solar,8.53,Makassar,58000
260324D079,AHI,24 Mar 2026,Solar,7.65,Makassar,52000
260324D081,AHI,24 Mar 2026,Solar,4.85,Makassar,33000
260324C016,HCI,24 Mar 2026,Solar,6.18,Makassar,42000
260324C015,HCI,24 Mar 2026,Pertalite,19.6,Makassar,196000
260325C018,HCI,25 Mar 2026,Solar,13.53,Makassar,92000
260325C023,HCI,25 Mar 2026,Solar,9.56,Makassar,65000
260325C025,AHI,25 Mar 2026,Solar,13.24,Makassar,90000
260325C013,HCI,25 Mar 2026,Solar,16.03,Gowa,109000
260325D038,HCI,25 Mar 2026,Solar,8.68,Makassar,59000
260325C017,HCI,25 Mar 2026,Solar,8.53,Makassar,58000
260325D035,AHI,25 Mar 2026,Solar,4.41,Makassar,30000
260325D037,HCI,25 Mar 2026,Solar,8.82,Gowa,60000
260325C014,HCI,25 Mar 2026,Solar,12.35,Gowa,84000
260325C019,HCI,25 Mar 2026,Pertalite,9.0,Makassar,90000
260325C011,HCI,25 Mar 2026,Solar,13.38,Makassar,91000
260325C015,HCI,25 Mar 2026,Solar,12.79,Makassar,87000
260325C026,AHI,25 Mar 2026,Solar,13.97,Makassar,95000
260325C016,HCI,25 Mar 2026,Solar,12.5,Maros,85000
260325C012,HCI,25 Mar 2026,Solar,14.71,Makassar,100000
260325D073,FBI,25 Mar 2026,Pertalite,4.6,Makassar,46000
260325C021,HCI,25 Mar 2026,Pertalite,4.6,Maros,46000
260325C020,HCI,25 Mar 2026,Pertalite,7.0,Makassar,70000
260325C010,HCI,25 Mar 2026,Solar,12.94,Maros,88000
260326C127,HCI,26 Mar 2026,Solar,12.94,Gowa,88000
260326C139,AHI,26 Mar 2026,Solar,9.56,Makassar,65000
260326C125,HCI,26 Mar 2026,Solar,17.94,Makassar,122000
260326C131,HCI,26 Mar 2026,Solar,6.91,Makassar,47000
260326D041,AHI,26 Mar 2026,Solar,7.5,Gowa,51000
260326C133,HCI,26 Mar 2026,Solar,13.97,Makassar,95000
260326C126,HCI,26 Mar 2026,Solar,12.21,Makassar,83000
260326C129,HCI,26 Mar 2026,Pertalite,8.2,Makassar,82000
260326D120,HCI,26 Mar 2026,Dexlite,3.45,Makassar,51000
260326C128,HCI,26 Mar 2026,Solar,7.35,Gowa,50000
260326D043,HCI,26 Mar 2026,Solar,7.65,Makassar,52000
260326C135,HCI,26 Mar 2026,Solar,5.15,Makassar,35000
260326D040,HCI,26 Mar 2026,Solar,3.68,Makassar,25000
260326C124,HCI,26 Mar 2026,Solar,11.03,Maros,75000
260326C132,HCI,26 Mar 2026,Solar,8.82,Makassar,60000
260326C134,HCI,26 Mar 2026,Pertalite,8.2,Makassar,82000
260326D089,FBI,26 Mar 2026,Pertalite,3.6,Makassar,36000
260326D105,AHI,26 Mar 2026,Pertalite,1.3,Makassar,13000
260326C130,HCI,26 Mar 2026,Solar,8.82,Makassar,60000
260327D051,HCI,27 Mar 2026,Solar,2.94,Makassar,20000
260327D050,HCI,27 Mar 2026,Solar,9.56,Makassar,65000
260327C010,HCI,27 Mar 2026,Solar,13.09,Gowa,89000
260327C011,HCI,27 Mar 2026,Solar,13.09,Takalar,89000
260327C014,HCI,27 Mar 2026,,,Gowa,0
260327D101,AHI,27 Mar 2026,Solar,3.68,Makassar,25000
260327D049,AHI,27 Mar 2026,,,Makassar,
260327D048,AHI,27 Mar 2026,Solar,4.85,Makassar,33000
260327C012,HCI,27 Mar 2026,Pertalite,10.9,Makassar,109000
260327D088,AHI,27 Mar 2026,Solar,5.88,Gowa,40000
260327C013,HCI,27 Mar 2026,Solar,10.44,Makassar,71000
260327D099,AHI,27 Mar 2026,Solar,2.79,Makassar,19000
260327C022,AHI,27 Mar 2026,Dexlite,9.46,Gowa,140000
260327D084,HCI,27 Mar 2026,Solar,8.75,Gowa,59500
260327D096,AHI,27 Mar 2026,Solar,5.88,Makassar,40000
260327C021,AHI,27 Mar 2026,Solar,11.76,Maros,80000
260327C007,HCI,27 Mar 2026,Solar,21.62,Makassar,147000
260327C008,HCI,27 Mar 2026,Solar,11.76,Maros,80000
260327C015,HCI,27 Mar 2026,Pertalite,2.6,Makassar,26000
260327C016,HCI,27 Mar 2026,Pertalite,6.2,Makassar,62000
260327D052,HCI,27 Mar 2026,Pertalite,4.1,Gowa,41000
260327D100,AHI,27 Mar 2026,Pertalite,2.65,Makassar,26500
260327D102,FBI,27 Mar 2026,Pertalite,3.65,Makassar,36500
260327C009,HCI,27 Mar 2026,Solar,11.84,Makassar,80500
260327C006,HCI,27 Mar 2026,Solar,11.03,Maros,75000
260328C013,HCI,28 Mar 2026,Solar,10.29,Makassar,70000
260328C017,HCI,28 Mar 2026,Solar,10.59,Makassar,72000
260328C008,HCI,28 Mar 2026,Solar,12.06,Makassar,82000
260328D053,AHI,28 Mar 2026,Solar,10.88,Gowa,74000
260328C022,AHI,28 Mar 2026,Solar,11.62,Makassar,79000
260328D118,AHI,28 Mar 2026,Solar,11.03,Makassar,75000
260326D115,AHI,28 Mar 2026,Solar,8.82,Makassar,60000
260328C012,HCI,28 Mar 2026,Pertalite,12.3,Makassar,123000
260328C018,HCI,28 Mar 2026,Pertalite,4.4,Makassar,44000
260328D052,AHI,28 Mar 2026,Solar,4.56,Makassar,31000
260328D067,AHI,28 Mar 2026,Solar,7.35,Makassar,50000
260328C010,HCI,28 Mar 2026,Solar,15.44,Gowa,105000
260328C011,HCI,28 Mar 2026,Solar,14.71,Gowa,100000
260328D051,HCI,28 Mar 2026,Solar,7.35,Makassar,50000
260328D068,HCI,28 Mar 2026,Solar,13.24,Makassar,90000
260328C009,HCI,28 Mar 2026,Solar,11.03,Makassar,75000
260328D050,HCI,28 Mar 2026,Solar,5.88,Makassar,40000
260327D125,HCI,28 Mar 2026,Pertalite,2.8,Makassar,28000
260328C019,HCI,28 Mar 2026,Pertalite,3.0,Makassar,30000
260328D049,AHI,28 Mar 2026,Pertalite,2.6,Makassar,26000
260328C023,AHI,28 Mar 2026,Solar,16.18,Makassar,110000
260328C007,HCI,28 Mar 2026,Solar,15.74,Maros,107000
260329C058,HCI,29 Mar 2026,Solar,10.74,Maros,73000
260329C059,HCI,29 Mar 2026,Solar,14.49,Makassar,98500
260329C060,HCI,29 Mar 2026,Solar,11.03,Makassar,75000
260329C061,HCI,29 Mar 2026,Solar,11.76,Gowa,80000
260329C062,HCI,29 Mar 2026,Solar,16.91,Gowa,115000
260329C063,HCI,29 Mar 2026,Pertalite,7.9,Makassar,79000
260329C065,HCI,29 Mar 2026,Solar,13.24,Makassar,90000
260329D027,AHI,29 Mar 2026,Solar,6.03,Gowa,41000
260329D031,AHI,29 Mar 2026,Solar,3.68,Makassar,25000
260329D029,HCI,29 Mar 2026,Solar,5.37,Makassar,36500
260329D028,HCI,29 Mar 2026,Solar,2.94,Makassar,20000
260329D030,AHI,29 Mar 2026,Solar,3.53,Makassar,24000
260329C066,HCI,29 Mar 2026,Solar,14.71,Makassar,100000
260329C067,HCI,29 Mar 2026,Pertalite,4.1,Makassar,41000
260329C068,HCI,29 Mar 2026,Pertalite,4.45,Makassar,44500
260328D093,AHI,29 Mar 2026,,,Makassar,
260329D053,AHI,29 Mar 2026,Solar,3.68,Makassar,25000
260329D052,AHI,29 Mar 2026,Solar,3.97,Makassar,27000
260329D050,HCI,29 Mar 2026,Solar,4.41,Makassar,30000
260329D063,HCI,29 Mar 2026,Solar,2.94,Makassar,20000
260329C079,AHI,29 Mar 2026,Solar,17.06,Makassar,116000
260329D049,HCI,29 Mar 2026,Solar,3.38,Makassar,23000
260329D055,HCI,29 Mar 2026,Pertalite,4.2,Makassar,42000
260329D054,HCI,29 Mar 2026,Solar,7.65,Makassar,52000
260329D056,HCI,29 Mar 2026,Solar,7.35,Makassar,50000
260330C206,HCI,30 Mar 2026,Solar,1.47,Makassar,10000
260328D093,AHI,30 Mar 2026,Solar,5.29,Makassar,36000
260330D133,HCI,30 Mar 2026,Solar,2.94,Gowa,20000
260330D016,HCI,30 Mar 2026,Solar,5.0,Makassar,34000
260330C046,HCI,30 Mar 2026,Solar,7.65,Makassar,52000
260330C049,HCI,30 Mar 2026,Solar,2.94,Makassar,20000
260330C039,HCI,30 Mar 2026,Solar,11.47,Makassar,78000
260330C053,HCI,30 Mar 2026,Solar,13.53,Makassar,92000
260330C056,AHI,30 Mar 2026,Solar,11.76,Makassar,80000
260330C041,HCI,30 Mar 2026,Solar,17.35,Gowa,118000
260330C048,HCI,30 Mar 2026,Solar,14.71,Makassar,100000
260330C052,HCI,30 Mar 2026,Solar,9.56,Makassar,65000
260330D132,HCI,30 Mar 2026,Solar,4.41,Makassar,30000
260330C047,HCI,30 Mar 2026,Pertalite,10.0,Makassar,100000
260330C202,HCI,30 Mar 2026,Solar,4.41,Gowa,30000
260330D130,HCI,30 Mar 2026,Solar,5.29,Makassar,36000
260330C038,HCI,30 Mar 2026,Solar,1.47,Maros,10000
260330C205,HCI,30 Mar 2026,Solar,1.47,Makassar,10000
260330C203,HCI,30 Mar 2026,Solar,5.88,Gowa,40000
260330C042,HCI,30 Mar 2026,Solar,12.94,Gowa,88000
260330C207,HCI,30 Mar 2026,Solar,11.76,Makassar,80000
260330C043,HCI,30 Mar 2026,Solar,8.82,Makassar,60000
260330D131,HCI,30 Mar 2026,Solar,12.21,Makassar,83000
260330C051,HCI,30 Mar 2026,,0.0,Makassar,1
260330D129,HCI,30 Mar 2026,,0.0,Makassar,1
260330C204,HCI,30 Mar 2026,Solar,9.71,Makassar,66000
260330C050,HCI,30 Mar 2026,Solar,3.97,Makassar,27000
260330C045,HCI,30 Mar 2026,Solar,7.35,Makassar,50000
260330C040,HCI,30 Mar 2026,Solar,8.09,Maros,55000
260330C055,AHI,30 Mar 2026,Pertalite,10.0,Makassar,100000
260330D149,AHI,30 Mar 2026,Pertalite,3.55,Makassar,35500
260330D184,FBI,30 Mar 2026,Pertalite,4.9,Makassar,49000
260330C054,HCI,30 Mar 2026,Solar,1.47,Makassar,10000
260330C044,HCI,30 Mar 2026,Solar,11.76,Takalar,80000
260331C023,HCI,31 Mar 2026,,,Maros,0
260331C024,HCI,31 Mar 2026,,,Makassar,0
260331C025,HCI,31 Mar 2026,Solar,6.62,Maros,45000
260331C026,HCI,31 Mar 2026,Solar,14.71,Gowa,100000
260331C027,HCI,31 Mar 2026,Solar,12.5,Gowa,85000
260331C028,HCI,31 Mar 2026,,0.0,Makassar,0
260331C029,HCI,31 Mar 2026,,0.0,Takalar,0
260331C030,HCI,31 Mar 2026,Solar,29.41,Makassar,200000
260331C031,HCI,31 Mar 2026,Solar,6.18,Makassar,42000
260331C032,HCI,31 Mar 2026,Pertalite,10.0,Makassar,100000
260331C042,HCI,31 Mar 2026,,,Makassar,0
260331C044,AHI,31 Mar 2026,Pertalite,11.8,Makassar,118000
260331C045,AHI,31 Mar 2026,Solar,32.35,Gowa,220000
260331D003,HCI,31 Mar 2026,Pertalite,2.3,Makassar,23000
260331D047,AHI,31 Mar 2026,,,Makassar,0
260331D048,AHI,31 Mar 2026,,,Makassar,0
260331D049,HCI,31 Mar 2026,Solar,8.82,Makassar,60000
260331D050,HCI,31 Mar 2026,,,Makassar,0
260331D072,AHI,31 Mar 2026,Solar,11.62,Gowa,79000
260331D093,AHI,31 Mar 2026,,,Makassar,0
260331D094,FBI,31 Mar 2026,Pertalite,3.35,Makassar,33500
260401C003,HCI,1 Apr 2026,Solar,13.82,Makassar,94000
260401C004,HCI,1 Apr 2026,Solar,12.5,Makassar,85000
260401C005,HCI,1 Apr 2026,Solar,12.5,Maros,85000
260401C006,HCI,1 Apr 2026,Solar,13.24,Gowa,90000
260401C007,HCI,1 Apr 2026,Pertalite,13.68,Gowa,93000
260401C008,HCI,1 Apr 2026,Solar,8.82,Makassar,60000
260401C009,HCI,1 Apr 2026,Solar,23.53,Takalar,160000
260401C010,HCI,1 Apr 2026,Solar,22.06,Takalar,150000
260401C011,HCI,1 Apr 2026,Solar,17.65,Makassar,120000
260401C012,HCI,1 Apr 2026,,,Makassar,
260401C013,HCI,1 Apr 2026,Solar,12.5,Makassar,85000
260401C014,HCI,1 Apr 2026,Solar,20.44,Makassar,139000
260401C015,HCI,1 Apr 2026,Solar,26.47,Makassar,180000
260401C016,HCI,1 Apr 2026,Pertalite,26.3,Makassar,263000
260401C020,AHI,1 Apr 2026,Solar,15.29,Makassar,104000
260401C021,AHI,1 Apr 2026,Solar,11.76,Gowa,80000
260401D051,AHI,1 Apr 2026,Solar,12.94,Makassar,88000
260401D052,AHI,1 Apr 2026,Solar,2.21,Makassar,15000
260401D053,AHI,1 Apr 2026,Solar,13.24,Makassar,90000
260401D054,HCI,1 Apr 2026,Solar,20.74,Makassar,141000
260401D055,HCI,1 Apr 2026,Solar,16.18,Gowa,110000
260401D081,HCI,1 Apr 2026,Solar,5.29,Makassar,36000
260402C003,HCI,2 Apr 2026,Solar,11.03,Maros,75000
260402D052,HCI,2 Apr 2026,Solar,18.38,Gowa,125000
260402D048,HCI,2 Apr 2026,Solar,5.59,Makassar,38000
260402C005,HCI,2 Apr 2026,Solar,10.29,Gowa,70000
260402C002,HCI,2 Apr 2026,Solar,11.32,Makassar,77000
260402C009,HCI,2 Apr 2026,Solar,10.29,Makassar,70000
260402C008,HCI,2 Apr 2026,Solar,8.53,Makassar,58000
260402C010,AHI,2 Apr 2026,Pertalite,3.35,Makassar,33500
260402C006,HCI,2 Apr 2026,Pertalite,5.7,Makassar,57000
260402D049,HCI,2 Apr 2026,Solar,8.53,Makassar,58000
260402D072,AHI,2 Apr 2026,Solar,5.88,Makassar,40000
260402C001,HCI,2 Apr 2026,Solar,13.97,Maros,95000
260402D074,AHI,2 Apr 2026,Solar,3.38,Makassar,23000
260402D071,AHI,2 Apr 2026,Solar,4.12,Makassar,28000
260402C007,HCI,2 Apr 2026,Solar,12.5,Makassar,85000
260402C004,HCI,2 Apr 2026,Solar,10.29,Gowa,70000
260402C017,AHI,2 Apr 2026,Pertalite,10.6,Gowa,106000
260401D148,AHI,2 Apr 2026,Pertalite,4.1,Makassar,41000
260402D097,FBI,2 Apr 2026,Pertalite,4.5,Makassar,45000
260402D050,HCI,2 Apr 2026,Solar,5.88,Makassar,40000
260402C016,AHI,2 Apr 2026,Solar,12.35,Makassar,84000
260403C002,HCI,3 Apr 2026,Solar,18.38,Maros,125000
260403C004,HCI,3 Apr 2026,Solar,12.21,Maros,83000
260403C005,HCI,3 Apr 2026,Solar,13.24,Gowa,90000
260403C006,HCI,3 Apr 2026,Pertalite,9.7,Makassar,97000
260403C007,HCI,3 Apr 2026,Pertalite,12.35,Makassar,123500
260403C008,HCI,3 Apr 2026,Solar,22.06,Takalar,150000
260403C012,HCI,3 Apr 2026,Solar,7.35,Gowa,50000
260403C013,HCI,3 Apr 2026,Pertalite,4.5,Makassar,45000
260403C014,HCI,3 Apr 2026,Pertalite,9.0,Makassar,90000
260403C019,AHI,3 Apr 2026,Solar,13.97,Makassar,95000
260403D063,HCI,3 Apr 2026,Pertalite,1.4,Makassar,14000
260403D064,AHI,3 Apr 2026,Solar,3.68,Makassar,25000
260403D065,AHI,3 Apr 2026,Solar,7.35,Makassar,50000
260403D066,HCI,3 Apr 2026,Solar,13.97,Makassar,95000
260403D067,HCI,3 Apr 2026,Solar,11.76,Gowa,80000
260403D079,HCI,3 Apr 2026,Solar,8.82,Makassar,60000
260403D084,AHI,3 Apr 2026,Solar,8.09,Makassar,55000
260403D091,HCI,3 Apr 2026,Solar,7.35,Makassar,50000
260403D099,AHI,3 Apr 2026,Solar,5.15,Makassar,35000
260403D102,HCI,3 Apr 2026,Solar,6.47,Makassar,44000
260404C001,HCI,4 Apr 2026,Solar,14.71,Maros,100000
260404D058,HCI,4 Apr 2026,Solar,4.71,Makassar,32000
260404C002,HCI,4 Apr 2026,Solar,8.97,Makassar,61000
260404C003,HCI,4 Apr 2026,,,Maros,0
260404C004,HCI,4 Apr 2026,Solar,14.71,Gowa,100000
260404C005,HCI,4 Apr 2026,Solar,15.44,Gowa,105000
260404C006,HCI,4 Apr 2026,,,Makassar,0
260404C007,HCI,4 Apr 2026,Solar,10.59,Makassar,72000
260404C008,HCI,4 Apr 2026,Solar,5.88,Makassar,40000
260404C009,HCI,4 Apr 2026,Pertalite,12.6,Makassar,126000
260404D056,HCI,4 Apr 2026,Pertalite,1.6,Makassar,16000
260404D057,HCI,4 Apr 2026,Solar,12.65,Makassar,86000
260404D059,AHI,4 Apr 2026,Solar,5.15,Makassar,35000
260404D060,HCI,4 Apr 2026,Solar,11.03,Makassar,75000
260404C010,HCI,4 Apr 2026,,,Makassar,0
260404C011,HCI,4 Apr 2026,Pertalite,7.1,Makassar,71000
260404D090,AHI,4 Apr 2026,Solar,3.09,Gowa,21000
260404D089,AHI,4 Apr 2026,Solar,5.29,Makassar,36000
260404C014,AHI,4 Apr 2026,Pertalite,6.8,Makassar,68000
260404C015,AHI,4 Apr 2026,Solar,9.41,Gowa,64000
260405C013,AHI,5 Apr 2026,Solar,13.24,Makassar,90000
260405C002,HCI,5 Apr 2026,Solar,29.41,Maros,200000
260405C003,HCI,5 Apr 2026,Solar,17.79,Makassar,121000
260405C004,HCI,5 Apr 2026,Solar,10.07,Maros,68500
260405C005,HCI,5 Apr 2026,Solar,18.53,Gowa,126000
260405C006,HCI,5 Apr 2026,Solar,19.85,Gowa,135000
260405C007,HCI,5 Apr 2026,Solar,19.12,Takalar,130000
260405C008,HCI,5 Apr 2026,Solar,14.71,Makassar,100000
260405C009,HCI,5 Apr 2026,Pertalite,9.3,Gowa,93000
260405C010,HCI,5 Apr 2026,Solar,18.38,Makassar,125000
260405D043,HCI,5 Apr 2026,Solar,12.57,Makassar,85500
260405D044,HCI,5 Apr 2026,Pertalite,8.7,Makassar,87000
260405D045,HCI,5 Apr 2026,Solar,4.19,Gowa,28500
260405D046,HCI,5 Apr 2026,Solar,5.88,Makassar,40000
260405D047,HCI,5 Apr 2026,Solar,8.68,Makassar,59000
260405D049,HCI,5 Apr 2026,,0.0,Makassar,1
260405D053,AHI,5 Apr 2026,Solar,2.94,Gowa,20000
260406C185,HCI,6 Apr 2026,Solar,21.03,Maros,143000
260406C186,HCI,6 Apr 2026,Solar,28.09,Makassar,191000
260406C187,HCI,6 Apr 2026,Solar,10.88,Makassar,74000
260406C188,HCI,6 Apr 2026,Solar,12.06,Gowa,82000
260406C189,HCI,6 Apr 2026,Solar,9.56,Gowa,65000
260406C190,HCI,6 Apr 2026,Solar,12.5,Makassar,85000
260406C191,HCI,6 Apr 2026,Solar,11.03,Makassar,75000
260406C192,HCI,6 Apr 2026,Solar,8.53,Makassar,58000
260406C193,HCI,6 Apr 2026,Solar,13.38,Makassar,91000
260406C194,HCI,6 Apr 2026,Solar,8.82,Makassar,60000
260406C195,HCI,6 Apr 2026,Solar,13.24,Makassar,90000
260406C196,HCI,6 Apr 2026,Solar,15.44,Makassar,105000
260406C197,HCI,6 Apr 2026,Solar,7.35,Makassar,50000
260406C198,HCI,6 Apr 2026,Pertalite,5.5,Makassar,55000
260406C199,HCI,6 Apr 2026,Pertalite,9.5,Makassar,95000
260406D074,HCI,6 Apr 2026,,,Makassar,0
260406D077,AHI,6 Apr 2026,Solar,11.18,Makassar,76000
260406D078,AHI,6 Apr 2026,Solar,4.41,Makassar,30000
260406D076,AHI,6 Apr 2026,,,Gowa,
260406C200,HCI,6 Apr 2026,Pertalite,12.25,Makassar,122500
260406D099,FBI,6 Apr 2026,Pertalite,4.3,Makassar,43000
260406D088,AHI,6 Apr 2026,Pertalite,1.9,Makassar,19000
260406C031,AHI,6 Apr 2026,Solar,17.79,Maros,121000
260406C032,AHI,6 Apr 2026,Solar,7.21,Makassar,49000
260406C201,HCI,6 Apr 2026,Solar,8.82,Makassar,60000
260406C202,HCI,6 Apr 2026,,,Makassar,
260406D075,AHI,6 Apr 2026,Solar,12.5,Makassar,85000
260407C021,#VALUE!,,,,,
260407D040,,,,,,
260407C012,,,,,,
260407C016,,,,,,
260407C009,,,,,,
260407C008,,,,,,
260407D038,,,,,,
260407D042,,,,,,
260407C010,,,,,,
260407C007,,,,,,
260407C005,,,,,,
260407C004,,,,,,
260407C006,,,,,,
260407D065,,,,,,
260407D071,,,,,,
260407C018,,,,,,
260407C020,,,,,,
260407C003,,,,,,
260408D062,,,,,,
260408C028,,,,,,
260408C030,,,,,,
260408C025,,,,,,
260408C032,,,,,,
260408D063,,,,,,
260408D065,,,,,,
260408C027,,,,,,
260408C026,,,,,,
260408D064,,,,,,
260408C036,,,,,,
260408C022,,,,,,
260408D142,,,,,,
260408D061,,,,,,
260408C024,,,,,,
260408D141,,,,,,
260408C023,,,,,,
260408C031,,,,,,
260408C035,,,,,,
260409C014,,,,,,
260409C015,,,,,,
260409C016,,,,,,
260409C017,,,,,,
260409C018,,,,,,
260409C019,,,,,,
260409D083,,,,,,
260409D085,,,,,,
260409D082,,,,,,
260409D084,,,,,,
260409C027,,,,,,
260409C028,,,,,,
260409C210,,,,,,
260409D102,,,,,,
260409D104,,,,,,
260409D125,,,,,,
260409D103,,,,,,
260409D122,,,,,,
260409D117,,,,,,
260410C007,,,,,,
260410D112,,,,,,
260410D106,,,,,,
260410C004,,,,,,
260410C015,,,,,,
260410D061,,,,,,
260410D059,,,,,,
260410D062,,,,,,
260410D115,,,,,,
260410C002,,,,,,
260410C009,,,,,,
260410C011,,,,,,
260410D110,,,,,,
260410C005,,,,,,
260410C016,,,,,,
260410C003,,,,,,
260410D058,,,,,,
260410D102,,,,,,
260410D097,,,,,,
260410D109,,,,,,
260410C008,,,,,,
260410D060,,,,,,
260410D108,,,,,,
260410D113,,,,,,
260410C006,,,,,,
260411C015,,,,,,
260411C008,,,,,,
260411D101,,,,,,
260411C007,,,,,,
260411C006,,,,,,
260411D093,,,,,,
260411D147,,,,,,
260411C002,,,,,,
260411D064,,,,,,
260411C009,,,,,,
260411C011,,,,,,
260411D063,,,,,,
260411D065,,,,,,
260411C005,,,,,,
260411C004,,,,,,
260411C003,,,,,,
260411D067,,,,,,
260411D094,,,,,,
260411D092,,,,,,
260411D077,,,,,,
260411D099,,,,,,
260411C010,,,,,,
260411C014,,,,,,
260411D066,,,,,,
260411D074,,,,,,
260412C003,,,,,,
260412C004,,,,,,
260412C005,,,,,,
260412C006,,,,,,
260412C007,,,,,,
260412C013,,,,,,
260412D046,,,,,,
260412D047,,,,,,
260412D048,,,,,,
260412D049,,,,,,
260412D050,,,,,,
260412D053,,,,,,
260412D055,,,,,,
260412D056,,,,,,
260412D057,,,,,,
260412D060,,,,,,
260412D093,,,,,,
260412D098,,,,,,
260412D101,,,,,,
260413C054,,,,,,
260413C034,,,,,,
260413C024,,,,,,
260413C030,,,,,,
260413C037,,,,,,
260413C038,,,,,,
260413C033,,,,,,
260413C027,,,,,,
260413C025,,,,,,
260413C031,,,,,,
260413D043,,,,,,
260413C028,,,,,,
260413D042,,,,,,
260413C029,,,,,,
260413C032,,,,,,
260413C035,,,,,,
260413C022,,,,,,
260413C023,,,,,,
260413C026,,,,,,
260413D044,,,,,,
260413C036,,,,,,
260413D091,,,,,,
260413D041,,,,,,
260413D085,,,,,,
260414C025,,,,,,
260414C026,,,,,,
260414C027,,,,,,
260414C028,,,,,,
260414C029,,,,,,
260414C030,,,,,,
260414C031,,,,,,
260414C032,,,,,,
260414C033,,,,,,
260414C034,,,,,,
260414C035,,,,,,
260414C036,,,,,,
260414C037,,,,,,
260414D076,,,,,,
260414D073,,,,,,
260414C222,,,,,,
260414D096,,,,,,
260414D041,,,,,,
260414D123,,,,,,
260414C038,,,,,,
260415C001,,,,,,
260415C002,,,,,,
260415C003,,,,,,
260415C004,,,,,,
260415C005,,,,,,
260415C006,,,,,,
260415C007,,,,,,
260415C008,,,,,,
260415C009,,,,,,
260415C010,,,,,,
260415C011,,,,,,
260415C012,,,,,,
260415C013,,,,,,
260415C016,,,,,,
260415C017,,,,,,
260415D049,,,,,,
260415D050,,,,,,
260415D051,,,,,,
260415D052,,,,,,
260415D107,,,,,,
260416C003,,,,,,
260416C004,,,,,,
260416C005,,,,,,
260416C006,,,,,,
260416C007,,,,,,
260416C008,,,,,,
260416C009,,,,,,
260416C010,,,,,,
260416C011,,,,,,
260416C012,,,,,,
260416C013,,,,,,
260416C014,,,,,,
260416D059,,,,,,
260416D060,,,,,,
260416D062,,,,,,
260416D063,,,,,,
260416D061,,,,,,
260416C015,,,,,,
260416D082,,,,,,
260416D115,,,,,,
260416C260,,,,,,
260416D113,,,,,,
260416D148,,,,,,
260416D104,,,,,,
260416C018,,,,,,
260416C019,,,,,,
260416C017,,,,,,
260416D097,,,,,,
260416D096,,,,,,
260416D150,,,,,,
260417C003,,,,,,
260417C004,,,,,,
260417C005,,,,,,
260417C006,,,,,,
260417C007,,,,,,
260417C008,,,,,,
260417C009,,,,,,
260417C010,,,,,,
260417C011,,,,,,
260417C012,,,,,,
260417C016,,,,,,
260417C017,,,,,,
260417D048,,,,,,
260417D076,,,,,,
260417D077,,,,,,
260417D078,,,,,,
260417D112,,,,,,
260417D113,,,,,,
260417D114,,,,,,
260417D121,,,,,,
260418C004,,,,,,
260418C005,,,,,,
260418C006,,,,,,
260418C007,,,,,,
260418C008,,,,,,
260418C009,,,,,,
260418C010,,,,,,
260418C011,,,,,,
260418C012,,,,,,
260418C016,,,,,,
260418C017,,,,,,
260418D023,,,,,,
260418D077,,,,,,
260418D078,,,,,,
260418D079,,,,,,
260418D080,,,,,,
260418D110,,,,,,
260418D113,,,,,,
260418D114,,,,,,
260418D115,,,,,,
260418D121,,,,,,
260419C002,,,,,,
260419C003,,,,,,
260419C004,,,,,,
260419C005,,,,,,
260419C006,,,,,,
260419C007,,,,,,
260419C008,,,,,,
260419C012,,,,,,
260419D055,,,,,,
260419D057,,,,,,
260419D058,,,,,,
260419D059,,,,,,
260419D074,,,,,,
260419D075,,,,,,
260419D076,,,,,,
260419D077,,,,,,
260419D086,,,,,,
260419D087,,,,,,
260419D090,,,,,,
260419D092,,,,,,
260420C024,,,,,,
260420C025,,,,,,
260420C026,,,,,,
260420C027,,,,,,
260420C028,,,,,,
260420C029,,,,,,
260420C030,,,,,,
260420C031,,,,,,
260420C032,,,,,,
260420C033,,,,,,
260420C034,,,,,,
260420C035,,,,,,
260420C036,,,,,,
260420C037,,,,,,
260420C038,,,,,,
260420C039,,,,,,
260420C040,,,,,,
260420C042,,,,,,
260420C043,,,,,,
260420C333,,,,,,
260420D085,,,,,,
260420D086,,,,,,
260420D087,,,,,,
260420D088,,,,,,
260420D106,,,,,,
260420D107,,,,,,
260420D108,,,,,,
260420D113,,,,,,
260420D120,,,,,,
260420D112,,,,,,
260421C020,,,,,,
260421C021,,,,,,
260421C022,,,,,,
260421C023,,,,,,
260421C024,,,,,,
260421C025,,,,,,
260421C026,,,,,,
260421C027,,,,,,
260421C028,,,,,,
260421C029,,,,,,
260421C030,,,,,,
260421C034,,,,,,
260421C035,,,,,,
260421D078,,,,,,
260421D080,,,,,,
260421D081,,,,,,
260421D082,,,,,,
260421D091,,,,,,
260421D095,,,,,,
260421D112,,,,,,
260422C005,,,,,,
260422C006,,,,,,
260422C007,,,,,,
260422C008,,,,,,
260422C009,,,,,,
260422C010,,,,,,
260422C011,,,,,,
260422C012,,,,,,
260422C013,,,,,,
260422C018,,,,,,
260422C019,,,,,,
260422D058,,,,,,
260422D059,,,,,,
260422D060,,,,,,
260422D061,,,,,,
260422D062,,,,,,
260422D071,,,,,,
260422D075,,,,,,
260422D097,,,,,,
260422D100,,,,,,
260422D101,,,,,,
260422D102,,,,,,
260422D144,,,,,,
260423C002,,,,,,
260423C003,,,,,,
260423C004,,,,,,
260423C005,,,,,,
260423C006,,,,,,
260423C007,,,,,,
260423C008,,,,,,
260423C010,,,,,,
260423D060,,,,,,
260423D061,,,,,,
260423D062,,,,,,
260423D063,,,,,,
260423D064,,,,,,
260423D102,,,,,,
260423D073,,,,,,
260423D080,,,,,,
260423D076,,,,,,
260423C017,,,,,,
260423C018,,,,,,
260423C011,,,,,,
260423C264,,,,,,
260423D072,,,,,,
260423D075,,,,,,
260424C006,,,,,,
260424C007,,,,,,
260424C008,,,,,,
260424C009,,,,,,
260424C010,,,,,,
260424C011,,,,,,
260424C013,,,,,,
260424C026,,,,,,
260424D080,,,,,,
260424D081,,,,,,
260424D082,,,,,,
260424D083,,,,,,
260424D084,,,,,,
260424D113,,,,,,
260424D115,,,,,,
260424D116,,,,,,
260424D117,,,,,,
260424D118,,,,,,
260424D132,,,,,,
260424D141,,,,,,
260425C003,,,,,,
260425C004,,,,,,
260425C005,,,,,,
260425C006,,,,,,
260425C007,,,,,,
260425C008,,,,,,
260425C009,,,,,,
260425C010,,,,,,
260425C011,,,,,,
260425C012,,,,,,
260425C013,,,,,,
260425C015,,,,,,
260425C016,,,,,,
260425C156,,,,,,
260425C157,,,,,,
260425C158,,,,,,
260425C239,,,,,,
260425D073,,,,,,
260425D074,,,,,,
260425D075,,,,,,
260425D076,,,,,,
260425D077,,,,,,
260425D086,,,,,,
260425D087,,,,,,
260425D088,,,,,,
260425D089,,,,,,
260425D095,,,,,,
260425D096,,,,,,
260426D102,,,,,,
260426C014,,,,,,
260426D093,,,,,,
260426C002,,,,,,
260426D064,,,,,,
260426D066,,,,,,
260426C009,,,,,,
260426C008,,,,,,
260426D094,,,,,,
260426D095,,,,,,
260426D062,,,,,,
260426C006,,,,,,
260426C004,,,,,,
260426D065,,,,,,
260426C003,,,,,,
260426C007,,,,,,
260426C005,,,,,,
260426D098,,,,,,
260426D112,,,,,,
260426D063,,,,,,
260427C020,,,,,,
260427C021,,,,,,
260427C022,,,,,,
260427C023,,,,,,
260427C024,,,,,,
260427C025,,,,,,
260427C026,,,,,,
260427C027,,,,,,
260427C028,,,,,,
260427C029,,,,,,
260427C030,,,,,,
260427C031,,,,,,
260427C032,,,,,,
260427C033,,,,,,
260427C034,,,,,,
260427C035,,,,,,
260427C036,,,,,,
260427C191,,,,,,
260427C192,,,,,,
260427C193,,,,,,
260427D081,,,,,,
260427D082,,,,,,
260427D083,,,,,,
260427D084,,,,,,
260427D085,,,,,,
260427D103,,,,,,
260427D104,,,,,,
260427D106,,,,,,
260427D107,,,,,,
260427D109,,,,,,
260427D110,,,,,,
260427D117,,,,,,
260427D118,,,,,,
260427D121,,,,,,
260427D140,,,,,,
260428C023,,,,,,
260428C024,,,,,,
260428C025,,,,,,
260428C026,,,,,,
260428C027,,,,,,
260428C028,,,,,,
260428C029,,,,,,
260428C030,,,,,,
260428C031,,,,,,
260428C032,,,,,,
260428C033,,,,,,
260428C034,,,,,,
260428C035,,,,,,
260428C036,,,,,,
260428C037,,,,,,
260428C038,,,,,,
260428C039,,,,,,
260428C178,,,,,,
260428C179,,,,,,
260428C180,,,,,,
260428C183,,,,,,
260428C191,,,,,,
260428D074,,,,,,
260428D075,,,,,,
260428D076,,,,,,
260428D077,,,,,,
260428D091,,,,,,
260428D093,,,,,,
260428D094,,,,,,
260428D096,,,,,,
260428D099,,,,,,
260428D106,,,,,,
260429C001,,,,,,
260429C002,,,,,,
260429C003,,,,,,
260429C004,,,,,,
260429C005,,,,,,
260429C006,,,,,,
260429C007,,,,,,
260429C008,,,,,,
260429C009,,,,,,
260429C010,,,,,,
260429C011,,,,,,
260429C012,,,,,,
260429C013,,,,,,
260429D072,,,,,,
260429D073,,,,,,
260429D071,,,,,,
260429D074,,,,,,
260429D091,,,,,,
260429D092,,,,,,
260429D090,,,,,,
260429D093,,,,,,
260429C018,,,,,,
260429C019,,,,,,
260429D105,,,,,,
260429D070,,,,,,
260430C009,,,,,,
260430C010,,,,,,
260430C011,,,,,,
260430C012,,,,,,
260430C013,,,,,,
260430C014,,,,,,
260430C015,,,,,,
260430C016,,,,,,
260430C017,,,,,,
260430C018,,,,,,
260430C019,,,,,,
260430C020,,,,,,
260430D082,,,,,,
260430D081,,,,,,
260430D084,,,,,,
260430D083,,,,,,
260430D080,,,,,,
260430C024,,,,,,
260430C026,,,,,,
260430D138,,,,,,
260430C025,,,,,,
260430C029,,,,,,
260430C030,,,,,,
260430C298,,,,,,
260430C300,,,,,,
260502C004,,,,,,
260502C005,,,,,,
260502C006,,,,,,
260502C007,,,,,,
260502C008,,,,,,
260502C009,,,,,,
260502C010,,,,,,
260502C011,,,,,,
260502C012,,,,,,
260502C013,,,,,,
260502C014,,,,,,
260502C015,,,,,,
260502C016,,,,,,
260502C017,,,,,,
260502C018,,,,,,
260502C020,,,,,,
260502C021,,,,,,
260502C022,,,,,,
260502C175,,,,,,
260502C179,,,,,,
260502C294,,,,,,
260502D018,,,,,,
260502D019,,,,,,
260502D020,,,,,,
260502D021,,,,,,
260502D034,,,,,,
260502D050,,,,,,
260502D057,,,,,,
260502D096,,,,,,
260503C003,,,,,,
260503C004,,,,,,
260503C005,,,,,,
260503C006,,,,,,
260503C007,,,,,,
260503C008,,,,,,
260503C009,,,,,,
260503C010,,,,,,
260503C013,,,,,,
260503C014,,,,,,
260503C018,,,,,,
260503C248,,,,,,
260503C249,,,,,,
260503D051,,,,,,
260503D052,,,,,,
260503D053,,,,,,
260503D054,,,,,,
260503D055,,,,,,
260503D058,,,,,,
260503D059,,,,,,
260503D060,,,,,,
260503D087,,,,,,
260503D088,,,,,,
260503D090,,,,,,
260503D101,,,,,,
260504C034,,,,,,
260504C035,,,,,,
260504C036,,,,,,
260504C037,,,,,,
260504C038,,,,,,
260504C039,,,,,,
260504C040,,,,,,
260504C041,,,,,,
260504C042,,,,,,
260504C043,,,,,,
260504C044,,,,,,
260504C045,,,,,,
260504C046,,,,,,
260504C047,,,,,,
260504D081,,,,,,
260504D077,,,,,,
260504D080,,,,,,
260504D078,,,,,,
260504D079,,,,,,
260504C048,,,,,,
260504D108,,,,,,
260504D110,,,,,,
260504D127,,,,,,
260504C052,,,,,,
260504C053,,,,,,
260504D112,,,,,,
260505C027,,,,,,
260505C028,,,,,,
260505C029,,,,,,
260505C030,,,,,,
260505C031,,,,,,
260505C032,,,,,,
260505C033,,,,,,
260505C034,,,,,,
260505C035,,,,,,
260505C036,,,,,,
260505C037,,,,,,
260505C039,,,,,,
260505C041,,,,,,
260505C042,,,,,,
260505D077,,,,,,
260505D078,,,,,,
260505D080,,,,,,
260505D084,,,,,,
260505D085,,,,,,
260505D086,,,,,,
260505D087,,,,,,
260505D098,,,,,,
260505D115,,,,,,
260506C004,,,,,,
260506C005,,,,,,
260506C006,,,,,,
260506C007,,,,,,
260506C008,,,,,,
260506C009,,,,,,
260506D067,,,,,,
260506D071,,,,,,
260506D068,,,,,,
260506C017,,,,,,
260506C018,,,,,,
260506C289,,,,,,
260506C296,,,,,,
260506D070,,,,,,
260506C015,,,,,,
260507C001,,,,,,
260507C004,,,,,,
260507C005,,,,,,
260507C006,,,,,,
260507C007,,,,,,
260507C008,,,,,,
260507C009,,,,,,
260507C010,,,,,,
260507C011,,,,,,
260507C012,,,,,,
260507C013,,,,,,
260507C014,,,,,,
260507C018,,,,,,
260507C019,,,,,,
260507D080,,,,,,
260507D082,,,,,,
260507D083,,,,,,
260507D095,,,,,,
260507D122,,,,,,
260507D126,,,,,,
260508C004,,,,,,
260508C005,,,,,,
260508C006,,,,,,
260508C007,,,,,,
260508C008,,,,,,
260508C009,,,,,,
260508C014,,,,,,
260508C019,,,,,,
260508C020,,,,,,
260508D071,,,,,,
260508D072,,,,,,
260508D073,,,,,,
260508D074,,,,,,
260508D075,,,,,,
260508D080,,,,,,
260508D097,,,,,,
260509C008,,,,,,
260509C010,,,,,,
260509C011,,,,,,
260509C013,,,,,,
260509C014,,,,,,
260509C016,,,,,,
260509C017,,,,,,
260509C018,,,,,,
260509C019,,,,,,
260509C020,,,,,,
260509C021,,,,,,
260509C022,,,,,,
260509C023,,,,,,
260509C024,,,,,,
260509C025,,,,,,
260509C026,,,,,,
260509C027,,,,,,
260509C028,,,,,,
260509C029,,,,,,
260509C030,,,,,,
260509C262,,,,,,
260509D078,,,,,,
260509D079,,,,,,
260509D080,,,,,,
260509D081,,,,,,
260509D082,,,,,,
260509D110,,,,,,
260509D112,,,,,,
260509D113,,,,,,
260509D114,,,,,,
260509D128,,,,,,
260509D143,,,,,,
260510C004,,,,,,
260510C005,,,,,,
260510C006,,,,,,
260510C007,,,,,,
260510C008,,,,,,
260510C009,,,,,,
260510D060,,,,,,
260510D059,,,,,,
260510D062,,,,,,
260510D061,,,,,,
260510D058,,,,,,
260510D088,,,,,,
260510D094,,,,,,
260510C014,,,,,,
260509D130,,,,,,
260508D125,,,,,,
260511C027,,,,,,
260511C028,,,,,,
260511C029,,,,,,
260511C030,,,,,,
260511C031,,,,,,
260511C032,,,,,,
260511C033,,,,,,
260511C034,,,,,,
260511C035,,,,,,
260511C036,,,,,,
260511C037,,,,,,
260511C038,,,,,,
260511C039,,,,,,
260511C040,,,,,,
260511C041,,,,,,
260511C042,,,,,,
260511C043,,,,,,
260511C045,,,,,,
260511C046,,,,,,
260511D083,,,,,,
260511D084,,,,,,
260511D085,,,,,,
260511D086,,,,,,
260511D087,,,,,,
260511D097,,,,,,
260511D098,,,,,,
260511D104,,,,,,
260511D133,,,,,,
260512C024,,,,,,
260512C025,,,,,,
260512C026,,,,,,
260512C027,,,,,,
260512C028,,,,,,
260512C029,,,,,,
260512C030,,,,,,
260512C031,,,,,,
260512C032,,,,,,
260512C033,,,,,,
260512C034,,,,,,
260512C035,,,,,,
260512C036,,,,,,
260512C037,,,,,,
260512C039,,,,,,
260512C249,,,,,,
260512D078,,,,,,
260512D079,,,,,,
260512D081,,,,,,
260512D082,,,,,,
260512D107,,,,,,
260512D108,,,,,,
260512D109,,,,,,
260512D111,,,,,,
260512D115,,,,,,
260512D128,,,,,,
260512D138,,,,,,
260513C005,,,,,,
260513C006,,,,,,
260513C007,,,,,,
260513C008,,,,,,
260513C009,,,,,,
260513C010,,,,,,
260513C011,,,,,,
260513C012,,,,,,
260513C014,,,,,,
260513C015,,,,,,
260513C016,,,,,,
260513C019,,,,,,
260513C020,,,,,,
260513C275,,,,,,
260513C282,,,,,,
260513D059,,,,,,
260513D060,,,,,,
260513D061,,,,,,
260513D062,,,,,,
260513D063,,,,,,
260513D106,,,,,,
260513D107,,,,,,
260513D118,,,,,,
260514C002,,,,,,
260514C003,,,,,,
260514C004,,,,,,
260514C005,,,,,,
260514C006,,,,,,
260514C007,,,,,,
260514C009,,,,,,
260514D067,,,,,,
260514D069,,,,,,
260514D066,,,,,,
260514D068,,,,,,
260514C134,,,,,,
260514C010,,,,,,
260514D113,,,,,,
260514D111,,,,,,
260514D114,,,,,,
260514D115,,,,,,
260514D116,,,,,,
260514D120,,,,,,
260514D139,,,,,,
260514C015,,,,,,
260514C016,,,,,,
260514D153,,,,,,
260515C003,,,,,,
260515C004,,,,,,
260515C005,,,,,,
260515C006,,,,,,
260515C007,,,,,,
260515C008,,,,,,
260515C009,,,,,,
260515C013,,,,,,
260515C016,,,,,,
260515C017,,,,,,
260515D078,,,,,,
260515D079,,,,,,
260515D080,,,,,,
260515D081,,,,,,
260515D082,,,,,,
260515D104,,,,,,
260515D105,,,,,,
260515D106,,,,,,
260515D107,,,,,,
260515D108,,,,,,
260515D111,,,,,,
260515D168,,,,,,
260516C008,,,,,,
260516C009,,,,,,
260516C010,,,,,,
260516C011,,,,,,
260516C012,,,,,,
260516C013,,,,,,
260516C014,,,,,,
260516C015,,,,,,
260516C016,,,,,,
260516C017,,,,,,
260516C018,,,,,,
260516C019,,,,,,
260516C020,,,,,,
260516C021,,,,,,
260516C022,,,,,,
260516C172,,,,,,
260516D082,,,,,,
260516D084,,,,,,
260516D085,,,,,,
260516D086,,,,,,
260516D100,,,,,,
260516D107,,,,,,
260517C003,,,,,,
260517C004,,,,,,
260517C005,,,,,,
260517C006,,,,,,
260517C007,,,,,,
260517C008,,,,,,
260517C009,,,,,,
260517C010,,,,,,
260517C011,,,,,,
260517D051,,,,,,
260517D053,,,,,,
260517D050,,,,,,
260517D052,,,,,,
260517D049,,,,,,
260517D054,,,,,,
260517D067,,,,,,
260517D066,,,,,,
260517C015,,,,,,
260517C230,,,,,,
260517D086,,,,,,
260517C273,,,,,,
260518C138,,,,,,
260518C139,,,,,,
260518C140,,,,,,
260518C141,,,,,,
260518C142,,,,,,
260518C143,,,,,,
260518C144,,,,,,
260518C145,,,,,,
260518C146,,,,,,
260518C147,,,,,,
260518C148,,,,,,
260518C149,,,,,,
260518C150,,,,,,
260518C152,,,,,,
260518C153,,,,,,
260518C154,,,,,,
260518C155,,,,,,
260518C156,,,,,,
260518C160,,,,,,
260518C161,,,,,,
260518C428,,,,,,
260518C436,,,,,,
260518D089,,,,,,
260518D091,,,,,,
260518D097,,,,,,
260518D111,,,,,,
260518D112,,,,,,
260518D114,,,,,,
260518D156,,,,,,
260518D164,,,,,,
260519C025,,,,,,
260519C028,,,,,,
260519C030,,,,,,
260519C031,,,,,,
260519C033,,,,,,
260519C049,,,,,,
260519C050,,,,,,
260519C051,,,,,,
260519C052,,,,,,
260519C053,,,,,,
260519C055,,,,,,
260519C056,,,,,,
260519C057,,,,,,
260519C058,,,,,,
260519C059,,,,,,
260519C060,,,,,,
260519C061,,,,,,
260519C062,,,,,,
260519C179,,,,,,
260519C180,,,,,,
260519C181,,,,,,
260519C182,,,,,,
260519C320,,,,,,
260519D068,,,,,,
260519D070,,,,,,
260519D072,,,,,,
260519D074,,,,,,
260519D076,,,,,,
260519D120,,,,,,
260519D141,,,,,,
260519D144,,,,,,
260520C029,,,,,,
260520C031,,,,,,
260520D065,,,,,,
260520C005,,,,,,
260520C006,,,,,,
260520C011,,,,,,
260520C028,,,,,,
260520D066,,,,,,
260520C004,,,,,,
260520C027,,,,,,
260520C013,,,,,,
260520D068,,,,,,
260520C010,,,,,,
260520C007,,,,,,
260520C022,,,,,,
260520D121,,,,,,
260520D149,,,,,,
260520C034,,,,,,
260520C009,,,,,,
260520C008,,,,,,
260520C030,,,,,,
260520D150,,,,,,
260520C033,,,,,,
260520C012,,,,,,
260521C003,,,,,,
260521C004,,,,,,
260521C005,,,,,,
260521C006,,,,,,
260521C007,,,,,,
260521C008,,,,,,
260521C009,,,,,,
260521C010,,,,,,
260521C013,,,,,,
260521C018,,,,,,
260521C019,,,,,,
260521C251,,,,,,
260521D064,,,,,,
260521D065,,,,,,
260521D066,,,,,,
260521D067,,,,,,
260521D081,,,,,,
260521D083,,,,,,
260521D100,,,,,,
260521D107,,,,,,
260521D131,,,,,,
260522C002,,,,,,
260522C003,,,,,,
260522C004,,,,,,
260522C005,,,,,,
260522C006,,,,,,
260522C007,,,,,,
260522C008,,,,,,
260522C009,,,,,,
260522C011,,,,,,
260522C012,,,,,,
260522C013,,,,,,
260522C014,,,,,,
260522C017,,,,,,
260522C018,,,,,,
260522C189,,,,,,
260522D058,,,,,,
260522D059,,,,,,
260522D060,,,,,,
260522D061,,,,,,
260522D062,,,,,,
260522D102,,,,,,
260522D103,,,,,,
260522D104,,,,,,
260522D105,,,,,,
260522D107,,,,,,
260522D109,,,,,,
260522D129,,,,,,
260522D150,,,,,,
260522D155,,,,,,
260523C114,,,,,,
260523C115,,,,,,
260523C116,,,,,,
260523C117,,,,,,
260523C118,,,,,,
260523C119,,,,,,
260523C120,,,,,,
260523C121,,,,,,
260523C122,,,,,,
260523C123,,,,,,
260523C124,,,,,,
260523C125,,,,,,
260523C126,,,,,,
260523C127,,,,,,
260523C128,,,,,,
260523C156,,,,,,
260523D052,,,,,,
260523D054,,,,,,
260523D055,,,,,,
260523D056,,,,,,
260523D079,,,,,,
260523D081,,,,,,
260523D082,,,,,,
260523D083,,,,,,
260524C032,,,,,,
260524C033,,,,,,
260524C034,,,,,,
260524C035,,,,,,
260524C036,,,,,,
260524C037,,,,,,
260524C038,,,,,,
260524C039,,,,,,
260524D069,,,,,,
260524D068,,,,,,
260524D070,,,,,,
260524D071,,,,,,
260524C040,,,,,,
260524C042,,,,,,
260524D082,,,,,,
260524D080,,,,,,
260524D081,,,,,,
260524C202,,,,,,
260524D091,,,,,,
260524D092,,,,,,
260525C026,,,,,,
260525C027,,,,,,
260525C028,,,,,,
260525C029,,,,,,
260525C030,,,,,,
260525C031,,,,,,
260525C032,,,,,,
260525C033,,,,,,
260525C034,,,,,,
260525C035,,,,,,
260525C036,,,,,,
260525C037,,,,,,
260525C038,,,,,,
260525C039,,,,,,
260525C040,,,,,,
260525C041,,,,,,
260525C042,,,,,,
260525C043,,,,,,
260525C094,,,,,,
260525D067,,,,,,
260525D068,,,,,,
260525D069,,,,,,
260525D097,,,,,,
260525D098,,,,,,
260525C096,,,,,,
260525C097,,,,,,
260525C044,,,,,,
260525C045,,,,,,
260525D119,,,,,,
260525D120,,,,,,
260525D144,,,,,,
260525D118,,,,,,
260525D127,,,,,,
260524D112,,,,,,
260526C043,,,,,,
260526C044,,,,,,
260526C045,,,,,,
260526C046,,,,,,
260526C047,,,,,,
260526C048,,,,,,
260526C049,,,,,,
260526C050,,,,,,
260526C051,,,,,,
260526C052,,,,,,
260526C055,,,,,,
260526C056,,,,,,
260526C289,,,,,,
260526D083,,,,,,
260526D084,,,,,,
260526D085,,,,,,
260526D086,,,,,,
260526D104,,,,,,
260526D105,,,,,,
260526D124,,,,,,
260526D131,,,,,,
260527C031,,,,,,
260527C032,,,,,,
260527C033,,,,,,
260527C034,,,,,,
260527C035,,,,,,
260527C041,,,,,,
260527D073,,,,,,
260527D074,,,,,,
260527D075,,,,,,
260527D076,,,,,,
260527D077,,,,,,
260527D084,,,,,,
260527D085,,,,,,
260527D087,,,,,,
260527D100,,,,,,
260527D127,,,,,,
260527D128,,,,,,
260528C002,,,,,,
260528C003,,,,,,
260528C004,,,,,,
260528C005,,,,,,
260528C006,,,,,,
260528C007,,,,,,
260528C008,,,,,,
260528C009,,,,,,
260528C011,,,,,,
260528D074,,,,,,
260528D073,,,,,,
260528D075,,,,,,
260528C012,,,,,,
260528C013,,,,,,
260528C251,,,,,,
260528C014,,,,,,
260528C015,,,,,,
260528D122,,,,,,
260528D125,,,,,,
260528D123,,,,,,
260528D135,,,,,,
260528D121,,,,,,
260528C294,,,,,,
260528D072,,,,,,
260529C027,,,,,,
260529C028,,,,,,
260529C029,,,,,,
260529C030,,,,,,
260529C031,,,,,,
260529C032,,,,,,
260529C033,,,,,,
260529C034,,,,,,
260529C035,,,,,,
260529C036,,,,,,
260529C037,,,,,,
260529C039,,,,,,
260529C040,,,,,,
260529D074,,,,,,
260529D075,,,,,,
260529D076,,,,,,
260529D077,,,,,,
260529D113,,,,,,
260529D116,,,,,,
260529D123,,,,,,
260529D139,,,,,,
260530C003,,,,,,
260530C004,,,,,,
260530C005,,,,,,
260530C006,,,,,,
260530C007,,,,,,
260530C008,,,,,,
260530C009,,,,,,
260530C011,,,,,,
260530C015,,,,,,
260530C016,,,,,,
260530D060,,,,,,
260530D061,,,,,,
260530D062,,,,,,
260530D064,,,,,,
260530D100,,,,,,
260530D101,,,,,,
260531C004,,,,,,
260531C005,,,,,,
260531C006,,,,,,
260531C007,,,,,,
260531C008,,,,,,
260531C009,,,,,,
260531C010,,,,,,
260531C016,,,,,,
260531D050,,,,,,
260531D051,,,,,,
260531D053,,,,,,
260531D054,,,,,,
260531D072,,,,,,
260601C003,,,,,,
260601C004,,,,,,
260601C005,,,,,,
260601C006,,,,,,
260601C007,,,,,,
260601C008,,,,,,
260601C009,,,,,,
260601C010,,,,,,
260601C011,,,,,,
260601D078,,,,,,
260601D079,,,,,,
260601D080,,,,,,
260601D082,,,,,,
260601C017,,,,,,
260601C020,,,,,,
260601C249,,,,,,
260601D109,,,,,,
260601D106,,,,,,
260601D119,,,,,,
260601D110,,,,,,
260531D088,,,,,,
260601D112,,,,,,
260602C062,,,,,,
260602C063,,,,,,
260602C064,,,,,,
260602C065,,,,,,
260602C066,,,,,,
260602C067,,,,,,
260602C068,,,,,,
260602C069,,,,,,
260602C070,,,,,,
260602C071,,,,,,
260602C072,,,,,,
260602C073,,,,,,
260602C074,,,,,,
260602C075,,,,,,
260602C076,,,,,,
260602C077,,,,,,
260602C078,,,,,,
260602C079,,,,,,
260602C080,,,,,,
260602C182,,,,,,
260602C188,,,,,,
260602D079,,,,,,
260602D080,,,,,,
260602D081,,,,,,
260602D082,,,,,,
260602D083,,,,,,
260602D100,,,,,,
260602D124,,,,,,
260603C299,,,,,,
260603D075,,,,,,
260603C001,,,,,,
260603C012,,,,,,
260603C011,,,,,,
260603C008,,,,,,
260603C010,,,,,,
260603C002,,,,,,
260603C297,,,,,,
260603C016,,,,,,
260603D073,,,,,,
260603C006,,,,,,
260603C007,,,,,,
260603C009,,,,,,
260603D077,,,,,,
260603C004,,,,,,
260603C005,,,,,,
260603C013,,,,,,
260603D074,,,,,,
260603C003,,,,,,
260604D058,,,,,,
260604C007,,,,,,
260604C015,,,,,,
260604C016,,,,,,
260604C019,,,,,,
260604C008,,,,,,
260604C006,,,,,,
260604C011,,,,,,
260604D060,,,,,,
260604D059,,,,,,
260604C012,,,,,,
260604C005,,,,,,
260604C010,,,,,,
260604C009,,,,,,
260604D092,,,,,,
260604C018,,,,,,
260604D062,,,,,,
260604D061,,,,,,
260605C004,,,,,,
260605C005,,,,,,
260605C006,,,,,,
260605C007,,,,,,
260605C008,,,,,,
260605C009,,,,,,
260605C010,,,,,,
260605C011,,,,,,
260605C012,,,,,,
260605C013,,,,,,
260605C015,,,,,,
260605C016,,,,,,
260605C017,,,,,,
260605D075,,,,,,
260605D076,,,,,,
260605D077,,,,,,
260605D078,,,,,,
260605D079,,,,,,
260605D115,,,,,,
260605D116,,,,,,
260605D117,,,,,,
260605D118,,,,,,
260605D130,,,,,,
260605D131,,,,,,
260605D132,,,,,,
260605D162,,,,,,
260605C286,,,,,,
260606C004,,,,,,
260606C012,,,,,,
260606C017,,,,,,
260606C006,,,,,,
260606C003,,,,,,
260606C005,,,,,,
260606D074,,,,,,
260606C009,,,,,,
260606C007,,,,,,
260606C008,,,,,,
260606C232,,,,,,
260606D070,,,,,,
260606D072,,,,,,
260606D073,,,,,,
260606D071,,,,,,
260606C010,,,,,,
260606C011,,,,,,
260606C016,,,,,,
260606C252,,,,,,
260607C002,,,,,,
260607C003,,,,,,
260607C004,,,,,,
260607C005,,,,,,
260607C011,,,,,,
260607C012,,,,,,
260607D054,,,,,,
260607D055,,,,,,
260607D056,,,,,,
260607D058,,,,,,
260607D084,,,,,,
260608C031,,,,,,
260608C023,,,,,,
260608C024,,,,,,
260608C038,,,,,,
260608C037,,,,,,
260608D086,,,,,,
260608C027,,,,,,
260608C028,,,,,,
260608C032,,,,,,
260608C034,,,,,,
260608D132,,,,,,
260608C025,,,,,,
260608C030,,,,,,
260608C039,,,,,,
260608D084,,,,,,
260608C029,,,,,,
260608C026,,,,,,
260608D083,,,,,,
260608C245,,,,,,
260608C036,,,,,,
260608D116,,,,,,
260608C290,,,,,,
260608C033,,,,,,
260608C035,,,,,,
260609C033,,,,,,
260609C034,,,,,,
260609C035,,,,,,
260609C036,,,,,,
260609C037,,,,,,
260609C038,,,,,,
260609C039,,,,,,
260609C040,,,,,,
260609C041,,,,,,
260609C042,,,,,,
260609D110,,,,,,
260609D112,,,,,,
260609D113,,,,,,
260609D114,,,,,,
260609D162,,,,,,
260609C044,,,,,,
260609C048,,,,,,
260609C049,,,,,,
260609D128,,,,,,
260609D122,,,,,,
260609D158,,,,,,
260609D163,,,,,,
260609D151,,,,,,
260609D111,,,,,,
260610C001,,,,,,
260610C002,,,,,,
260610C003,,,,,,
260610C004,,,,,,
260610C005,,,,,,
260610C006,,,,,,
260610C007,,,,,,
260610C008,,,,,,
260610C011,,,,,,
260610C015,,,,,,
260610C016,,,,,,
260610D068,,,,,,
260610D069,,,,,,
260610D070,,,,,,
260610D071,,,,,,
260610D072,,,,,,
260610D079,,,,,,
260610D080,,,,,,
260610D081,,,,,,
260610D084,,,,,,
260610D120,,,,,,
260610D129,,,,,,
260611C005,,,,,,
260611C006,,,,,,
260611C007,,,,,,
260611C009,,,,,,
260611C010,,,,,,
260611C011,,,,,,
260611C012,,,,,,
260611C015,,,,,,
260611C019,,,,,,
260611C020,,,,,,
260611D072,,,,,,
260611D073,,,,,,
260611D074,,,,,,
260611D075,,,,,,
260611D076,,,,,,
260611D102,,,,,,
260611D104,,,,,,
260611D116,,,,,,
260612C006,,,,,,
260612C009,,,,,,
260612C012,,,,,,
260612C004,,,,,,
260612D109,,,,,,
260612C016,,,,,,
260612C014,,,,,,
260612D070,,,,,,
260612C013,,,,,,
260612D112,,,,,,
260612D069,,,,,,
260612C011,,,,,,
260612C010,,,,,,
260612D068,,,,,,
260612D110,,,,,,
260612D147,,,,,,
260612C008,,,,,,
260612C005,,,,,,
260612D118,,,,,,
260612D128,,,,,,
260612C015,,,,,,
260612C007,,,,,,
260612D066,,,,,,
260613C016,,,,,,
260613C012,,,,,,
260613C011,,,,,,
260613D065,,,,,,
260613C007,,,,,,
260613C017,,,,,,
260613C005,,,,,,
260613D091,,,,,,
260613C006,,,,,,
260613D108,,,,,,
260613D064,,,,,,
260613D062,,,,,,
260613C002,,,,,,
260613C009,,,,,,
260613D063,,,,,,
260613D089,,,,,,
260613C010,,,,,,
260613C008,,,,,,
260613C015,,,,,,
260613D088,,,,,,
260613C014,,,,,,
260613C013,,,,,,
260614C006,,,,,,
260614C013,,,,,,
260614D058,,,,,,
260614D060,,,,,,
260614C005,,,,,,
260614C007,,,,,,
260614C003,,,,,,
260614D059,,,,,,
260614C002,,,,,,
260614D086,,,,,,
260614D057,,,,,,
260614C008,,,,,,
260614D056,,,,,,
260614C004,,,,,,
260614C009,,,,,,
260614C010,,,,,,
260614D089,,,,,,
260615D086,,,,,,
260615D112,,,,,,
260615C021,,,,,,
260615C009,,,,,,
260615C020,,,,,,
260615C008,,,,,,
260615C007,,,,,,
260615D085,,,,,,
260615D088,,,,,,
260615D087,,,,,,
260615C004,,,,,,
260615D110,,,,,,
260615C003,,,,,,
260615C002,,,,,,
260615C005,,,,,,
260615D116,,,,,,
260615D115,,,,,,
260615D111,,,,,,
260615C010,,,,,,
260615C006,,,,,,
260616C002,,,,,,
260616C003,,,,,,
260616C004,,,,,,
260616C005,,,,,,
260616C006,,,,,,
260616C007,,,,,,
260616C008,,,,,,
260616C009,,,,,,
260616C010,,,,,,
260616D069,,,,,,
260616D070,,,,,,
260616D073,,,,,,
260616D074,,,,,,
260616C144,,,,,,
260616C015,,,,,,
260616C238,,,,,,
260616C017,,,,,,
260616D122,,,,,,
260616D085,,,,,,
260616D099,,,,,,
260616C216,,,,,,
260616D086,,,,,,
260616D090,,,,,,
260617D094,,,,,,
260617C026,,,,,,
260617D084,,,,,,
260617D088,,,,,,
260617D095,,,,,,
260617D085,,,,,,
260617C037,,,,,,
260617C038,,,,,,
260617D093,,,,,,
260617C027,,,,,,
260617C032,,,,,,
260617C033,,,,,,
260617C029,,,,,,
260617D086,,,,,,
260617D091,,,,,,
260617C031,,,,,,
260617C034,,,,,,
260617D087,,,,,,
260617D092,,,,,,
260617C025,,,,,,
260617C028,,,,,,
260617C024,,,,,,
260617C035,,,,,,
260617D118,,,,,,
260617C030,,,,,,
260617C023,,,,,,
260618C015,,,,,,
260618C016,,,,,,
260618C017,,,,,,
260618C018,,,,,,
260618C019,,,,,,
260618C020,,,,,,
260618C021,,,,,,
260618C022,,,,,,
260618C023,,,,,,
260618C024,,,,,,
260618C025,,,,,,
260618C026,,,,,,
260618C027,,,,,,
260618D077,,,,,,
260618D078,,,,,,
260618D079,,,,,,
260618D080,,,,,,
260618D081,,,,,,
260618C028,,,,,,
260618C029,,,,,,
260618D104,,,,,,
260618D095,,,,,,
260618D100,,,,,,
260619D141,,,,,,
260619C002,,,,,,
260619C003,,,,,,
260619C004,,,,,,
260619C005,,,,,,
260619C006,,,,,,
260619C007,,,,,,
260619C008,,,,,,
260619C009,,,,,,
260619C010,,,,,,
260619C011,,,,,,
260619C012,,,,,,
260619C013,,,,,,
260619C014,,,,,,
260619C015,,,,,,
260619C016,,,,,,
260619D077,,,,,,
260619D078,,,,,,
260619D079,,,,,,
260619D080,,,,,,
260619D081,,,,,,
260619D109,,,,,,
260619D110,,,,,,
260619D111,,,,,,
260619D112,,,,,,
260619D161,,,,,,
260620C010,,,,,,
260620C011,,,,,,
260620C012,,,,,,
260620C013,,,,,,
260620C014,,,,,,
260620C015,,,,,,
260620C016,,,,,,
260620C017,,,,,,
260620C018,,,,,,
260620C019,,,,,,
260620C020,,,,,,
260620C021,,,,,,
260620C023,,,,,,
260620C024,,,,,,
260620D076,,,,,,
260620D078,,,,,,
260620D079,,,,,,
260620D080,,,,,,
260620D101,,,,,,
260620D106,,,,,,
260620D110,,,,,,
260620D135,,,,,,
260621C002,,,,,,
260621C003,,,,,,
260621C005,,,,,,
260621C006,,,,,,
260621C007,,,,,,
260621C008,,,,,,
260621D043,,,,,,
260621D044,,,,,,
260621D045,,,,,,
260621D047,,,,,,
260621C009,,,,,,
260621C010,,,,,,
260621C012,,,,,,
260621D071,,,,,,
260620D111,,,,,,
260622C050,,,,,,
260622D079,,,,,,
260622C037,,,,,,
260622D101,,,,,,
260622D111,,,,,,
260622C038,,,,,,
260622D112,,,,,,
260622C036,,,,,,
260622C042,,,,,,
260622D080,,,,,,
260622D076,,,,,,
260622C033,,,,,,
260622C044,,,,,,
260622C040,,,,,,
260622D077,,,,,,
260622C041,,,,,,
260622C035,,,,,,
260622C034,,,,,,
260622D128,,,,,,
260622C043,,,,,,
260622C045,,,,,,
260622D124,,,,,,
260622C039,,,,,,
260622C051,,,,,,
260623C021,,,,,,
260623C022,,,,,,
260623C023,,,,,,
260623C024,,,,,,
260623C025,,,,,,
260623C026,,,,,,
260623C027,,,,,,
260623C028,,,,,,
260623C029,,,,,,
260623C030,,,,,,
260623C031,,,,,,
260623D064,,,,,,
260623D065,,,,,,
260623D066,,,,,,
260623D067,,,,,,
260623C032,,,,,,
260623C036,,,,,,
260623C037,,,,,,
260623D092,,,,,,
260623D093,,,,,,
260623D094,,,,,,
260623D112,,,,,,
260623D096,,,,,,
260624D085,,,,,,
260624C020,,,,,,
260624C019,,,,,,
260624C018,,,,,,
260624D082,,,,,,
260624C026,,,,,,
260624D096,,,,,,
260624C016,,,,,,
260624C021,,,,,,
260624D083,,,,,,
260624D084,,,,,,
260624C027,,,,,,
260624D081,,,,,,
260624D101,,,,,,
260624D105,,,,,,
260624C017,,,,,,
260624C014,,,,,,
260624C013,,,,,,
260624D152,,,,,,
260624C022,,,,,,
260624D091,,,,,,
260624C015,,,,,,
260625C003,,,,,,
260625D079,,,,,,
260625C004,,,,,,
260625C011,,,,,,
260625C013,,,,,,
260625D077,,,,,,
260625D076,,,,,,
260625C012,,,,,,
260625C010,,,,,,
260625D080,,,,,,
260625C006,,,,,,
260625C005,,,,,,
260625D108,,,,,,
260625D078,,,,,,
260625D163,,,,,,
260625C007,,,,,,
260625C008,,,,,,
260625D109,,,,,,
260625D137,,,,,,
260625C016,,,,,,
260625C017,,,,,,
260625C009,,,,,,
260626C002,,,,,,
260626C003,,,,,,
260626C004,,,,,,
260626C005,,,,,,
260626C006,,,,,,
260626C007,,,,,,
260626C008,,,,,,
260626C009,,,,,,
260626C010,,,,,,
260626C011,,,,,,
260626C012,,,,,,
260626C015,,,,,,
260626C016,,,,,,
260626C281,,,,,,
260626D098,,,,,,
260626D099,,,,,,
260626D100,,,,,,
260626D101,,,,,,
260626D102,,,,,,
260626D109,,,,,,
260626D138,,,,,,
260627C001,,,,,,
260627C002,,,,,,
260627C003,,,,,,
260627C004,,,,,,
260627C005,,,,,,
260627C006,,,,,,
260627C007,,,,,,
260627C008,,,,,,
260627C009,,,,,,
260627C010,,,,,,
260627C011,,,,,,
260627C012,,,,,,
260627C013,,,,,,
260627C014,,,,,,
260627C015,,,,,,
260627D064,,,,,,
260627D065,,,,,,
260627D066,,,,,,
260627D067,,,,,,
260627D068,,,,,,
260628C011,,,,,,
260628D052,,,,,,
260628C002,,,,,,
260628C198,,,,,,
260628C007,,,,,,
260628C005,,,,,,
260628D038,,,,,,
260628D039,,,,,,
260628C003,,,,,,
260628C006,,,,,,
260628D042,,,,,,
260628D040,,,,,,
260628D041,,,,,,
260628C012,,,,,,
260628C008,,,,,,
260628C004,,,,,,
260629C033,,,,,,
260629C023,,,,,,
260629C022,,,,,,
260629C037,,,,,,
260629C216,,,,,,
260629D096,,,,,,
260629C036,,,,,,
260629C029,,,,,,
260629C026,,,,,,
260629C031,,,,,,
260629C027,,,,,,
260629D105,,,,,,
260629D092,,,,,,
260629C024,,,,,,
260629D095,,,,,,
260629C035,,,,,,
260629C030,,,,,,
260629C034,,,,,,
260629D093,,,,,,
260629C038,,,,,,
260629C028,,,,,,
260629C025,,,,,,
260629C336,,,,,,
260629D123,,,,,,
260629D120,,,,,,
260629C032,,,,,,
260629D106,,,,,,
260629D107,,,,,,
260630C009,,,,,,
260630C010,,,,,,
260630C011,,,,,,
260630C012,,,,,,
260630C013,,,,,,
260630C014,,,,,,
260630C015,,,,,,
260630C016,,,,,,
260630C017,,,,,,
260630C018,,,,,,
260630C019,,,,,,
260630C020,,,,,,
260630C021,,,,,,
260630C022,,,,,,
260630C023,,,,,,
260630C024,,,,,,
260630C025,,,,,,
260630C193,,,,,,
260630C195,,,,,,
260630C196,,,,,,
260630C197,,,,,,
260630C337,,,,,,
260630D069,,,,,,
260630D071,,,,,,
260630D072,,,,,,
260630D073,,,,,,
260630D085,,,,,,
260630D086,,,,,,
260630D092,,,,,,
260630D098,,,,,,
260630D100,,,,,,
260701C022,,,,,,
260701C023,,,,,,
260701C024,,,,,,
260701C025,,,,,,
260701C026,,,,,,
260701C027,,,,,,
260701C028,,,,,,
260701C029,,,,,,
260701C030,,,,,,
260701C031,,,,,,
260701C032,,,,,,
260701C033,,,,,,
260701C034,,,,,,
260701C162,,,,,,
260701C163,,,,,,
260701C165,,,,,,
260701C289,,,,,,
260701D062,,,,,,
260701D063,,,,,,
260701D064,,,,,,
260701D066,,,,,,
260701D093,,,,,,
260701D096,,,,,,
260701D098,,,,,,
260701D103,,,,,,
260701D109,,,,,,
260701D110,,,,,,
260701D119,,,,,,
260702D111,,,,,,
260702D113,,,,,,
260702D110,,,,,,
260702D109,,,,,,
260702C013,,,,,,
260702D112,,,,,,
260702C295,,,,,,
260702D130,,,,,,
260702D108,,,,,,
260702C015,,,,,,
260702C014,,,,,,
260702D066,,,,,,
260702D065,,,,,,
260702D063,,,,,,
260702D062,,,,,,
260702C012,,,,,,
260702C011,,,,,,
260702C010,,,,,,
260702C009,,,,,,
260702C008,,,,,,
260702C007,,,,,,
260702C006,,,,,,
260702C005,,,,,,
260702C004,,,,,,
260702C003,,,,,,
260702C002,,,,,,
260703C006,,,,,,
260703C009,,,,,,
260703C012,,,,,,
260703C015,,,,,,
260703D109,,,,,,
260703D081,,,,,,
260703D110,,,,,,
260703C005,,,,,,
260703C011,,,,,,
260703C013,,,,,,
260703D083,,,,,,
260703C004,,,,,,
260703D082,,,,,,
260703C003,,,,,,
260703D084,,,,,,
260703C008,,,,,,
260703C002,,,,,,
260703D124,,,,,,
260703D114,,,,,,
260703C016,,,,,,
260703C010,,,,,,
260703C007,,,,,,
260704C003,,,,,,
260704C004,,,,,,
260704C005,,,,,,
260704C006,,,,,,
260704C007,,,,,,
260704C008,,,,,,
260704C009,,,,,,
260704C010,,,,,,
260704C011,,,,,,
260704C012,,,,,,
260704C013,,,,,,
260704C014,,,,,,
260704C016,,,,,,
260704C017,,,,,,
260704C206,,,,,,
260704C220,,,,,,
260704D071,,,,,,
260704D072,,,,,,
260704D073,,,,,,
260704D074,,,,,,
260704D130,,,,,,
260705D072,,,,,,
260705C007,,,,,,
260705D053,,,,,,
260705C005,,,,,,
260705C001,,,,,,
260705D080,,,,,,
260705D050,,,,,,
260705D051,,,,,,
260705C010,,,,,,
260705D081,,,,,,
260705C002,,,,,,
260705C011,,,,,,
260705D052,,,,,,
260704C243,,,,,,
260705C008,,,,,,
260705D074,,,,,,
260705D054,,,,,,
260706C017,,,,,,
260706C294,,,,,,
260706C012,,,,,,
260706C005,,,,,,
260706D089,,,,,,
260706D055,,,,,,
260706D087,,,,,,
260706C242,,,,,,
260706C013,,,,,,
260706C014,,,,,,
260706D090,,,,,,
260706D086,,,,,,
260706C008,,,,,,
260706C011,,,,,,
260706C004,,,,,,
260706D088,,,,,,
260706C006,,,,,,
260706C015,,,,,,
260706C002,,,,,,
260706D121,,,,,,
260706C007,,,,,,
260706C009,,,,,,
260706C003,,,,,,
260706D128,,,,,,
260706C018,,,,,,
260706C010,,,,,,
260706C243,,,,,,
260707C033,,,,,,
260707C040,,,,,,
260707C024,,,,,,
260707C027,,,,,,
260707D117,,,,,,
260707C035,,,,,,
260707D088,,,,,,
260707D089,,,,,,
260707D087,,,,,,
260707C028,,,,,,
260707C026,,,,,,
260707C037,,,,,,
260707C036,,,,,,
260707C032,,,,,,
260707C029,,,,,,
260707C034,,,,,,
260707D115,,,,,,
260707C031,,,,,,
260707C030,,,,,,
260707C025,,,,,,
260707D127,,,,,,
260707D126,,,,,,
260707C039,,,,,,
260707D114,,,,,,
260707D091,,,,,,
260708C006,,,,,,
260708C004,,,,,,
260708C008,,,,,,
260708D102,,,,,,
260708D072,,,,,,
260708D103,,,,,,
260708C017,,,,,,
260708D069,,,,,,
260708D073,,,,,,
260708C010,,,,,,
260708C005,,,,,,
260708C013,,,,,,
260708D071,,,,,,
260708C002,,,,,,
260708C009,,,,,,
260708C007,,,,,,
260708D101,,,,,,
260708D104,,,,,,
260708C018,,,,,,
260708C003,,,,,,
260708C317,,,,,,
260708D100,,,,,,
260708C254,,,,,,
260708C012,,,,,,
260708D070,,,,,,
260709C001,,,,,,
260709C002,,,,,,
260709C003,,,,,,
260709C004,,,,,,
260709C005,,,,,,
260709C006,,,,,,
260709C007,,,,,,
260709C008,,,,,,
260709C009,,,,,,
260709C010,,,,,,
260709C011,,,,,,
260709C012,,,,,,
260709C014,,,,,,
260709C015,,,,,,
260709C295,,,,,,
260709C301,,,,,,
260709D088,,,,,,
260709D089,,,,,,
260709D090,,,,,,
260709D091,,,,,,
260709D092,,,,,,
260709D134,,,,,,
260709D135,,,,,,
260709D136,,,,,,
260709D137,,,,,,
260709D138,,,,,,
260709D139,,,,,,
260709D140,,,,,,
260709D148,,,,,,
260710C009,,,,,,
260710D087,,,,,,
260710D085,,,,,,
260710D086,,,,,,
260710C010,,,,,,
260710C018,,,,,,
260710D021,,,,,,
260710C014,,,,,,
260710D112,,,,,,
260710D124,,,,,,
260710C011,,,,,,
260710C005,,,,,,
260710C013,,,,,,
260710D084,,,,,,
260710D123,,,,,,
260710C006,,,,,,
260710C015,,,,,,
260710C016,,,,,,
260710C017,,,,,,
260710D083,,,,,,
260710D120,,,,,,
260710C004,,,,,,
260710C008,,,,,,
260710C007,,,,,,
260710D139,,,,,,
260710C200,,,,,,
260710D115,,,,,,
260710C195,,,,,,
260710C196,,,,,,
260710C012,,,,,,
260711C003,,,,,,
260711C004,,,,,,
260711C005,,,,,,
260711C006,,,,,,
260711C007,,,,,,
260711C008,,,,,,
260711C009,,,,,,
260711C010,,,,,,
260711C011,,,,,,
260711C012,,,,,,
260711D121,,,,,,
260711D122,,,,,,
260711D124,,,,,,
260711D125,,,,,,
260711C014,,,,,,
260711C015,,,,,,
260711C016,,,,,,
260711C017,,,,,,
260711D155,,,,,,
260711D153,,,,,,
260711D154,,,,,,
260711D152,,,,,,
260711D169,,,,,,
260712C001,,,,,,
260712C002,,,,,,
260712C003,,,,,,
260712C004,,,,,,
260712C005,,,,,,
260712D055,,,,,,
260712D056,,,,,,
260712D057,,,,,,
260712D058,,,,,,
260712C009,,,,,,
260712C010,,,,,,
260712C011,,,,,,
260712D067,,,,,,
260712D087,,,,,,
260711C239,,,,,,
260713C005,,,,,,
260713C015,,,,,,
260713D097,,,,,,
260713C001,,,,,,
260713C213,,,,,,
260713D100,,,,,,
260713C016,,,,,,
260713C008,,,,,,
260713C019,,,,,,
260713C012,,,,,,
260713D130,,,,,,
260713C003,,,,,,
260713C010,,,,,,
260713D121,,,,,,
260713D125,,,,,,
260713C004,,,,,,
260713C011,,,,,,
260713D124,,,,,,
260713D098,,,,,,
260713C002,,,,,,
260713D096,,,,,,
260713D122,,,,,,
260713C014,,,,,,
260713C006,,,,,,
260713C007,,,,,,
260713D099,,,,,,
260713D150,,,,,,
260713D129,,,,,,
260713D133,,,,,,
260713C020,,,,,,
260713C009,,,,,,
260714C028,,,,,,
260714D018,,,,,,
260714C025,,,,,,
260714C038,,,,,,
260714C039,,,,,,
260714D021,,,,,,
260714C168,,,,,,
260714D042,,,,,,
260714C203,,,,,,
260714C029,,,,,,
260714C034,,,,,,
260714D019,,,,,,
260714D129,,,,,,
260714D022,,,,,,
260714C033,,,,,,
260714C031,,,,,,
260714D044,,,,,,
260714C036,,,,,,
260714C026,,,,,,
260714C032,,,,,,
260714C037,,,,,,
260714C030,,,,,,
260714D064,,,,,,
260714C247,,,,,,
260714C027,,,,,,
260714C035,,,,,,
260715C004,,,,,,
260715C005,,,,,,
260715C006,,,,,,
260715C007,,,,,,
260715C008,,,,,,
260715C009,,,,,,
260715C192,,,,,,
260715C011,,,,,,
260715C012,,,,,,
260715C013,,,,,,
260715C014,,,,,,
260715D043,,,,,,
260715D044,,,,,,
260715D045,,,,,,
260715D046,,,,,,
260715D047,,,,,,
260715C305,,,,,,
260715C018,,,,,,
260715C019,,,,,,
260715D074,,,,,,
260715D078,,,,,,
260715D076,,,,,,
260715D109,,,,,,
260716C016,,,,,,
260716C007,,,,,,
260716D126,,,,,,
260716C015,,,,,,
260716C008,,,,,,
260716C004,,,,,,
260716D149,,,,,,
260716D086,,,,,,
260716C006,,,,,,
260716C003,,,,,,
260716D087,,,,,,
260716D084,,,,,,
260716C002,,,,,,
260716C009,,,,,,
260716D083,,,,,,
260716D085,,,,,,
260716C005,,,,,,
260716C011,,,,,,
260716D175,,,,,,
260716D120,,,,,,
260716D121,,,,,,
260717D071,,,,,,
260717C011,,,,,,
260717C012,,,,,,
260717D069,,,,,,
260717D104,,,,,,
260717D070,,,,,,
260717C007,,,,,,
260717C010,,,,,,
260717C013,,,,,,
260717D072,,,,,,
260717C005,,,,,,
260717L102,,,,,,
260717C004,,,,,,
260717D068,,,,,,
260717C009,,,,,,
260717C003,,,,,,
260717D157,,,,,,
260717C017,,,,,,
260717C008,,,,,,
260717C016,,,,,,
260718D066,,,,,,
260718C012,,,,,,
260718C003,,,,,,
260718C009,,,,,,
260718C015,,,,,,
260718C008,,,,,,
260718C007,,,,,,
260718D068,,,,,,
260718D067,,,,,,
260718D069,,,,,,
260718D070,,,,,,
260718C005,,,,,,
260718C004,,,,,,
260718C002,,,,,,
260718C006,,,,,,
260719C012,,,,,,
260719D076,,,,,,
260719C005,,,,,,
260719C002,,,,,,
260719D052,,,,,,
260719C004,,,,,,
260719C171,,,,,,
260719D053,,,,,,
260719D051,,,,,,
260719C011,,,,,,
260719C009,,,,,,
260719D054,,,,,,
260719C008,,,,,,
260719C010,,,,,,
260719C007,,,,,,
260719D078,,,,,,
260719C003,,,,,,
260719D050,,,,,,
260719C006,,,,,,
260720C003,,,,,,
260720C004,,,,,,
260720C005,,,,,,
260720C006,,,,,,
260720C007,,,,,,
260720C008,,,,,,
260720C009,,,,,,
260720C010,,,,,,
260720C011,,,,,,
260720C012,,,,,,
260720C013,,,,,,
260720C014,,,,,,
260720C015,,,,,,
260720C016,,,,,,
260720C017,,,,,,
260720C018,,,,,,
260720C019,,,,,,
260720C021,,,,,,
260720C022,,,,,,
260720C211,,,,,,
260720D097,,,,,,
260720D098,,,,,,
260720D099,,,,,,
260720D100,,,,,,
260720D101,,,,,,
260720D117,,,,,,
260720D118,,,,,,
260720D119,,,,,,
260720D120,,,,,,
260720D129,,,,,,
260720D136,,,,,,
260720D137,,,,,,
260720D148,,,,,,
260720L002,,,,,,
260721C031,,,,,,
260721C034,,,,,,
260721C038,,,,,,
260721D079,,,,,,
260721C030,,,,,,
260721D080,,,,,,
260721D082,,,,,,
260721C033,,,,,,
260721C039,,,,,,
260721C032,,,,,,
260721D119,,,,,,
260721D107,,,,,,
260721D078,,,,,,
260721C024,,,,,,
260721C029,,,,,,
260721D106,,,,,,
260721C025,,,,,,
260721C026,,,,,,
260721C023,,,,,,
260721C255,,,,,,
260721C035,,,,,,
260721D141,,,,,,
260721D081,,,,,,
260721D108,,,,,,
260721C300,,,,,,
260721C027,,,,,,
260721C028,,,,,,
260721D105,,,,,,
260722C023,,,,,,
260722C026,,,,,,
260722D104,,,,,,
260722D057,,,,,,
260722C024,,,,,,
260722C031,,,,,,
260722D107,,,,,,
260722D060,,,,,,
260722C022,,,,,,
260722C019,,,,,,
260722C025,,,,,,
260722D109,,,,,,
260722D059,,,,,,
260722D103,,,,,,
260722C021,,,,,,
260722C020,,,,,,
260722D061,,,,,,
260722D058,,,,,,
260722D105,,,,,,
260722D106,,,,,,
260722C018,,,,,,
260722D119,,,,,,
260722D111,,,,,,
260722D133,,,,,,
260722C032,,,,,,
260722D102,,,,,,
260723C007,,,,,,
260723D137,,,,,,
260723D202,,,,,,
260723C005,,,,,,
260723C009,,,,,,
260723D119,,,,,,
260723D115,,,,,,
260723D130,,,,,,
260723D084,,,,,,
260723D082,,,,,,
260723D083,,,,,,
260723C011,,,,,,
260723C013,,,,,,
260723C016,,,,,,
260723D121,,,,,,
260723C008,,,,,,
260723C002,,,,,,
260723D085,,,,,,
260723D129,,,,,,
260723D126,,,,,,
260723C006,,,,,,
260723C003,,,,,,
260723C010,,,,,,
260723C015,,,,,,
260723D156,,,,,,
260723D081,,,,,,
260723C004,,,,,,
260724D123,,,,,,
260724C243,,,,,,
260724C013,,,,,,
260724C014,,,,,,
260724C005,,,,,,
260724C006,,,,,,
260724C016,,,,,,
260724C168,,,,,,
260724D073,,,,,,
260724C012,,,,,,
260724C010,,,,,,
260724C002,,,,,,
260724C011,,,,,,
260724D175,,,,,,
260724C015,,,,,,
260724D126,,,,,,
260724D077,,,,,,
260724C009,,,,,,
260724C167,,,,,,
260724C170,,,,,,
260724C004,,,,,,
260724D075,,,,,,
260724C003,,,,,,
260724C008,,,,,,
260724D122,,,,,,
260724D154,,,,,,
260724D124,,,,,,
260724D076,,,,,,
260724C169,,,,,,
260724C007,,,,,,
260725C002,,,,,,
260725C005,,,,,,
260725C010,,,,,,
260725C006,,,,,,
260725C013,,,,,,
260725C014,,,,,,
260725C003,,,,,,
260725C001,,,,,,
260725C218,,,,,,
260725D106,,,,,,
260725D077,,,,,,
260724D074,,,,,,
260725C011,,,,,,
260725C007,,,,,,
260725D104,,,,,,
260725D076,,,,,,
260725D079,,,,,,
260725C008,,,,,,
260725C012,,,,,,
260725D080,,,,,,
260725D078,,,,,,
260725C004,,,,,,
260726C001,,,,,,
260726C002,,,,,,
260726C003,,,,,,
260726C004,,,,,,
260726C005,,,,,,
260726C006,,,,,,
260726C007,,,,,,
260726C009,,,,,,
260726C183,,,,,,
260726C200,,,,,,
260726D057,,,,,,
260726D058,,,,,,
260726D059,,,,,,
260726D060,,,,,,
260726D061,,,,,,
260726D076,,,,,,
260726D081,,,,,,
260726D086,,,,,,
260726D099,,,,,,
260726D100,,,,,,
260727C003,,,,,,
260727C004,,,,,,
260727C005,,,,,,
260727C006,,,,,,
260727C007,,,,,,
260727C008,,,,,,
260727C009,,,,,,
260727C010,,,,,,
260727C011,,,,,,
260727C012,,,,,,
260727C013,,,,,,
260727C014,,,,,,
260727C015,,,,,,
260727D100,,,,,,
260727D101,,,,,,
260727D102,,,,,,
260727D103,,,,,,
260727D105,,,,,,
260727C019,,,,,,
260727C021,,,,,,
260727C022,,,,,,
260727D129,,,,,,
260727D131,,,,,,
260727D130,,,,,,
260727D144,,,,,,
260727D140,,,,,,
260727D127,,,,,,
260728D073,,,,,,
260728C023,,,,,,
260728D071,,,,,,
260728D072,,,,,,
260728D097,,,,,,
260728D106,,,,,,
260728D094,,,,,,
260728C028,,,,,,
260728C031,,,,,,
260728C032,,,,,,
260728D099,,,,,,
260728D092,,,,,,
260728C022,,,,,,
260728C030,,,,,,
260728D074,,,,,,
260728C036,,,,,,
260728C024,,,,,,
260728D095,,,,,,
260728D140,,,,,,
260728C029,,,,,,
260728C035,,,,,,
260728C025,,,,,,
260728C026,,,,,,
260729D069,,,,,,
260729C006,,,,,,
260729C005,,,,,,
260729C015,,,,,,
260729C014,,,,,,
260729C011,,,,,,
260729C007,,,,,,
260729C010,,,,,,
260729C002,,,,,,
260729D068,,,,,,
260729D070,,,,,,
260729C004,,,,,,
260729C001,,,,,,
260729D066,,,,,,
260729D067,,,,,,
260729C003,,,,,,
260729C008,,,,,,
260729D104,,,,,,
260729D142,,,,,,
260729D099,,,,,,
260729C263,,,,,,
260729C009,,,,,,
260730C003,,,,,,
260730C004,,,,,,
260730C005,,,,,,
260730C006,,,,,,
260730C007,,,,,,
260730C009,,,,,,
260730C010,,,,,,
260730D094,,,,,,
260730D095,,,,,,
260730D096,,,,,,
260730D097,,,,,,
260730D098,,,,,,
260730C011,,,,,,
260730C012,,,,,,
260730D179,,,,,,
260730C283,,,,,,
260730C016,,,,,,
260730C017,,,,,,
260730D171,,,,,,
260731C006,,,,,,
260731C007,,,,,,
260731C008,,,,,,
260731C009,,,,,,
260731C010,,,,,,
260731C011,,,,,,
260731C012,,,,,,
260731C013,,,,,,
260731C014,,,,,,
260731C015,,,,,,
260731D079,,,,,,
260731D080,,,,,,
260731D081,,,,,,
260731D082,,,,,,
260731C016,,,,,,
260731C018,,,,,,
260731C019,,,,,,
260731D133,,,,,,
260731D119,,,,,,
260731D122,,,,,,
260731D121,,,,,,
260731D177,,,,,,
260731C005,,,,,,
260731D058,,,,,,
260801C018,,,,,,
260801C019,,,,,,
260801C020,,,,,,
260801C021,,,,,,
260801C022,,,,,,
260801C023,,,,,,
260801C024,,,,,,
260801C025,,,,,,
260801C026,,,,,,
260801C027,,,,,,
260801C028,,,,,,
260801C029,,,,,,
260801C030,,,,,,
260801C031,,,,,,
260801C174,,,,,,
260801C175,,,,,,
260801C232,,,,,,
260801C259,,,,,,
260801D059,,,,,,
260801D079,,,,,,
260801D080,,,,,,
260801D081,,,,,,
260801D082,,,,,,
260801D104,,,,,,
260801D108,,,,,,
260801D112,,,,,,
260802D054,,,,,,
260802C014,,,,,,
260802C015,,,,,,
260802D053,,,,,,
260802C022,,,,,,
260802C017,,,,,,
260802D094,,,,,,
260802D050,,,,,,
260802C016,,,,,,
260802C012,,,,,,
260802D052,,,,,,
260802D077,,,,,,
260802C018,,,,,,
260802D085,,,,,,
260802C020,,,,,,
260802C019,,,,,,
260802C013,,,,,,
260803C050,,,,,,
260803C051,,,,,,
260803C052,,,,,,
260803C053,,,,,,
260803C054,,,,,,
260803C055,,,,,,
260803C056,,,,,,
260803C057,,,,,,
260803C058,,,,,,
260803C059,,,,,,
260803C060,,,,,,
260803C061,,,,,,
260803C063,,,,,,
260803C064,,,,,,
260803C065,,,,,,
260803C068,,,,,,
260803C069,,,,,,
260803D092,,,,,,
260803D093,,,,,,
260803D094,,,,,,
260803D095,,,,,,
260803D096,,,,,,
260803D110,,,,,,
260803D111,,,,,,
260803D114,,,,,,
260803D115,,,,,,
260803D116,,,,,,
260803D117,,,,,,
260803D118,,,,,,
260803D139,,,,,,
260804C018,,,,,,
260804D077,,,,,,
260804C016,,,,,,
260804C011,,,,,,
260804C009,,,,,,
260804C278,,,,,,
260804C015,,,,,,
260804C006,,,,,,
260804D078,,,,,,
260804D079,,,,,,
260804C280,,,,,,
260804C012,,,,,,
260804C017,,,,,,
260804D075,,,,,,
260804C008,,,,,,
260804C013,,,,,,
260804D076,,,,,,
260804C014,,,,,,
260804C003,,,,,,
260804C007,,,,,,
260804D132,,,,,,
260804D111,,,,,,
260804C005,,,,,,
260804C019,,,,,,
260804C010,,,,,,
260804C004,,,,,,
260805C016,,,,,,
260805C003,,,,,,
260805C002,,,,,,
260805C013,,,,,,
260805D070,,,,,,
260805C007,,,,,,
260805D127,,,,,,
260805D071,,,,,,
260805C010,,,,,,
260805C011,,,,,,
260805D115,,,,,,
260805C012,,,,,,
260805C005,,,,,,
260805D124,,,,,,
260805C265,,,,,,
260805D067,,,,,,
260805C008,,,,,,
260805C004,,,,,,
260805C009,,,,,,
260805D123,,,,,,
260805C015,,,,,,
260805D161,,,,,,
260805D069,,,,,,
260805D068,,,,,,
260805C006,,,,,,
260805D114,,,,,,
260806C001,,,,,,
260806C002,,,,,,
260806C003,,,,,,
260806C004,,,,,,
260806C005,,,,,,
260806C006,,,,,,
260806C007,,,,,,
260806C008,,,,,,
260806C009,,,,,,
260806C010,,,,,,
260806C011,,,,,,
260806C012,,,,,,
260806C013,,,,,,
260806C014,,,,,,
260806C015,,,,,,
260806C201,,,,,,
260806C244,,,,,,
260806D020,,,,,,
260806D076,,,,,,
260806D077,,,,,,
260806D078,,,,,,
260806D080,,,,,,
260806D121,,,,,,
260806D140,,,,,,
260806D141,,,,,,
260806D152,,,,,,
260806C015,,,,,,
260806D020,,,,,,
260806D152,,,,,,
260806C201,,,,,,
260806C008,,,,,,
260806C012,,,,,,
260806C009,,,,,,
260807C006,,,,,,
260807C002,,,,,,
260807C005,,,,,,
260807D086,,,,,,
260807C017,,,,,,
260807D089,,,,,,
260807C007,,,,,,
260807C010,,,,,,
260807D130,,,,,,
260807D156,,,,,,
260807C001,,,,,,
260807C003,,,,,,
260807D131,,,,,,
260807D087,,,,,,
260807C009,,,,,,
260807D170,,,,,,
260807D133,,,,,,
260807C011,,,,,,
260807C016,,,,,,
260807D159,,,,,,
260807D121,,,,,,
260807C004,,,,,,
260807D088,,,,,,
260808C002,,,,,,
260808C003,,,,,,
260808C004,,,,,,
260808C005,,,,,,
260808C006,,,,,,
260808C007,,,,,,
260808C008,,,,,,
260808C009,,,,,,
260808C010,,,,,,
260808C011,,,,,,
260808C012,,,,,,
260808C015,,,,,,
260808C016,,,,,,
260808D064,,,,,,
260808D065,,,,,,
260808D067,,,,,,
260808D111,,,,,,
260808D124,,,,,,
260809C001,,,,,,
260809C002,,,,,,
260809C003,,,,,,
260809C004,,,,,,
260809C005,,,,,,
260809C006,,,,,,
260809D054,,,,,,
260809D055,,,,,,
260809D057,,,,,,
260809D058,,,,,,
260809C011,,,,,,
260809D088,,,,,,
260809D097,,,,,,
260810C012,,,,,,
260810C005,,,,,,
260810C011,,,,,,
260810C023,,,,,,
260810D113,,,,,,
260810C006,,,,,,
260810C013,,,,,,
260810C014,,,,,,
260810C010,,,,,,
260810D118,,,,,,
260810D090,,,,,,
260810C007,,,,,,
260810D114,,,,,,
260810C009,,,,,,
260810D093,,,,,,
260810D136,,,,,,
260810D089,,,,,,
260810C024,,,,,,
260810C008,,,,,,
260810D091,,,,,,
260811C006,,,,,,
260811D073,,,,,,
260811C008,,,,,,
260811C010,,,,,,
260811D110,,,,,,
260811C017,,,,,,
260811D075,,,,,,
260811D109,,,,,,
260811C009,,,,,,
260811C004,,,,,,
260811D114,,,,,,
260811D072,,,,,,
260811C003,,,,,,
260811C005,,,,,,
260811C011,,,,,,
260811D074,,,,,,
260811C002,,,,,,
260811C168,,,,,,
260811D111,,,,,,
260811D113,,,,,,
260811C018,,,,,,
260811D071,,,,,,
260811C007,,,,,,
260812C001,,,,,,
260812C002,,,,,,
260812C003,,,,,,
260812C004,,,,,,
260812C005,,,,,,
260812C006,,,,,,
260812D065,,,,,,
260812D068,,,,,,
260812D069,,,,,,
260812C014,,,,,,
260812C015,,,,,,
260812D094,,,,,,
260812D146,,,,,,
260812D087,,,,,,
260812D105,,,,,,
260812D133,,,,,,
260812D145,,,,,,
260812D151,,,,,,
260812D161,,,,,,
260812D067,,,,,,
260812D066,,,,,,
260813C001,,,,,,
260813D124,,,,,,
260813C003,,,,,,
260813C008,,,,,,
260813D122,,,,,,
260813D120,,,,,,
260813C011,,,,,,
260813D077,,,,,,
260813D074,,,,,,
260813C010,,,,,,
260813C006,,,,,,
260813D121,,,,,,
260813C004,,,,,,
260813C007,,,,,,
260813D073,,,,,,
260813C015,,,,,,
260813C002,,,,,,
260813C014,,,,,,
260813D155,,,,,,
260813D123,,,,,,
260813D076,,,,,,
260813C009,,,,,,
260813C005,,,,,,
260813D075,,,,,,
260814C007,,,,,,
260814C255,,,,,,
260814D084,,,,,,
260814C009,,,,,,
260814C005,,,,,,
260814C017,,,,,,
260814D082,,,,,,
260814C014,,,,,,
260814C011,,,,,,
260814D085,,,,,,
260814C164,,,,,,
260814D117,,,,,,
260814D114,,,,,,
260814C006,,,,,,
260814C004,,,,,,
260814D083,,,,,,
260814D086,,,,,,
260814C008,,,,,,
260814C016,,,,,,
260814C012,,,,,,
260814C013,,,,,,
260814C010,,,,,,
260814C015,,,,,,
260814C003,,,,,,
260815C009,,,,,,
260815D076,,,,,,
260815C004,,,,,,
260815C018,,,,,,
260815C011,,,,,,
260815C005,,,,,,
260815C007,,,,,,
260815C228,,,,,,
260815D091,,,,,,
260815C006,,,,,,
260815C008,,,,,,
260815D075,,,,,,
260815D078,,,,,,
260815C017,,,,,,
260815D079,,,,,,
260815D092,,,,,,
260815C010,,,,,,
260816D054,,,,,,
260816C166,,,,,,
260816C008,,,,,,
260816C103,,,,,,
260816C010,,,,,,
260816D058,,,,,,
260816D085,,,,,,
260816C004,,,,,,
260816C187,,,,,,
260816D056,,,,,,
260816D083,,,,,,
260816D055,,,,,,
260816C005,,,,,,
260816D057,,,,,,
260816C002,,,,,,
260816C007,,,,,,
260816C009,,,,,,
260816D090,,,,,,
260816C003,,,,,,
260816C006,,,,,,
260817C008,,,,,,
260817D072,,,,,,
260817C003,,,,,,
260817C016,,,,,,
260817C004,,,,,,
260817C006,,,,,,
260817D074,,,,,,
260817C009,,,,,,
260817D073,,,,,,
260817D075,,,,,,
260817C002,,,,,,
260817D107,,,,,,
260817C015,,,,,,
260817C007,,,,,,
260818D089,,,,,,
260818C030,,,,,,
260818C038,,,,,,
260818C028,,,,,,
260818C043,,,,,,
260818C035,,,,,,
260818C031,,,,,,
260818C034,,,,,,
260818C316,,,,,,
260818C037,,,,,,
260818D087,,,,,,
260818D124,,,,,,
260818C032,,,,,,
260818C029,,,,,,
260818D088,,,,,,
260818C036,,,,,,
260818C033,,,,,,
260818D136,,,,,,
260818D086,,,,,,
260818D143,,,,,,
260818C044,,,,,,
260818C039,,,,,,
260818C042,,,,,,
260819D074,,,,,,
260819D077,,,,,,
260819C024,,,,,,
260819C257,,,,,,
260819C037,,,,,,
260819C026,,,,,,
260819C028,,,,,,
260819C025,,,,,,
260819C023,,,,,,
260819D075,,,,,,
260819C027,,,,,,
260819D073,,,,,,
260819D119,,,,,,
260819C022,,,,,,
260819D125,,,,,,
260819C038,,,,,,
260819D076,,,,,,
260820C005,,,,,,
260820D082,,,,,,
260820C008,,,,,,
260820C002,,,,,,
260820C015,,,,,,
260820C016,,,,,,
260820C009,,,,,,
260820C007,,,,,,
260820C010,,,,,,
260820C006,,,,,,
260820D081,,,,,,
260820C003,,,,,,
260820D083,,,,,,
260820D116,,,,,,
260820C004,,,,,,
260820D135,,,,,,
260820C011,,,,,,
260820D079,,,,,,
260821C004,,,,,,
260821D102,,,,,,
260821C005,,,,,,
260821C008,,,,,,
260821D106,,,,,,
260821C014,,,,,,
260821C009,,,,,,
260821C007,,,,,,
260821C002,,,,,,
260821D067,,,,,,
260821D066,,,,,,
260821C003,,,,,,
260821D071,,,,,,
260821D101,,,,,,
260821D070,,,,,,
260821C015,,,,,,
260821C006,,,,,,
260821D069,,,,,,
260822D073,,,,,,
260822C010,,,,,,
260822C006,,,,,,
260822C007,,,,,,
260822D119,,,,,,
260822D070,,,,,,
260822C005,,,,,,
260822D130,,,,,,
260822C009,,,,,,
260822D112,,,,,,
260822C008,,,,,,
260822C002,,,,,,
260822D074,,,,,,
260822C016,,,,,,
260822C003,,,,,,
260822C015,,,,,,
260822C004,,,,,,
260822D071,,,,,,
260823C005,,,,,,
260823C004,,,,,,
260823D079,,,,,,
260823D061,,,,,,
260823D065,,,,,,
260823C003,,,,,,
260823C006,,,,,,
260823D078,,,,,,
260823D063,,,,,,
260823C010,,,,,,
260823D064,,,,,,
260823D062,,,,,,
260823C001,,,,,,
260823C206,,,,,,
260823C002,,,,,,
260824C008,,,,,,
260824D113,,,,,,
260824C002,,,,,,
260824C010,,,,,,
260824D097,,,,,,
260824C015,,,,,,
260824D099,,,,,,
260824C005,,,,,,
260824C013,,,,,,
260824D096,,,,,,
260824C009,,,,,,
260824C012,,,,,,
260824D098,,,,,,
260824C016,,,,,,
260824C004,,,,,,
260824C003,,,,,,
260824C007,,,,,,
260824D144,,,,,,
260824D133,,,,,,
260824D154,,,,,,
260824C011,,,,,,
260824C006,,,,,,
260825C006,,,,,,
260825C001,,,,,,
260825C003,,,,,,
260825C005,,,,,,
260825C014,,,,,,
260825D072,,,,,,
260825C008,,,,,,
260825C012,,,,,,
260825C010,,,,,,
260825D070,,,,,,
260825C004,,,,,,
260825C002,,,,,,
260825H055,,,,,,
260825C192,,,,,,
260825C009,,,,,,
260825C011,,,,,,
260825D098,,,,,,
260825D099,,,,,,
260825D124,,,,,,
260825D069,,,,,,
260825D068,,,,,,
260825C007,,,,,,
260826C025,,,,,,
260826D082,,,,,,
260826C034,,,,,,
260826D133,,,,,,
260826C031,,,,,,
260826C032,,,,,,
260826D137,,,,,,
260826C040,,,,,,
260826C033,,,,,,
260826C030,,,,,,
260826C027,,,,,,
260826D080,,,,,,
260826H016,,,,,,
260826D078,,,,,,
260826C029,,,,,,
260826D132,,,,,,
260826D109,,,,,,
260826C028,,,,,,
260826C026,,,,,,
260826C035,,,,,,
260826D166,,,,,,
260826D167,,,,,,
260826D152,,,,,,
260826C039,,,,,,
260826D081,,,,,,
260826D079,,,,,,
260827C026,,,,,,
260827C020,,,,,,
260827D134,,,,,,
260827C019,,,,,,
260827C024,,,,,,
260827D080,,,,,,
260827D143,,,,,,
260827C023,,,,,,
260827C028,,,,,,
260827D081,,,,,,
260827D182,,,,,,
260827D083,,,,,,
260827C027,,,,,,
260827C022,,,,,,
260827C032,,,,,,
260827C021,,,,,,
260827D142,,,,,,
260827C033,,,,,,
260826D179,,,,,,
260827D156,,,,,,
260827D084,,,,,,
260827D082,,,,,,
260827C025,,,,,,
260828C008,,,,,,
260828C002,,,,,,
260828C005,,,,,,
260828D124,,,,,,
260828C006,,,,,,
260828D071,,,,,,
260828C010,,,,,,
260828D073,,,,,,
260828D075,,,,,,
260828D074,,,,,,
260828D122,,,,,,
260828H014,,,,,,
260828C016,,,,,,
260828C004,,,,,,
260828D072,,,,,,
260828C011,,,,,,
260828C233,,,,,,
260828C015,,,,,,
260828C003,,,,,,
260828C009,,,,,,
260829C004,,,,,,
260829C007,,,,,,
260829C011,,,,,,
260829D082,,,,,,
260829D126,,,,,,
260829C015,,,,,,
260829D080,,,,,,
260829C008,,,,,,
260829C010,,,,,,
260829C270,,,,,,
260829D081,,,,,,
260829D078,,,,,,
260829C001,,,,,,
260829C006,,,,,,
260829D079,,,,,,
260829C002,,,,,,
260829C003,,,,,,
260905D001,,,,,,
260829C012,,,,,,
260829C014,,,,,,
260829C013,,,,,,
260829D128,,,,,,
260829C005,,,,,,
260829D130,,,,,,
260829D125,,,,,,
260830D051,,,,,,
260830C004,,,,,,
260830C007,,,,,,
260830D092,,,,,,
260830D052,,,,,,
260830D091,,,,,,
260830C005,,,,,,
260830C207,,,,,,
260830C009,,,,,,
260830D053,,,,,,
260830D054,,,,,,
260830D055,,,,,,
260830C003,,,,,,
260830C012,,,,,,
260830C002,,,,,,
260830C006,,,,,,
260830C010,,,,,,
260830D099,,,,,,
260830C008,,,,,,
260831C004,,,,,,
260831C005,,,,,,
260831C006,,,,,,
260831C007,,,,,,
260831C008,,,,,,
260831C009,,,,,,
260831C010,,,,,,
260831C011,,,,,,
260831C012,,,,,,
260831C013,,,,,,
260831C014,,,,,,
260831C015,,,,,,
260831C016,,,,,,
260831C017,,,,,,
260831C018,,,,,,
260831D099,,,,,,
260831D100,,,,,,
260831D101,,,,,,
260831D103,,,,,,
260831C022,,,,,,
260831C023,,,,,,
260831D128,,,,,,
260831D139,,,,,,
260831D137,,,,,,
260831D134,,,,,,
260831C019,,,,,,
260831D129,,,,,,
260901D086,,,,,,
260901C061,,,,,,
260901C058,,,,,,
260901C059,,,,,,
260901D113,,,,,,
260901C076,,,,,,
260901D088,,,,,,
260901C056,,,,,,
260901C060,,,,,,
260901D085,,,,,,
260901D108,,,,,,
260901D087,,,,,,
260901C063,,,,,,
260901D110,,,,,,
260901D111,,,,,,
260901C057,,,,,,
260901D137,,,,,,
260901D134,,,,,,
260901C075,,,,,,
260901D133,,,,,,
260901C062,,,,,,
260901D109,,,,,,
260901C193,,,,,,
260902D075,,,,,,
260902D118,,,,,,
260902D133,,,,,,
260902C013,,,,,,
260902C007,,,,,,
260902D129,,,,,,
260902C020,,,,,,
260902C014,,,,,,
260902D078,,,,,,
260902C012,,,,,,
260902C009,,,,,,
260902D134,,,,,,
260902D077,,,,,,
260902C010,,,,,,
260902C017,,,,,,
260902D132,,,,,,
260902D074,,,,,,
260902D076,,,,,,
260902C018,,,,,,
260902C008,,,,,,
260902D149,,,,,,
260902C019,,,,,,
260902C016,,,,,,
260902C021,,,,,,
260902C011,,,,,,
260902C015,,,,,,
260903C005,,,,,,
260903C003,,,,,,
260903D085,,,,,,
260903C009,,,,,,
260903C010,,,,,,
260903C016,,,,,,
260903C006,,,,,,
260903C014,,,,,,
260903C221,,,,,,
260903C012,,,,,,
260903C181,,,,,,
260903D149,,,,,,
260903D087,,,,,,
260903D084,,,,,,
260903C013,,,,,,
260903C008,,,,,,
260903D150,,,,,,
260903C007,,,,,,
260903D086,,,,,,
260903D088,,,,,,
260903D151,,,,,,
260902D187,,,,,,
260903D156,,,,,,
260903C017,,,,,,
260903C011,,,,,,
260903C004,,,,,,
260904C007,,,,,,
260904C004,,,,,,
260904D075,,,,,,
260904D126,,,,,,
260904C017,,,,,,
260904C016,,,,,,
260904C005,,,,,,
260904D074,,,,,,
260904C011,,,,,,
260904D175,,,,,,
260904D071,,,,,,
260906D112,,,,,,
260904C006,,,,,,
260904C009,,,,,,
260904D076,,,,,,
260904D123,,,,,,
260904C010,,,,,,
260904C003,,,,,,
260904C012,,,,,,
260904C013,,,,,,
260904D077,,,,,,
260904D160,,,,,,
260904C008,,,,,,
260905C010,,,,,,
260905C009,,,,,,
260905D072,,,,,,
260905C014,,,,,,
260905D148,,,,,,
260905D070,,,,,,
260905C012,,,,,,
260905C251,,,,,,
260905C015,,,,,,
260905C006,,,,,,
260905H015,,,,,,
260905C007,,,,,,
260905C011,,,,,,
260905D073,,,,,,
260905D071,,,,,,
260905C013,,,,,,
260905C017,,,,,,
260905C018,,,,,,
260905C005,,,,,,
260905C008,,,,,,
260906D055,,,,,,
260906D052,,,,,,
260906D114,,,,,,
260906D053,,,,,,
260906C009,,,,,,
260906C007,,,,,,
260906D071,,,,,,
260906C004,,,,,,
260906D054,,,,,,
260906C011,,,,,,
260906C150,,,,,,
260906D074,,,,,,
260906C181,,,,,,
260906C010,,,,,,
260906C005,,,,,,
260906D077,,,,,,
260906C008,,,,,,
260906D093,,,,,,
260906C014,,,,,,
260906D051,,,,,,
260906C006,,,,,,
260907D111,,,,,,
260907D150,,,,,,
260907C005,,,,,,
260907C003,,,,,,
260907C004,,,,,,
260907D148,,,,,,
260907C010,,,,,,
260907D141,,,,,,
260907D127,,,,,,
260907C017,,,,,,
260907C013,,,,,,
260907D110,,,,,,
260907C007,,,,,,
260907C016,,,,,,
260907D142,,,,,,
260907D109,,,,,,
260907C008,,,,,,
260907C012,,,,,,
260907D108,,,,,,
260907D112,,,,,,
260907C020,,,,,,
260907C009,,,,,,
260907C006,,,,,,
260907C015,,,,,,
260907D143,,,,,,
260907D147,,,,,,
260907C019,,,,,,
260907C014,,,,,,
260907D146,,,,,,
260908C012,,,,,,
260908C016,,,,,,
260908C005,,,,,,
260907D132,,,,,,
260908C009,,,,,,
260908D086,,,,,,
260908D087,,,,,,
260908C003,,,,,,
260908C010,,,,,,
260908C011,,,,,,
260908D150,,,,,,
260908C007,,,,,,
260908D089,,,,,,
260908D133,,,,,,
260908D090,,,,,,
260908C008,,,,,,
260908C006,,,,,,
260908C015,,,,,,
260908D146,,,,,,
260908D127,,,,,,
260908C013,,,,,,
260908C004,,,,,,
260908C002,,,,,,
260909C004,,,,,,
260909D081,,,,,,
260909C007,,,,,,
260909C215,,,,,,
260909C009,,,,,,
260909D126,,,,,,
260909C015,,,,,,
260909C005,,,,,,
260909C002,,,,,,
260909C010,,,,,,
260909D080,,,,,,
260909D084,,,,,,
260909C001,,,,,,
260909D082,,,,,,
260909H014,,,,,,
260909C003,,,,,,
260909C008,,,,,,
260909C013,,,,,,
260909C014,,,,,,
260909D083,,,,,,
260909D153,,,,,,
260909C126,,,,,,
260909D131,,,,,,
260909C011,,,,,,
260909C006,,,,,,
260910C012,,,,,,
260910C005,,,,,,
260910C002,,,,,,
260910C008,,,,,,
260910D135,,,,,,
260910C015,,,,,,
260910D078,,,,,,
260910D178,,,,,,
260910D130,,,,,,
260910D080,,,,,,
260910C007,,,,,,
260910C011,,,,,,
260910C206,,,,,,
260910C003,,,,,,
260910D081,,,,,,
260910D082,,,,,,
260910C009,,,,,,
260910C013,,,,,,
260910C004,,,,,,
260910D134,,,,,,
260910D133,,,,,,
260910D127,,,,,,
260910C215,,,,,,
260910C213,,,,,,
260910C016,,,,,,
260910D197,,,,,,
260910D079,,,,,,
260910D132,,,,,,
260910C006,,,,,,
260910C010,,,,,,
260911C003,,,,,,
260911C004,,,,,,
260911C005,,,,,,
260911C006,,,,,,
260911C007,,,,,,
260911C008,,,,,,
260911C009,,,,,,
260911C010,,,,,,
260911C011,,,,,,
260911D044,,,,,,
260911D045,,,,,,
260911D046,,,,,,
260911D048,,,,,,
260911C016,,,,,,
260911C017,,,,,,
260911D142,,,,,,
260911D139,,,,,,
260911D138,,,,,,
260911H066,,,,,,
260912C001,,,,,,
260912C002,,,,,,
260912C003,,,,,,
260912C004,,,,,,
260912C005,,,,,,
260912C006,,,,,,
260912C007,,,,,,
260912C008,,,,,,
260912C009,,,,,,
260912C010,,,,,,
260912C011,,,,,,
260912C012,,,,,,
260912C013,,,,,,
260912C014,,,,,,
260912C015,,,,,,
260912D074,,,,,,
260912D075,,,,,,
260912D076,,,,,,
260912D078,,,,,,
260912D106,,,,,,
260912D136,,,,,,
260912H055,,,,,,
260913C002,,,,,,
260913C003,,,,,,
260913C004,,,,,,
260913C005,,,,,,
260913C006,,,,,,
260913D054,,,,,,
260913D055,,,,,,
260913D056,,,,,,
260913D057,,,,,,
260913C151,,,,,,
260913C164,,,,,,
260913C011,,,,,,
260913C007,,,,,,
260913D082,,,,,,
260913D084,,,,,,
260914C019,,,,,,
260914C020,,,,,,
260914C021,,,,,,
260914C022,,,,,,
260914C023,,,,,,
260914C024,,,,,,
260914C025,,,,,,
260914C026,,,,,,
260914C027,,,,,,
260914C028,,,,,,
260914C029,,,,,,
260914C030,,,,,,
260914D109,,,,,,
260914D110,,,,,,
260914D111,,,,,,
260914D112,,,,,,
260914C036,,,,,,
260914C037,,,,,,
260914C235,,,,,,
260914D124,,,,,,
260914D123,,,,,,
260914D144,,,,,,
260914D129,,,,,,
260914D143,,,,,,
260914D127,,,,,,
260914D125,,,,,,
260914D128,,,,,,
260914D131,,,,,,
260914D132,,,,,,
260915C002,,,,,,
260915C003,,,,,,
260915C004,,,,,,
260915C005,,,,,,
260915C006,,,,,,
260915C007,,,,,,
260915C008,,,,,,
260915C009,,,,,,
260915C010,,,,,,
260915C011,,,,,,
260915C012,,,,,,
260915C013,,,,,,
260915C015,,,,,,
260915C016,,,,,,
260915C017,,,,,,
260915C018,,,,,,
260915C221,,,,,,
260915C255,,,,,,
260915D081,,,,,,
260915D082,,,,,,
260915D084,,,,,,
260915D127,,,,,,
260915D132,,,,,,
260915D133,,,,,,
260915D141,,,,,,
260915D144,,,,,,
260915D147,,,,,,
260915D148,,,,,,
260916C006,,,,,,
260916C007,,,,,,
260916C008,,,,,,
260916C009,,,,,,
260916C010,,,,,,
260916C011,,,,,,
260916C012,,,,,,
260916C013,,,,,,
260916C014,,,,,,
260916C015,,,,,,
260916C016,,,,,,
260916C021,,,,,,
260916D073,,,,,,
260916D074,,,,,,
260916D075,,,,,,
260916D076,,,,,,
260916D076,,,,,,
260916D077,,,,,,
260916D123,,,,,,
260916D137,,,,,,
260916D138,,,,,,
260916D153,,,,,,
260916D159,,,,,,
260916D171,,,,,,
260916D173,,,,,,
260916D173,,,,,,
260916D181,,,,,,
260916H065,,,,,,
260917C007,,,,,,
260917C008,,,,,,
260917C009,,,,,,
260917C010,,,,,,
260917C011,,,,,,
260917C012,,,,,,
260917C013,,,,,,
260917C014,,,,,,
260917C015,,,,,,
260917C018,,,,,,
260917C021,,,,,,
260917C022,,,,,,
260917D071,,,,,,
260917D072,,,,,,
260917D073,,,,,,
260917D074,,,,,,
260917D075,,,,,,
260917D139,,,,,,
260917D145,,,,,,
260917D147,,,,,,
260917D148,,,,,,
260917D149,,,,,,
260917D154,,,,,,
260917D158,,,,,,
260918C003,,,,,,
260918C004,,,,,,
260918C005,,,,,,
260918C006,,,,,,
260918C007,,,,,,
260918C008,,,,,,
260918C009,,,,,,
260918D080,,,,,,
260918D079,,,,,,
260918D081,,,,,,
260918D082,,,,,,
260918D083,,,,,,
260918C002,,,,,,
260918C010,,,,,,
260918C015,,,,,,
260918C016,,,,,,
260918D105,,,,,,
260918D112,,,,,,
260918D113,,,,,,
260918D163,,,,,,
260918D114,,,,,,
260918C248,,,,,,
260918D107,,,,,,
260919C003,,,,,,
260919C004,,,,,,
260919C005,,,,,,
260919C006,,,,,,
260919C007,,,,,,
260919C008,,,,,,
260919C009,,,,,,
260919C010,,,,,,
260919C011,,,,,,
260919C013,,,,,,
260919C016,,,,,,
260919C017,,,,,,
260919D077,,,,,,
260919D078,,,,,,
260919D080,,,,,,
260919D081,,,,,,
260919D128,,,,,,
260919D135,,,,,,
260920C008,,,,,,
260920D050,,,,,,
260920D087,,,,,,
260920D059,,,,,,
260920C100,,,,,,
260920C007,,,,,,
260920C010,,,,,,
260920C012,,,,,,
260920D058,,,,,,
260920D048,,,,,,
260920D049,,,,,,
260920H052,,,,,,
260920D086,,,,,,
260920C006,,,,,,
260920C014,,,,,,
260920C004,,,,,,
260920D085,,,,,,
260920D051,,,,,,
260920D047,,,,,,
260921C003,,,,,,
260921C004,,,,,,
260921C005,,,,,,
260921C006,,,,,,
260921C007,,,,,,
260921C008,,,,,,
260921C009,,,,,,
260921C010,,,,,,
260921C011,,,,,,
260921C012,,,,,,
260921C013,,,,,,
260921C014,,,,,,
260921C015,,,,,,
260921D094,,,,,,
260921D098,,,,,,
260921D095,,,,,,
260921D097,,,,,,
260921C016,,,,,,
260921C020,,,,,,
260921C021,,,,,,
260921D127,,,,,,
260921D128,,,,,,
260921D126,,,,,,
260920D100,,,,,,
260922C002,,,,,,
260922C004,,,,,,
260922C005,,,,,,
260922C006,,,,,,
260922C007,,,,,,
260922C008,,,,,,
260922C009,,,,,,
260922C010,,,,,,
260922C011,,,,,,
260922D079,,,,,,
260922D154,,,,,,
260922C016,,,,,,
260922C017,,,,,,
260922D130,,,,,,
260922C257,,,,,,
260922C012,,,,,,
260922D078,,,,,,
260922C003,,,,,,
260922D080,,,,,,
260923C002,,,,,,
260923C003,,,,,,
260923C004,,,,,,
260923C005,,,,,,
260923C006,,,,,,
260923C007,,,,,,
260923C008,,,,,,
260923C009,,,,,,
260923C010,,,,,,
260923C015,,,,,,
260923C016,,,,,,
260923D045,,,,,,
260923D046,,,,,,
260923D047,,,,,,
260923D070,,,,,,
260923D071,,,,,,
260923D110,,,,,,
260923D112,,,,,,
260923D115,,,,,,
260923D118,,,,,,
260923D138,,,,,,
260923D149,,,,,,
260923D190,,,,,,
260924C003,,,,,,
260924C004,,,,,,
260924C005,,,,,,
260924C006,,,,,,
260924C007,,,,,,
260924C008,,,,,,
260924C009,,,,,,
260924C010,,,,,,
260924C011,,,,,,
260924C012,,,,,,
260924C017,,,,,,
260924C018,,,,,,
260924D060,,,,,,
260924D061,,,,,,
260924D062,,,,,,
260924D063,,,,,,
260924D064,,,,,,
260924D108,,,,,,
260924D109,,,,,,
260924D118,,,,,,
260924D159,,,,,,
260925C001,,,,,,
260925C002,,,,,,
260925C003,,,,,,
260925C004,,,,,,
260925C005,,,,,,
260925C006,,,,,,
260925C007,,,,,,
260925C008,,,,,,
260925C009,,,,,,
260925C010,,,,,,
260925C014,,,,,,
260925C015,,,,,,
260925D076,,,,,,
260925D078,,,,,,
260925D079,,,,,,
260925D080,,,,,,
260925D125,,,,,,
260925D173,,,,,,
260925H068,,,,,,
260926C005,,,,,,
260926D052,,,,,,
260926C229,,,,,,
260926D055,,,,,,
260926C015,,,,,,
260926D116,,,,,,
260926D117,,,,,,
260926C010,,,,,,
260926C011,,,,,,
260926H024,,,,,,
260926D056,,,,,,
260926C009,,,,,,
260926C002,,,,,,
260926C006,,,,,,
260926H075,,,,,,
260926C224,,,,,,
260926C008,,,,,,
260926C007,,,,,,
260926D140,,,,,,
260926C004,,,,,,
260926C003,,,,,,
260926D054,,,,,,
260927C001,,,,,,
260927C002,,,,,,
260927C003,,,,,,
260927C004,,,,,,
260927C005,,,,,,
260927C006,,,,,,
260927C007,,,,,,
260927C008,,,,,,
260927C010,,,,,,
260927D051,,,,,,
260927D052,,,,,,
260927D053,,,,,,
260927D055,,,,,,
260927D077,,,,,,
260927D080,,,,,,
260927D088,,,,,,
260927D089,,,,,,
